fips,usdm_current_category,usdm_current_score,usdm_pct_d0_plus,usdm_pct_d2_plus,drought_frequency_score,usdm_peak_drought_d3d4_pct,usdm_as_of
01001,D2,60.1,190.8,19.0,,,20260929
01003,D1,32.2,130.5,0.0,,,20260929
01005,D0,20.0,100.0,0.0,,,20260929
01007,D2,113.3,286.9,86.9,,,20260929
01009,D0,20.0,100.0,0.0,,,20260929
01011,D0,12.5,62.7,0.0,,,20260929
01013,D2,110.2,281.5,81.5,,,20260929
01015,D0,19.8,98.8,0.0,,,20260929
01017,D0,21.0,102.5,0.0,,,20260929
01019,D1,47.8,169.4,0.0,,,20260929
01021,D2,86.0,243.4,43.4,,,20260929
01023,D1,37.4,143.6,0.0,,,20260929
01025,D1,60.4,200.7,0.7,,,20260929
01027,D0,12.1,60.4,0.0,,,20260929
01029,D0,8.0,39.8,0.0,,,20260929
01031,D2,76.9,228.2,28.2,,,20260929
01033,D1,60.0,200.0,0.0,,,20260929
01035,D2,120.0,300.0,100.0,,,20260929
01037,D1,49.6,174.0,0.0,,,20260929
01039,D2,85.1,238.6,48.4,,,20260929
01041,D2,82.1,236.8,36.8,,,20260929
01043,D0,20.0,100.0,0.0,,,20260929
01045,D1,37.1,142.7,0.0,,,20260929
01047,D3,100.8,256.6,72.5,,,20260929
01049,D1,41.2,153.1,0.0,,,20260929
01051,D1,37.4,135.9,0.0,,,20260929
01053,D2,95.6,258.7,60.4,,,20260929
01055,D0,20.0,100.0,0.0,,,20260929
01057,D1,49.1,172.8,0.0,,,20260929
01059,D1,59.8,199.4,0.0,,,20260929
01061,D1,60.0,200.0,0.0,,,20260929
01063,D2,92.4,253.7,53.7,,,20260929
01065,D3,154.0,342.4,142.4,,,20260929
01067,D0,20.0,100.0,0.0,,,20260929
01069,D1,25.5,113.8,0.0,,,20260929
01071,D2,57.8,189.0,11.1,,,20260929
01073,D0,22.6,106.6,0.0,,,20260929
01075,D1,58.2,195.6,0.0,,,20260929
01077,D2,70.2,217.0,17.0,,,20260929
01079,D1,38.4,146.1,0.0,,,20260929
01081,D0,17.1,85.7,0.0,,,20260929
01083,D2,69.3,208.1,30.4,,,20260929
01085,D1,46.4,165.3,1.6,,,20260929
01087,None,0.2,1.0,0.0,,,20260929
01089,D2,64.3,193.4,34.8,,,20260929
01091,D2,83.6,238.5,40.0,,,20260929
01093,D1,55.9,189.8,0.0,,,20260929
01095,D0,20.0,100.0,0.0,,,20260929
01097,D1,59.7,199.3,0.0,,,20260929
01099,D2,91.7,251.2,51.2,,,20260929
01101,D1,24.8,107.1,0.0,,,20260929
01103,D0,20.0,100.0,0.0,,,20260929
01105,D3,133.2,316.4,116.4,,,20260929
01107,D1,59.8,199.5,0.0,,,20260929
01109,D1,44.4,161.0,0.1,,,20260929
01111,D1,14.5,61.5,0.0,,,20260929
01113,D0,17.2,86.2,0.0,,,20260929
01115,D0,20.0,100.0,0.0,,,20260929
01117,D1,39.9,149.8,0.0,,,20260929
01119,D1,34.2,132.5,6.0,,,20260929
01121,D0,22.2,105.4,0.0,,,20260929
01123,D0,6.3,31.6,0.0,,,20260929
01125,D2,72.2,216.5,25.4,,,20260929
01127,D0,20.0,100.0,0.0,,,20260929
01129,D1,60.0,200.0,0.0,,,20260929
01131,D3,163.5,354.1,154.1,,,20260929
01133,D0,20.6,101.5,0.0,,,20260929
02013,None,0.0,0.0,0.0,,,20260929
02016,None,0.0,0.0,0.0,,,20260929
02020,None,0.0,0.0,0.0,,,20260929
02050,None,0.0,0.0,0.0,,,20260929
02060,None,0.0,0.0,0.0,,,20260929
02063,None,0.0,0.0,0.0,,,20260929
02066,None,0.0,0.0,0.0,,,20260929
02068,None,0.0,0.0,0.0,,,20260929
02070,None,0.0,0.0,0.0,,,20260929
02090,None,0.0,0.0,0.0,,,20260929
02100,D0,12.6,63.2,0.0,,,20260929
02105,D0,7.7,38.3,0.0,,,20260929
02110,D0,20.0,100.0,0.0,,,20260929
02122,None,0.0,0.0,0.0,,,20260929
02130,D0,20.0,100.0,0.0,,,20260929
02150,None,0.0,0.0,0.0,,,20260929
02158,None,0.0,0.0,0.0,,,20260929
02164,None,0.0,0.0,0.0,,,20260929
02170,None,0.0,0.0,0.0,,,20260929
02180,None,0.0,0.0,0.0,,,20260929
02185,None,0.0,0.0,0.0,,,20260929
02188,None,0.0,0.0,0.0,,,20260929
02195,D0,20.0,100.0,0.0,,,20260929
02198,D0,20.0,99.9,0.0,,,20260929
02220,D0,2.0,10.0,0.0,,,20260929
02230,D0,20.0,100.0,0.0,,,20260929
02240,D1,13.4,49.7,0.0,,,20260929
02275,D0,20.0,100.0,0.0,,,20260929
02282,None,0.0,0.0,0.0,,,20260929
02290,None,0.0,0.0,0.0,,,20260929
04001,D2,74.7,224.4,24.6,,,20260929
04003,None,1.7,8.4,0.0,,,20260929
04005,D2,61.6,190.4,27.1,,,20260929
04007,D1,27.8,119.5,0.0,,,20260929
04009,D2,47.4,152.4,13.8,,,20260929
04011,D2,77.7,228.2,32.4,,,20260929
04012,D1,60.2,200.3,0.3,,,20260929
04013,D3,115.3,279.6,96.6,,,20260929
04015,D2,73.1,220.6,24.1,,,20260929
04017,D2,63.1,189.2,37.2,,,20260929
04019,D2,49.8,139.7,33.1,,,20260929
04021,D2,47.9,159.6,16.6,,,20260929
04023,None,1.0,5.0,0.0,,,20260929
04025,D1,33.1,128.7,8.2,,,20260929
04027,D1,60.4,200.7,0.7,,,20260929
05001,D3,191.7,389.7,189.7,,,20260929
05003,D3,154.5,343.1,143.1,,,20260929
05005,D2,84.8,241.3,41.3,,,20260929
05007,D4,243.4,443.4,243.4,,,20260929
05009,D2,120.8,300.7,100.7,,,20260929
05011,D3,180.3,375.3,175.3,,,20260929
05013,D2,120.0,300.0,100.0,,,20260929
05015,D3,190.9,388.6,188.6,,,20260929
05017,D4,189.2,382.0,182.0,,,20260929
05019,D2,120.0,300.0,100.0,,,20260929
05021,D2,116.1,293.5,93.5,,,20260929
05023,D2,62.7,199.3,15.2,,,20260929
05025,D3,130.8,313.5,113.5,,,20260929
05027,D3,140.2,325.2,125.2,,,20260929
05029,D3,114.3,272.7,93.3,,,20260929
05031,D3,148.6,335.8,135.8,,,20260929
05033,D4,222.4,422.4,222.4,,,20260929
05035,D3,168.5,360.7,160.7,,,20260929
05037,D3,167.2,359.0,159.0,,,20260929
05039,D2,120.0,300.0,100.0,,,20260929
05041,D4,222.2,419.6,219.6,,,20260929
05043,D4,211.3,410.3,210.3,,,20260929
05045,D3,148.6,329.7,132.4,,,20260929
05047,D3,200.0,400.0,200.0,,,20260929
05049,D4,168.7,356.3,156.3,,,20260929
05051,D2,115.9,293.1,93.1,,,20260929
05053,D2,104.3,273.8,73.8,,,20260929
05055,D3,163.6,354.5,154.5,,,20260929
05057,D2,120.0,300.0,100.0,,,20260929
05059,D2,89.9,249.8,49.8,,,20260929
05061,D3,135.4,319.2,119.2,,,20260929
05063,D3,192.8,391.0,191.0,,,20260929
05065,D3,135.0,314.1,114.1,,,20260929
05067,D3,158.0,347.5,147.5,,,20260929
05069,D3,133.7,317.1,117.1,,,20260929
05071,D3,149.9,327.7,137.8,,,20260929
05073,D2,120.0,300.0,100.0,,,20260929
05075,D3,158.7,348.3,148.3,,,20260929
05077,D2,106.1,276.9,76.9,,,20260929
05079,D2,120.6,300.7,100.7,,,20260929
05081,D2,115.2,292.0,92.0,,,20260929
05083,D3,200.0,400.0,200.0,,,20260929
05085,D3,200.0,399.9,199.9,,,20260929
05087,D3,183.7,379.2,179.2,,,20260929
05089,D2,91.2,252.1,52.1,,,20260929
05091,D2,109.3,282.2,82.2,,,20260929
05093,D3,189.2,386.5,186.5,,,20260929
05095,D3,174.8,368.4,168.4,,,20260929
05097,D2,120.0,300.0,100.0,,,20260929
05099,D2,120.0,300.0,100.0,,,20260929
05101,D2,54.7,174.9,23.8,,,20260929
05103,D2,121.1,301.3,101.3,,,20260929
05105,D3,168.4,360.6,160.6,,,20260929
05107,D3,141.8,327.2,127.2,,,20260929
05109,D2,120.0,300.0,100.0,,,20260929
05111,D3,163.4,354.2,154.2,,,20260929
05113,D2,122.2,302.7,102.7,,,20260929
05115,D3,101.0,244.7,83.6,,,20260929
05117,D3,200.0,400.0,200.0,,,20260929
05119,D3,142.2,327.7,127.7,,,20260929
05121,D2,120.0,300.0,100.0,,,20260929
05123,D2,93.4,255.6,55.6,,,20260929
05125,D2,107.6,279.4,79.4,,,20260929
05127,D3,153.6,342.0,142.0,,,20260929
05129,D1,49.1,172.8,0.0,,,20260929
05131,D3,203.9,403.9,203.9,,,20260929
05133,D2,120.0,300.0,100.0,,,20260929
05135,D3,185.2,381.0,181.0,,,20260929
05137,D2,66.9,211.2,12.1,,,20260929
05139,D3,158.6,348.3,148.3,,,20260929
05141,D0,21.1,102.7,0.0,,,20260929
05143,D3,199.7,399.5,199.5,,,20260929
05145,D3,169.1,361.0,161.0,,,20260929
05147,D2,123.8,303.3,103.3,,,20260929
05149,D3,191.6,389.5,189.5,,,20260929
06001,None,0.0,0.0,0.0,,,20260929
06003,D0,20.0,100.0,0.0,,,20260929
06005,D0,20.0,100.0,0.0,,,20260929
06007,D0,20.0,100.0,0.0,,,20260929
06009,D0,20.0,100.0,0.0,,,20260929
06011,D0,20.0,100.0,0.0,,,20260929
06013,None,0.0,0.0,0.0,,,20260929
06015,D1,35.5,138.7,0.0,,,20260929
06017,D0,21.3,103.2,0.0,,,20260929
06019,D0,9.6,48.2,0.0,,,20260929
06021,D0,20.0,100.0,0.0,,,20260929
06023,D0,20.5,101.3,0.0,,,20260929
06025,D1,41.8,154.5,0.0,,,20260929
06027,D1,42.3,155.7,0.0,,,20260929
06029,D0,12.7,59.5,0.0,,,20260929
06031,None,0.0,0.0,0.0,,,20260929
06033,D0,19.1,95.3,0.0,,,20260929
06035,D1,43.4,158.5,0.0,,,20260929
06037,None,1.3,6.7,0.0,,,20260929
06039,D0,15.5,77.5,0.0,,,20260929
06041,None,0.0,0.0,0.0,,,20260929
06043,D0,20.0,100.0,0.0,,,20260929
06045,D0,18.3,91.6,0.0,,,20260929
06047,D0,3.9,19.6,0.0,,,20260929
06049,D1,60.0,200.0,0.0,,,20260929
06051,D0,20.0,100.0,0.0,,,20260929
06053,None,0.0,0.0,0.0,,,20260929
06055,D0,5.5,27.2,0.0,,,20260929
06057,D1,24.2,110.4,0.0,,,20260929
06059,None,0.0,0.0,0.0,,,20260929
06061,D1,24.3,110.9,0.0,,,20260929
06063,D0,21.9,104.7,0.0,,,20260929
06065,D1,34.6,124.6,0.0,,,20260929
06067,D0,13.8,69.0,0.0,,,20260929
06069,None,0.0,0.0,0.0,,,20260929
06071,D1,39.0,141.8,0.0,,,20260929
06073,D0,13.1,65.5,0.0,,,20260929
06075,None,0.0,0.0,0.0,,,20260929
06077,D0,2.7,13.6,0.0,,,20260929
06079,None,0.0,0.0,0.0,,,20260929
06081,None,0.0,0.0,0.0,,,20260929
06083,None,0.0,0.0,0.0,,,20260929
06085,None,0.0,0.0,0.0,,,20260929
06087,None,0.0,0.0,0.0,,,20260929
06089,D0,20.5,101.4,0.0,,,20260929
06091,D1,28.8,122.1,0.0,,,20260929
06093,D1,55.9,189.9,0.0,,,20260929
06095,D0,4.0,19.9,0.0,,,20260929
06097,None,0.1,0.7,0.0,,,20260929
06099,D0,6.0,29.9,0.0,,,20260929
06101,D0,20.0,100.0,0.0,,,20260929
06103,D0,20.0,100.0,0.0,,,20260929
06105,D0,22.4,106.1,0.0,,,20260929
06107,D0,15.8,78.8,0.0,,,20260929
06109,D0,20.0,100.0,0.0,,,20260929
06111,None,0.0,0.0,0.0,,,20260929
06113,D0,19.2,96.0,0.0,,,20260929
06115,D0,20.0,100.0,0.0,,,20260929
08001,D3,85.2,213.2,65.8,,,20260929
08003,D4,214.0,414.0,214.0,,,20260929
08005,D2,55.6,144.1,42.6,,,20260929
08007,D1,59.9,199.7,0.1,,,20260929
08009,D2,86.0,241.8,46.4,,,20260929
08011,D1,39.2,148.0,0.0,,,20260929
08013,D4,205.2,402.1,202.1,,,20260929
08014,D4,300.0,500.0,300.0,,,20260929
08015,D4,277.9,477.9,277.9,,,20260929
08017,D0,7.3,32.9,0.0,,,20260929
08019,D3,135.3,319.1,119.1,,,20260929
08021,D3,187.1,383.2,183.2,,,20260929
08023,D4,232.8,432.8,232.8,,,20260929
08025,D1,60.0,200.0,0.0,,,20260929
08027,D3,200.0,400.0,200.0,,,20260929
08029,D3,136.8,316.7,116.7,,,20260929
08031,D2,120.0,300.0,100.0,,,20260929
08033,D2,97.3,260.8,64.7,,,20260929
08035,D3,145.3,329.1,129.1,,,20260929
08037,D4,299.7,499.7,299.7,,,20260929
08039,D1,17.3,55.7,4.7,,,20260929
08041,D4,151.2,323.7,136.3,,,20260929
08043,D3,189.5,386.9,186.9,,,20260929
08045,D3,177.5,370.8,170.8,,,20260929
08047,D3,151.1,338.9,138.9,,,20260929
08049,D4,249.2,448.1,248.1,,,20260929
08051,D4,220.4,419.7,219.7,,,20260929
08053,D2,108.0,276.7,76.7,,,20260929
08055,D4,224.5,424.0,224.0,,,20260929
08057,D3,100.7,264.3,64.3,,,20260929
08059,D3,157.7,346.6,146.6,,,20260929
08061,D1,49.4,170.2,0.0,,,20260929
08063,D1,15.6,60.9,0.0,,,20260929
08065,D4,300.0,500.0,300.0,,,20260929
08067,D1,52.7,178.8,5.9,,,20260929
08069,D3,159.3,349.1,149.1,,,20260929
08071,D3,113.0,272.9,84.5,,,20260929
08073,D1,28.4,95.9,0.0,,,20260929
08075,D1,17.4,76.2,0.0,,,20260929
08077,D3,184.6,380.0,180.0,,,20260929
08079,D3,130.9,306.3,106.3,,,20260929
08081,D2,93.8,254.2,54.2,,,20260929
08083,D2,113.8,289.6,89.8,,,20260929
08085,D2,81.1,234.5,34.5,,,20260929
08087,D1,57.4,193.5,0.0,,,20260929
08089,D1,57.3,191.3,3.9,,,20260929
08091,D1,61.2,202.0,2.0,,,20260929
08093,D4,213.3,408.2,208.2,,,20260929
08095,D1,21.0,83.7,0.0,,,20260929
08097,D4,280.2,480.2,280.2,,,20260929
08099,D1,50.7,176.7,0.0,,,20260929
08101,D3,115.3,283.6,83.5,,,20260929
08103,D3,132.2,315.0,115.0,,,20260929
08105,D3,193.0,390.9,190.9,,,20260929
08107,D4,193.9,385.8,185.8,,,20260929
08109,D4,239.5,439.5,239.5,,,20260929
08111,D1,47.7,167.9,2.8,,,20260929
08113,D2,82.9,238.2,38.2,,,20260929
08115,D1,47.2,160.3,8.7,,,20260929
08117,D4,287.9,487.9,287.9,,,20260929
08119,D3,130.9,313.6,113.6,,,20260929
08121,D0,4.7,22.6,0.0,,,20260929
08123,D3,100.5,253.4,73.2,,,20260929
08125,D0,19.1,85.8,0.0,,,20260929
09110,D0,3.1,15.3,0.0,,,20260929
09120,None,0.0,0.0,0.0,,,20260929
09130,None,0.0,0.0,0.0,,,20260929
09140,None,0.0,0.0,0.0,,,20260929
09150,None,0.0,0.0,0.0,,,20260929
09160,D0,12.4,62.2,0.0,,,20260929
09170,None,0.0,0.0,0.0,,,20260929
09180,None,0.0,0.0,0.0,,,20260929
09190,None,0.0,0.0,0.0,,,20260929
10001,D1,25.8,104.8,0.0,,,20260929
10003,None,0.0,0.0,0.0,,,20260929
10005,D0,8.5,34.2,0.0,,,20260929
11001,D0,20.0,100.0,0.0,,,20260929
12001,D2,71.3,218.4,18.4,,,20260929
12003,D1,35.0,137.4,0.0,,,20260929
12005,D0,6.5,32.4,0.0,,,20260929
12007,D2,74.0,223.4,23.4,,,20260929
12009,D0,8.5,42.6,0.0,,,20260929
12011,D2,35.1,112.2,14.6,,,20260929
12013,D0,20.0,100.0,0.0,,,20260929
12015,D2,47.0,157.7,13.9,,,20260929
12017,D0,20.0,100.0,0.0,,,20260929
12019,D2,66.4,210.7,10.7,,,20260929
12021,D1,33.9,129.8,1.7,,,20260929
12023,D3,70.8,203.3,33.3,,,20260929
12027,D2,82.5,234.3,34.3,,,20260929
12029,D0,20.0,100.0,0.0,,,20260929
12031,D1,57.7,194.2,0.0,,,20260929
12033,D1,26.3,106.2,2.3,,,20260929
12035,D1,45.8,164.3,0.0,,,20260929
12037,D0,3.4,17.2,0.0,,,20260929
12039,D1,33.3,133.2,0.0,,,20260929
12041,D2,71.6,209.9,29.2,,,20260929
12043,D2,61.2,181.9,30.6,,,20260929
12045,D0,18.2,91.0,0.0,,,20260929
12047,D1,30.4,125.9,0.0,,,20260929
12049,D3,126.9,306.4,106.3,,,20260929
12051,D1,43.6,147.1,8.3,,,20260929
12053,D1,32.3,130.7,0.0,,,20260929
12055,D2,80.4,231.7,31.7,,,20260929
12057,D3,116.1,286.4,86.4,,,20260929
12059,D1,59.0,197.5,0.0,,,20260929
12061,D0,15.1,75.2,0.0,,,20260929
12063,D0,23.7,109.2,0.0,,,20260929
12065,D1,48.4,171.0,0.0,,,20260929
12067,D1,45.8,164.4,0.0,,,20260929
12069,D1,56.1,189.3,0.0,,,20260929
12071,D1,26.2,95.2,8.9,,,20260929
12073,D1,54.3,185.7,0.0,,,20260929
12075,D1,27.3,118.3,0.0,,,20260929
12077,D0,12.7,63.7,0.0,,,20260929
12079,D1,33.3,133.2,0.0,,,20260929
12081,D3,139.9,318.4,118.4,,,20260929
12083,D2,59.1,189.7,16.2,,,20260929
12085,D2,47.6,149.3,23.1,,,20260929
12086,D2,85.8,236.3,55.4,,,20260929
12087,D2,77.3,228.3,30.0,,,20260929
12089,D0,23.5,108.8,0.0,,,20260929
12091,D0,20.0,100.0,0.0,,,20260929
12093,D2,61.1,194.4,16.4,,,20260929
12095,D1,32.1,110.2,0.0,,,20260929
12097,D1,39.8,137.2,0.0,,,20260929
12099,D2,45.1,152.9,14.2,,,20260929
12101,D1,52.6,180.2,2.5,,,20260929
12103,D3,131.2,313.9,113.9,,,20260929
12105,D2,72.1,220.2,20.2,,,20260929
12107,D2,79.8,233.0,33.0,,,20260929
12109,D1,60.0,200.0,0.0,,,20260929
12111,D0,6.7,31.8,0.0,,,20260929
12113,D0,18.2,82.7,0.0,,,20260929
12115,D2,92.6,253.6,53.6,,,20260929
12117,None,3.0,10.3,0.0,,,20260929
12119,D1,28.2,120.5,0.0,,,20260929
12121,D1,63.0,203.8,6.1,,,20260929
12123,D1,43.0,157.4,0.0,,,20260929
12125,D1,64.8,207.9,7.9,,,20260929
12127,D1,11.8,42.9,0.0,,,20260929
12129,D1,25.8,114.6,0.0,,,20260929
12131,D0,22.3,101.9,0.0,,,20260929
12133,D0,21.1,97.9,0.0,,,20260929
13001,D1,48.7,171.9,0.0,,,20260929
13003,D0,22.9,107.3,0.0,,,20260929
13005,D1,55.0,187.4,0.0,,,20260929
13007,D1,60.0,200.0,0.0,,,20260929
13009,D2,91.4,247.5,62.2,,,20260929
13011,D0,21.6,103.9,0.0,,,20260929
13013,D0,20.0,100.0,0.0,,,20260929
13015,D1,32.8,132.0,0.0,,,20260929
13017,D0,20.0,100.0,0.0,,,20260929
13019,D1,29.3,123.2,0.0,,,20260929
13021,D1,59.9,199.6,0.5,,,20260929
13023,D1,34.4,136.1,0.0,,,20260929
13025,D1,47.3,168.3,0.0,,,20260929
13027,D1,49.8,174.4,0.0,,,20260929
13029,D0,24.0,110.0,0.0,,,20260929
13031,D1,26.5,116.2,0.0,,,20260929
13033,D0,20.0,100.0,0.0,,,20260929
13035,D2,85.7,237.6,53.3,,,20260929
13037,D1,60.0,200.0,0.0,,,20260929
13039,D0,20.0,100.1,0.0,,,20260929
13043,D0,20.0,100.0,0.0,,,20260929
13045,D0,23.0,107.5,0.0,,,20260929
13047,D1,60.0,200.0,0.0,,,20260929
13049,D0,20.0,100.0,0.0,,,20260929
13051,D1,29.7,124.2,0.0,,,20260929
13053,D0,20.0,100.0,0.0,,,20260929
13055,D1,60.0,200.0,0.0,,,20260929
13057,D1,46.8,166.9,0.0,,,20260929
13059,D2,65.3,202.1,22.3,,,20260929
13061,D1,29.4,123.6,0.0,,,20260929
13063,D1,30.7,126.7,0.0,,,20260929
13065,D0,21.6,103.9,0.0,,,20260929
13067,D0,20.0,100.0,0.0,,,20260929
13069,D0,23.8,109.5,0.0,,,20260929
13071,D1,26.2,115.5,0.0,,,20260929
13073,D1,29.6,124.1,0.0,,,20260929
13075,D1,42.4,156.0,0.0,,,20260929
13077,D2,82.2,230.5,50.0,,,20260929
13079,D1,48.5,166.8,9.0,,,20260929
13081,D1,35.9,139.7,0.0,,,20260929
13083,D1,60.0,200.0,0.0,,,20260929
13085,D1,47.0,167.6,0.0,,,20260929
13087,D1,45.5,163.8,0.0,,,20260929
13089,D0,20.0,100.0,0.0,,,20260929
13091,D1,40.6,151.5,0.0,,,20260929
13093,D1,47.7,169.2,0.0,,,20260929
13095,D1,51.9,179.8,0.0,,,20260929
13097,D0,20.0,100.0,0.0,,,20260929
13099,D1,37.9,144.8,0.0,,,20260929
13101,D0,20.0,100.0,0.0,,,20260929
13103,D1,59.9,199.7,0.0,,,20260929
13105,D2,108.1,280.1,80.1,,,20260929
13107,D0,20.0,100.0,0.0,,,20260929
13109,D0,23.7,109.4,0.0,,,20260929
13111,D1,27.2,118.1,0.0,,,20260929
13113,D1,54.1,181.2,8.0,,,20260929
13115,D1,43.1,157.7,0.0,,,20260929
13117,D0,23.3,108.2,0.0,,,20260929
13119,D2,53.8,179.5,10.1,,,20260929
13121,D0,20.0,100.0,0.0,,,20260929
13123,D0,20.0,100.0,0.0,,,20260929
13125,D0,20.0,100.0,0.0,,,20260929
13127,D0,20.1,100.4,0.0,,,20260929
13129,D1,30.3,125.8,0.0,,,20260929
13131,D1,59.9,199.8,0.0,,,20260929
13133,D1,60.2,200.4,0.4,,,20260929
13135,D0,20.0,100.0,0.0,,,20260929
13137,D1,27.1,117.8,0.0,,,20260929
13139,D1,34.3,135.7,0.0,,,20260929
13141,D1,57.4,188.8,9.6,,,20260929
13143,D0,19.7,98.3,0.0,,,20260929
13145,D0,20.0,100.0,0.0,,,20260929
13147,D2,119.2,298.6,98.6,,,20260929
13149,D2,93.9,255.5,58.6,,,20260929
13151,D1,34.5,136.2,0.0,,,20260929
13153,D1,58.0,195.0,0.0,,,20260929
13155,D0,20.0,100.0,0.0,,,20260929
13157,D0,23.5,108.7,0.0,,,20260929
13159,D2,104.3,273.8,73.9,,,20260929
13161,D0,22.0,105.1,0.0,,,20260929
13163,D1,24.7,111.8,0.0,,,20260929
13165,D0,20.0,100.0,0.0,,,20260929
13167,D0,20.0,100.0,0.0,,,20260929
13169,D2,43.5,153.8,10.2,,,20260929
13171,D2,118.6,297.7,97.7,,,20260929
13173,D1,53.6,184.0,0.0,,,20260929
13175,D0,20.0,100.0,0.0,,,20260929
13177,D1,38.9,147.4,0.0,,,20260929
13179,D1,28.9,122.2,0.0,,,20260929
13181,D1,59.4,198.6,0.0,,,20260929
13183,D1,53.0,182.6,0.0,,,20260929
13185,D1,31.7,129.2,0.0,,,20260929
13187,D1,25.2,113.0,0.0,,,20260929
13189,D1,46.3,165.7,0.0,,,20260929
13191,D0,20.0,100.0,0.0,,,20260929
13193,D0,20.0,100.0,0.0,,,20260929
13195,D2,91.7,252.9,53.0,,,20260929
13197,D0,20.0,100.0,0.0,,,20260929
13199,D2,72.1,211.2,38.2,,,20260929
13201,D1,50.5,176.3,0.0,,,20260929
13205,D1,55.6,188.9,0.0,,,20260929
13207,D2,91.7,252.8,52.8,,,20260929
13209,D1,33.0,132.5,0.0,,,20260929
13211,D2,92.9,254.4,55.6,,,20260929
13213,D1,45.9,164.7,0.0,,,20260929
13215,D0,20.0,100.0,0.0,,,20260929
13217,D1,28.4,120.9,0.0,,,20260929
13219,D2,67.0,196.8,41.3,,,20260929
13221,D2,98.4,264.1,64.1,,,20260929
13223,D0,20.0,100.0,0.0,,,20260929
13225,D1,46.3,165.8,0.0,,,20260929
13227,D1,38.5,146.1,0.0,,,20260929
13229,D1,60.0,199.9,0.0,,,20260929
13231,D2,97.5,262.5,62.5,,,20260929
13233,D0,22.4,106.0,0.0,,,20260929
13235,D1,60.0,200.0,0.0,,,20260929
13237,D2,88.3,247.2,47.2,,,20260929
13239,D1,24.4,111.0,0.0,,,20260929
13241,D1,52.7,181.7,0.0,,,20260929
13243,D1,58.8,197.0,0.0,,,20260929
13245,D0,20.0,100.0,0.0,,,20260929
13247,D0,20.0,100.0,0.0,,,20260929
13249,D0,20.0,100.0,0.0,,,20260929
13251,D1,41.4,153.5,0.0,,,20260929
13253,D0,20.4,101.0,0.0,,,20260929
13255,D2,105.1,275.1,75.1,,,20260929
13257,D0,20.1,100.1,0.0,,,20260929
13259,D1,34.3,135.6,0.0,,,20260929
13261,D1,27.9,119.7,0.0,,,20260929
13263,D0,20.0,100.0,0.0,,,20260929
13265,D1,60.0,200.0,0.0,,,20260929
13267,D1,47.8,169.4,0.0,,,20260929
13269,D0,20.0,100.0,0.0,,,20260929
13271,D1,31.1,127.7,0.0,,,20260929
13273,D1,60.0,200.0,0.0,,,20260929
13275,D1,46.4,166.1,0.0,,,20260929
13277,D0,20.0,100.0,0.0,,,20260929
13279,D0,21.8,104.5,0.0,,,20260929
13281,D0,21.1,102.7,0.0,,,20260929
13283,D0,20.0,100.0,0.0,,,20260929
13285,D2,69.4,207.4,32.5,,,20260929
13287,D0,20.0,100.0,0.0,,,20260929
13289,D1,35.9,139.8,0.0,,,20260929
13291,D0,20.6,101.6,0.0,,,20260929
13293,D1,47.2,165.6,4.5,,,20260929
13295,D1,60.0,200.0,0.0,,,20260929
13297,D0,21.1,102.9,0.0,,,20260929
13299,D1,40.7,151.8,0.0,,,20260929
13301,D1,49.0,172.4,0.0,,,20260929
13303,D2,49.6,168.8,10.3,,,20260929
13305,D1,46.9,167.3,0.0,,,20260929
13307,D1,46.8,167.0,0.0,,,20260929
13309,D1,40.2,150.5,0.0,,,20260929
13311,D1,28.3,120.8,0.0,,,20260929
13313,D1,60.0,200.0,0.0,,,20260929
13315,D1,40.9,152.3,0.0,,,20260929
13317,D2,70.1,216.9,16.9,,,20260929
13319,D0,22.9,107.3,0.0,,,20260929
13321,D0,20.0,100.0,0.0,,,20260929
15001,D0,4.1,20.7,0.0,,,20260929
15003,None,0.0,0.0,0.0,,,20260929
15005,None,0.0,0.0,0.0,,,20260929
15007,None,0.0,0.0,0.0,,,20260929
15009,None,0.0,0.0,0.0,,,20260929
16001,D2,56.1,183.0,14.7,,,20260929
16003,D2,73.3,220.3,26.1,,,20260929
16005,D3,190.3,387.8,187.8,,,20260929
16007,D2,103.8,273.0,73.0,,,20260929
16009,D2,120.0,300.0,100.0,,,20260929
16011,D3,200.0,400.0,200.0,,,20260929
16013,D3,96.2,240.8,72.0,,,20260929
16015,D1,24.7,106.5,0.0,,,20260929
16017,D2,101.3,268.9,68.9,,,20260929
16019,D3,188.2,385.2,185.2,,,20260929
16021,D2,86.6,244.3,44.3,,,20260929
16023,D3,143.1,322.0,127.3,,,20260929
16025,D3,114.0,269.1,93.6,,,20260929
16027,D1,24.5,111.3,0.0,,,20260929
16029,D3,159.6,349.5,149.5,,,20260929
16031,D4,217.1,417.1,217.1,,,20260929
16033,D2,86.7,244.4,44.4,,,20260929
16035,D2,52.6,163.1,24.5,,,20260929
16037,D0,12.9,58.9,1.1,,,20260929
16039,D3,109.6,266.8,81.3,,,20260929
16041,D2,117.5,293.6,93.6,,,20260929
16043,D3,112.6,282.3,82.3,,,20260929
16045,D0,20.9,102.2,0.0,,,20260929
16047,D3,200.0,400.0,200.0,,,20260929
16049,D1,19.0,73.6,1.3,,,20260929
16051,D3,195.5,394.4,194.4,,,20260929
16053,D3,200.0,400.0,200.0,,,20260929
16055,D3,134.9,318.7,118.7,,,20260929
16057,D2,120.0,300.0,100.0,,,20260929
16059,D0,6.0,28.2,0.0,,,20260929
16061,D2,104.6,274.3,74.3,,,20260929
16063,D3,200.0,400.0,200.0,,,20260929
16065,D3,200.0,400.0,200.0,,,20260929
16067,D3,200.0,400.0,200.0,,,20260929
16069,D2,120.0,300.0,100.0,,,20260929
16071,D3,199.8,399.8,199.8,,,20260929
16073,D4,237.2,430.8,232.0,,,20260929
16075,D1,31.6,128.9,0.0,,,20260929
16077,D3,200.0,400.0,200.0,,,20260929
16079,D2,75.2,221.3,33.1,,,20260929
16081,D3,157.8,347.1,147.1,,,20260929
16083,D4,255.7,455.7,255.7,,,20260929
16085,D0,11.0,53.3,0.0,,,20260929
16087,D2,96.2,258.7,63.6,,,20260929
17001,None,0.0,0.0,0.0,,,20260929
17003,D1,23.6,93.8,0.0,,,20260929
17005,D1,60.0,200.0,0.0,,,20260929
17007,None,0.0,0.0,0.0,,,20260929
17009,None,0.0,0.0,0.0,,,20260929
17011,None,0.0,0.0,0.0,,,20260929
17013,D1,54.4,186.0,0.0,,,20260929
17015,None,0.0,0.0,0.0,,,20260929
17017,None,0.0,0.0,0.0,,,20260929
17019,None,0.0,0.0,0.0,,,20260929
17021,D0,10.0,49.9,0.0,,,20260929
17023,D0,3.8,19.0,0.0,,,20260929
17025,D1,59.7,199.1,0.0,,,20260929
17027,D1,31.9,129.7,0.0,,,20260929
17029,None,0.0,0.0,0.0,,,20260929
17031,None,0.0,0.0,0.0,,,20260929
17033,D0,20.0,100.0,0.0,,,20260929
17035,D0,9.3,46.7,0.0,,,20260929
17037,None,0.0,0.0,0.0,,,20260929
17039,None,0.0,0.0,0.0,,,20260929
17041,None,0.0,0.0,0.0,,,20260929
17043,None,0.0,0.0,0.0,,,20260929
17045,None,0.0,0.0,0.0,,,20260929
17047,D0,24.0,109.9,0.0,,,20260929
17049,D0,22.6,106.4,0.0,,,20260929
17051,D1,41.7,154.2,0.0,,,20260929
17053,None,0.0,0.0,0.0,,,20260929
17055,D0,20.0,100.0,0.0,,,20260929
17057,None,0.0,0.0,0.0,,,20260929
17059,D0,20.0,100.0,0.0,,,20260929
17061,D1,50.9,177.3,0.0,,,20260929
17063,None,0.0,0.0,0.0,,,20260929
17065,D0,20.0,100.0,0.0,,,20260929
17067,None,0.0,0.0,0.0,,,20260929
17069,D0,20.0,100.0,0.0,,,20260929
17071,None,0.0,0.0,0.0,,,20260929
17073,None,0.0,0.0,0.0,,,20260929
17075,None,0.0,0.0,0.0,,,20260929
17077,D0,20.0,100.0,0.0,,,20260929
17079,D0,21.8,104.6,0.0,,,20260929
17081,D0,20.0,100.0,0.0,,,20260929
17083,D1,60.0,200.0,0.0,,,20260929
17085,None,0.0,0.0,0.0,,,20260929
17087,D1,32.0,129.9,0.0,,,20260929
17089,None,0.0,0.0,0.0,,,20260929
17091,None,0.0,0.0,0.0,,,20260929
17093,None,0.0,0.0,0.0,,,20260929
17095,None,0.0,0.0,0.0,,,20260929
17097,None,0.0,0.0,0.0,,,20260929
17099,None,0.0,0.0,0.0,,,20260929
17101,D1,47.2,168.0,0.0,,,20260929
17103,None,0.0,0.0,0.0,,,20260929
17105,None,0.0,0.0,0.0,,,20260929
17107,None,0.0,0.0,0.0,,,20260929
17109,None,0.0,0.0,0.0,,,20260929
17111,None,0.0,0.0,0.0,,,20260929
17113,None,0.0,0.0,0.0,,,20260929
17115,None,0.0,0.0,0.0,,,20260929
17117,D1,36.9,142.2,0.0,,,20260929
17119,D1,47.8,169.6,0.0,,,20260929
17121,D1,47.0,167.5,0.0,,,20260929
17123,None,0.0,0.0,0.0,,,20260929
17125,None,0.0,0.0,0.0,,,20260929
17127,D0,20.0,100.0,0.0,,,20260929
17129,None,0.0,0.0,0.0,,,20260929
17131,None,0.0,0.0,0.0,,,20260929
17133,D0,20.0,100.0,0.0,,,20260929
17135,D1,28.5,121.1,0.0,,,20260929
17137,D0,5.5,27.4,0.0,,,20260929
17139,None,0.0,0.0,0.0,,,20260929
17141,None,0.0,0.0,0.0,,,20260929
17143,None,0.0,0.0,0.0,,,20260929
17145,D0,20.0,100.0,0.0,,,20260929
17147,None,0.0,0.0,0.0,,,20260929
17149,D1,28.1,103.1,0.0,,,20260929
17151,D0,20.0,100.0,0.0,,,20260929
17153,D0,18.7,88.5,0.0,,,20260929
17155,None,0.0,0.0,0.0,,,20260929
17157,D0,20.0,100.0,0.0,,,20260929
17159,D1,59.4,198.5,0.0,,,20260929
17161,None,0.0,0.0,0.0,,,20260929
17163,D0,20.0,100.0,0.0,,,20260929
17165,D0,20.0,100.0,0.0,,,20260929
17167,D0,2.0,10.0,0.0,,,20260929
17169,None,0.0,0.0,0.0,,,20260929
17171,D0,15.3,72.9,0.0,,,20260929
17173,D0,11.3,56.6,0.0,,,20260929
17175,None,0.0,0.0,0.0,,,20260929
17177,None,0.0,0.0,0.0,,,20260929
17179,None,0.0,0.0,0.0,,,20260929
17181,D1,40.3,150.8,0.0,,,20260929
17183,None,0.0,0.0,0.0,,,20260929
17185,D1,24.0,110.1,0.0,,,20260929
17187,None,0.0,0.0,0.0,,,20260929
17189,D0,20.0,100.0,0.0,,,20260929
17191,D1,27.6,119.0,0.0,,,20260929
17193,D0,20.0,100.0,0.0,,,20260929
17195,None,0.0,0.0,0.0,,,20260929
17197,None,0.0,0.0,0.0,,,20260929
17199,D0,20.0,100.0,0.0,,,20260929
17201,None,0.0,0.0,0.0,,,20260929
17203,None,0.0,0.0,0.0,,,20260929
18001,None,0.0,0.0,0.0,,,20260929
18003,None,0.0,0.0,0.0,,,20260929
18005,None,0.0,0.0,0.0,,,20260929
18007,None,0.0,0.0,0.0,,,20260929
18009,None,0.0,0.0,0.0,,,20260929
18011,None,0.0,0.0,0.0,,,20260929
18013,None,0.0,0.0,0.0,,,20260929
18015,None,0.0,0.0,0.0,,,20260929
18017,None,0.0,0.0,0.0,,,20260929
18019,D0,3.8,18.8,0.0,,,20260929
18021,None,0.0,0.0,0.0,,,20260929
18023,None,0.0,0.0,0.0,,,20260929
18025,D0,8.8,43.9,0.0,,,20260929
18027,D0,3.1,15.5,0.0,,,20260929
18029,None,0.0,0.0,0.0,,,20260929
18031,None,0.0,0.0,0.0,,,20260929
18033,None,0.0,0.0,0.0,,,20260929
18035,None,0.0,0.0,0.0,,,20260929
18037,None,0.0,0.0,0.0,,,20260929
18039,None,0.0,0.0,0.0,,,20260929
18041,None,0.0,0.0,0.0,,,20260929
18043,D0,20.0,100.0,0.0,,,20260929
18045,None,0.0,0.0,0.0,,,20260929
18047,None,0.0,0.0,0.0,,,20260929
18049,None,0.0,0.0,0.0,,,20260929
18051,D0,20.0,100.0,0.0,,,20260929
18053,None,0.0,0.0,0.0,,,20260929
18055,None,0.2,0.9,0.0,,,20260929
18057,None,0.0,0.0,0.0,,,20260929
18059,None,0.0,0.0,0.0,,,20260929
18061,D0,19.9,99.4,0.0,,,20260929
18063,None,0.0,0.0,0.0,,,20260929
18065,None,0.0,0.0,0.0,,,20260929
18067,None,0.0,0.0,0.0,,,20260929
18069,None,0.0,0.0,0.0,,,20260929
18071,None,0.0,0.0,0.0,,,20260929
18073,None,0.0,0.0,0.0,,,20260929
18075,None,0.0,0.0,0.0,,,20260929
18077,None,0.0,0.0,0.0,,,20260929
18079,None,0.0,0.0,0.0,,,20260929
18081,None,0.0,0.0,0.0,,,20260929
18083,D0,19.5,97.6,0.0,,,20260929
18085,None,0.0,0.0,0.0,,,20260929
18087,None,0.0,0.0,0.0,,,20260929
18089,None,0.0,0.0,0.0,,,20260929
18091,None,0.0,0.0,0.0,,,20260929
18093,None,0.0,0.0,0.0,,,20260929
18095,None,0.0,0.0,0.0,,,20260929
18097,None,0.0,0.0,0.0,,,20260929
18099,None,0.0,0.0,0.0,,,20260929
18101,None,0.0,0.0,0.0,,,20260929
18103,None,0.0,0.0,0.0,,,20260929
18105,None,0.0,0.0,0.0,,,20260929
18107,None,0.0,0.0,0.0,,,20260929
18109,None,0.0,0.0,0.0,,,20260929
18111,None,0.0,0.0,0.0,,,20260929
18113,None,0.0,0.0,0.0,,,20260929
18115,None,0.0,0.0,0.0,,,20260929
18117,None,0.0,0.0,0.0,,,20260929
18119,None,0.0,0.0,0.0,,,20260929
18121,None,0.0,0.0,0.0,,,20260929
18123,D0,2.5,12.4,0.0,,,20260929
18125,D0,10.5,52.3,0.0,,,20260929
18127,None,0.0,0.0,0.0,,,20260929
18129,D0,20.0,100.0,0.0,,,20260929
18131,None,0.0,0.0,0.0,,,20260929
18133,None,0.0,0.0,0.0,,,20260929
18135,None,0.0,0.0,0.0,,,20260929
18137,None,0.0,0.0,0.0,,,20260929
18139,None,0.0,0.0,0.0,,,20260929
18141,None,0.0,0.0,0.0,,,20260929
18143,None,0.0,0.0,0.0,,,20260929
18145,None,0.0,0.0,0.0,,,20260929
18147,D0,7.2,36.0,0.0,,,20260929
18149,None,0.0,0.0,0.0,,,20260929
18151,None,0.0,0.0,0.0,,,20260929
18153,D0,12.4,61.8,0.0,,,20260929
18155,None,0.0,0.0,0.0,,,20260929
18157,None,0.0,0.0,0.0,,,20260929
18159,None,0.0,0.0,0.0,,,20260929
18161,None,0.0,0.0,0.0,,,20260929
18163,D0,20.0,100.0,0.0,,,20260929
18165,None,0.0,0.0,0.0,,,20260929
18167,None,0.0,0.0,0.0,,,20260929
18169,None,0.0,0.0,0.0,,,20260929
18171,None,0.0,0.0,0.0,,,20260929
18173,D0,17.1,85.3,0.0,,,20260929
18175,None,1.1,5.5,0.0,,,20260929
18177,None,0.0,0.0,0.0,,,20260929
18179,None,0.0,0.0,0.0,,,20260929
18181,None,0.0,0.0,0.0,,,20260929
18183,None,0.0,0.0,0.0,,,20260929
19001,None,0.0,0.0,0.0,,,20260929
19003,None,0.0,0.0,0.0,,,20260929
19005,None,0.0,0.0,0.0,,,20260929
19007,None,0.0,0.0,0.0,,,20260929
19009,None,0.0,0.0,0.0,,,20260929
19011,None,0.0,0.0,0.0,,,20260929
19013,None,0.0,0.0,0.0,,,20260929
19015,None,0.0,0.0,0.0,,,20260929
19017,None,0.0,0.0,0.0,,,20260929
19019,None,0.0,0.0,0.0,,,20260929
19021,None,0.0,0.0,0.0,,,20260929
19023,None,0.0,0.0,0.0,,,20260929
19025,None,0.0,0.0,0.0,,,20260929
19027,None,0.0,0.0,0.0,,,20260929
19029,None,0.0,0.0,0.0,,,20260929
19031,None,0.0,0.0,0.0,,,20260929
19033,None,0.0,0.0,0.0,,,20260929
19035,None,0.0,0.0,0.0,,,20260929
19037,None,0.0,0.0,0.0,,,20260929
19039,None,0.0,0.0,0.0,,,20260929
19041,None,0.2,0.8,0.0,,,20260929
19043,None,0.0,0.0,0.0,,,20260929
19045,None,0.0,0.0,0.0,,,20260929
19047,None,0.0,0.0,0.0,,,20260929
19049,None,0.0,0.0,0.0,,,20260929
19051,None,0.0,0.0,0.0,,,20260929
19053,None,0.0,0.0,0.0,,,20260929
19055,None,0.0,0.0,0.0,,,20260929
19057,None,0.0,0.0,0.0,,,20260929
19059,D0,14.8,73.9,0.0,,,20260929
19061,None,0.0,0.0,0.0,,,20260929
19063,D0,20.0,100.0,0.0,,,20260929
19065,None,0.0,0.0,0.0,,,20260929
19067,None,0.0,0.0,0.0,,,20260929
19069,None,0.0,0.0,0.0,,,20260929
19071,None,0.0,0.0,0.0,,,20260929
19073,None,0.0,0.0,0.0,,,20260929
19075,None,0.0,0.0,0.0,,,20260929
19077,None,0.0,0.0,0.0,,,20260929
19079,None,0.0,0.0,0.0,,,20260929
19081,D0,14.2,70.8,0.0,,,20260929
19083,None,0.0,0.0,0.0,,,20260929
19085,None,1.1,5.7,0.0,,,20260929
19087,None,0.0,0.0,0.0,,,20260929
19089,None,0.0,0.0,0.0,,,20260929
19091,D0,18.3,91.4,0.0,,,20260929
19093,None,0.0,0.0,0.0,,,20260929
19095,None,0.0,0.0,0.0,,,20260929
19097,None,0.0,0.0,0.0,,,20260929
19099,None,0.0,0.0,0.0,,,20260929
19101,None,0.0,0.0,0.0,,,20260929
19103,None,0.0,0.0,0.0,,,20260929
19105,None,0.0,0.0,0.0,,,20260929
19107,None,0.0,0.0,0.0,,,20260929
19109,D0,19.5,97.7,0.0,,,20260929
19111,None,0.0,0.0,0.0,,,20260929
19113,None,0.0,0.0,0.0,,,20260929
19115,None,0.0,0.0,0.0,,,20260929
19117,None,0.0,0.0,0.0,,,20260929
19119,D0,8.0,38.3,0.0,,,20260929
19121,None,0.0,0.0,0.0,,,20260929
19123,None,0.0,0.0,0.0,,,20260929
19125,None,0.0,0.0,0.0,,,20260929
19127,None,0.0,0.0,0.0,,,20260929
19129,None,0.0,0.0,0.0,,,20260929
19131,None,0.0,0.0,0.0,,,20260929
19133,D0,12.8,63.2,0.0,,,20260929
19135,None,0.0,0.0,0.0,,,20260929
19137,None,0.0,0.0,0.0,,,20260929
19139,None,0.0,0.0,0.0,,,20260929
19141,None,0.0,0.0,0.0,,,20260929
19143,D0,8.7,43.7,0.0,,,20260929
19145,None,0.0,0.0,0.0,,,20260929
19147,D0,13.3,66.6,0.0,,,20260929
19149,None,0.0,0.2,0.0,,,20260929
19151,None,0.9,4.6,0.0,,,20260929
19153,None,0.0,0.0,0.0,,,20260929
19155,None,0.0,0.0,0.0,,,20260929
19157,None,0.0,0.0,0.0,,,20260929
19159,None,0.0,0.0,0.0,,,20260929
19161,None,0.0,0.0,0.0,,,20260929
19163,None,0.0,0.0,0.0,,,20260929
19165,None,0.0,0.0,0.0,,,20260929
19167,None,0.0,0.0,0.0,,,20260929
19169,None,0.0,0.0,0.0,,,20260929
19171,None,0.0,0.0,0.0,,,20260929
19173,None,0.0,0.0,0.0,,,20260929
19175,None,0.0,0.0,0.0,,,20260929
19177,None,0.0,0.0,0.0,,,20260929
19179,None,0.0,0.0,0.0,,,20260929
19181,None,0.0,0.0,0.0,,,20260929
19183,None,0.0,0.0,0.0,,,20260929
19185,None,0.0,0.0,0.0,,,20260929
19187,None,1.9,9.5,0.0,,,20260929
19189,D0,17.5,87.3,0.0,,,20260929
19191,None,0.0,0.0,0.0,,,20260929
19193,D0,8.9,43.8,0.0,,,20260929
19195,None,0.0,0.0,0.0,,,20260929
19197,D0,7.8,39.0,0.0,,,20260929
20001,D1,52.7,181.8,0.0,,,20260929
20003,D0,13.7,68.6,0.0,,,20260929
20005,None,0.0,0.0,0.0,,,20260929
20007,D2,120.0,300.0,100.0,,,20260929
20009,D2,91.5,252.6,52.6,,,20260929
20011,D1,48.5,171.0,0.8,,,20260929
20013,None,0.0,0.0,0.0,,,20260929
20015,D1,56.0,189.9,0.0,,,20260929
20017,None,1.1,5.5,0.0,,,20260929
20019,D2,97.2,262.1,62.1,,,20260929
20021,D2,117.4,295.7,95.7,,,20260929
20023,D0,21.9,104.7,0.0,,,20260929
20025,D2,120.0,300.0,100.0,,,20260929
20027,D0,8.9,44.7,0.0,,,20260929
20029,D0,14.1,70.5,0.0,,,20260929
20031,D0,17.1,85.7,0.0,,,20260929
20033,D2,120.0,300.0,100.0,,,20260929
20035,D2,105.6,276.1,76.1,,,20260929
20037,D1,64.2,207.0,7.0,,,20260929
20039,D1,27.0,117.5,0.0,,,20260929
20041,D0,4.3,21.5,0.0,,,20260929
20043,None,0.0,0.0,0.0,,,20260929
20045,None,0.0,0.0,0.0,,,20260929
20047,D2,96.3,260.5,60.5,,,20260929
20049,D1,60.6,200.9,0.9,,,20260929
20051,D0,21.4,103.4,0.0,,,20260929
20053,D2,64.8,202.7,18.8,,,20260929
20055,D2,72.5,208.7,34.8,,,20260929
20057,D2,106.6,277.6,77.6,,,20260929
20059,None,0.0,0.0,0.0,,,20260929
20061,None,0.0,0.0,0.0,,,20260929
20063,D0,9.2,46.0,0.0,,,20260929
20065,D0,20.0,100.0,0.0,,,20260929
20067,D1,60.0,200.1,0.1,,,20260929
20069,D2,117.5,295.8,95.8,,,20260929
20071,D1,34.0,127.6,0.0,,,20260929
20073,D1,39.6,149.0,0.0,,,20260929
20075,D1,60.0,200.0,0.0,,,20260929
20077,D2,120.0,300.0,100.0,,,20260929
20079,D2,119.3,298.8,98.8,,,20260929
20081,D2,102.0,270.1,70.0,,,20260929
20083,D1,58.1,194.6,0.0,,,20260929
20085,None,0.0,0.0,0.0,,,20260929
20087,None,0.0,0.0,0.0,,,20260929
20089,None,0.0,0.0,0.0,,,20260929
20091,None,0.6,3.0,0.0,,,20260929
20093,D1,60.7,201.2,1.2,,,20260929
20095,D2,87.3,245.5,45.5,,,20260929
20097,D2,120.0,300.0,100.0,,,20260929
20099,D2,116.9,294.9,94.9,,,20260929
20101,None,0.3,1.6,0.0,,,20260929
20103,None,0.0,0.0,0.0,,,20260929
20105,D0,22.6,106.5,0.0,,,20260929
20107,D0,19.8,99.2,0.0,,,20260929
20109,None,0.2,0.8,0.0,,,20260929
20111,D0,3.3,16.7,0.0,,,20260929
20113,D2,92.8,250.2,63.3,,,20260929
20115,D1,29.9,96.2,8.4,,,20260929
20117,None,0.0,0.0,0.0,,,20260929
20119,D2,120.0,300.0,100.0,,,20260929
20121,D0,9.5,47.5,0.0,,,20260929
20123,D0,14.0,70.2,0.0,,,20260929
20125,D2,104.4,274.0,74.0,,,20260929
20127,None,0.0,0.0,0.0,,,20260929
20129,D1,54.8,186.9,0.0,,,20260929
20131,None,0.0,0.0,0.0,,,20260929
20133,D1,60.0,200.1,0.1,,,20260929
20135,D0,18.9,87.5,0.0,,,20260929
20137,D1,37.7,144.4,0.0,,,20260929
20139,None,0.0,0.0,0.0,,,20260929
20141,D0,3.0,14.9,0.0,,,20260929
20143,D0,20.0,100.0,0.0,,,20260929
20145,D2,77.8,229.6,29.6,,,20260929
20147,D0,18.1,89.9,0.0,,,20260929
20149,None,0.0,0.0,0.0,,,20260929
20151,D2,114.5,290.8,90.8,,,20260929
20153,D0,20.0,100.0,0.0,,,20260929
20155,D2,105.6,276.0,76.0,,,20260929
20157,None,0.0,0.0,0.0,,,20260929
20159,D2,120.0,300.0,100.0,,,20260929
20161,None,0.0,0.0,0.0,,,20260929
20163,D0,17.0,85.1,0.0,,,20260929
20165,D1,43.3,158.2,0.0,,,20260929
20167,D1,47.7,169.2,0.0,,,20260929
20169,D0,22.7,106.9,0.0,,,20260929
20171,D0,5.3,20.1,0.0,,,20260929
20173,D2,107.4,279.1,79.1,,,20260929
20175,D2,97.8,263.1,63.1,,,20260929
20177,None,0.0,0.0,0.0,,,20260929
20179,D0,19.1,95.6,0.0,,,20260929
20181,D1,29.4,123.3,0.0,,,20260929
20183,None,0.2,1.2,0.0,,,20260929
20185,D2,120.0,300.0,100.0,,,20260929
20187,D1,60.0,200.0,0.0,,,20260929
20189,D1,57.2,192.5,1.2,,,20260929
20191,D2,89.3,248.9,48.9,,,20260929
20193,D0,4.3,21.5,0.0,,,20260929
20195,D0,18.0,89.8,0.0,,,20260929
20197,None,0.0,0.0,0.0,,,20260929
20199,D0,14.1,68.7,0.0,,,20260929
20201,None,0.0,0.0,0.0,,,20260929
20203,D1,36.7,125.9,0.0,,,20260929
20205,D1,60.0,200.0,0.0,,,20260929
20207,D1,52.5,181.3,0.0,,,20260929
20209,None,0.0,0.0,0.0,,,20260929
21001,D0,20.0,100.0,0.0,,,20260929
21003,D1,55.2,188.0,0.0,,,20260929
21005,None,0.0,0.0,0.0,,,20260929
21007,D0,4.9,24.6,0.0,,,20260929
21009,D0,22.8,107.1,0.0,,,20260929
21011,None,0.0,0.0,0.0,,,20260929
21013,None,0.0,0.0,0.0,,,20260929
21015,D0,9.9,49.6,0.0,,,20260929
21017,None,0.0,0.0,0.0,,,20260929
21019,None,0.0,0.0,0.0,,,20260929
21021,D0,8.7,43.3,0.0,,,20260929
21023,None,0.0,0.0,0.0,,,20260929
21025,D0,3.6,18.1,0.0,,,20260929
21027,D0,14.3,71.3,0.0,,,20260929
21029,D0,2.3,11.3,0.0,,,20260929
21031,D1,51.6,179.1,0.0,,,20260929
21033,D0,20.0,100.0,0.0,,,20260929
21035,D0,11.9,59.4,0.0,,,20260929
21037,D0,10.1,50.3,0.0,,,20260929
21039,None,0.0,0.0,0.0,,,20260929
21041,None,0.0,0.0,0.0,,,20260929
21043,None,0.0,0.0,0.0,,,20260929
21045,D0,20.0,100.0,0.0,,,20260929
21047,D1,54.7,186.8,0.0,,,20260929
21049,D0,17.9,89.4,0.0,,,20260929
21051,D0,17.7,88.7,0.0,,,20260929
21053,D0,20.0,100.0,0.0,,,20260929
21055,D0,20.0,100.0,0.0,,,20260929
21057,D0,21.4,103.6,0.0,,,20260929
21059,D0,12.6,63.1,0.0,,,20260929
21061,D0,20.0,100.0,0.0,,,20260929
21063,None,0.0,0.0,0.0,,,20260929
21065,D0,20.0,100.0,0.0,,,20260929
21067,D0,3.4,16.9,0.0,,,20260929
21069,None,0.0,0.0,0.0,,,20260929
21071,None,0.0,0.0,0.0,,,20260929
21073,None,0.0,0.0,0.0,,,20260929
21075,D0,15.4,76.8,0.0,,,20260929
21077,None,0.0,0.0,0.0,,,20260929
21079,D0,16.7,83.5,0.0,,,20260929
21081,None,0.0,0.0,0.0,,,20260929
21083,None,0.8,4.1,0.0,,,20260929
21085,D0,20.0,100.0,0.0,,,20260929
21087,D0,20.0,100.0,0.0,,,20260929
21089,None,0.0,0.0,0.0,,,20260929
21091,None,0.0,0.0,0.0,,,20260929
21093,D0,18.5,92.4,0.0,,,20260929
21095,None,0.0,0.0,0.0,,,20260929
21097,None,0.0,0.0,0.0,,,20260929
21099,D0,20.0,100.0,0.0,,,20260929
21101,D0,20.0,100.0,0.0,,,20260929
21103,None,0.0,0.0,0.0,,,20260929
21105,D0,3.3,16.7,0.0,,,20260929
21107,D0,22.9,107.1,0.0,,,20260929
21109,D0,20.0,100.0,0.0,,,20260929
21111,D0,10.1,50.5,0.0,,,20260929
21113,D0,3.2,15.8,0.0,,,20260929
21115,None,0.0,0.0,0.0,,,20260929
21117,D0,14.0,70.2,0.0,,,20260929
21119,None,0.0,0.0,0.0,,,20260929
21121,D0,3.7,18.5,0.0,,,20260929
21123,D0,20.0,100.0,0.0,,,20260929
21125,D0,20.0,100.0,0.0,,,20260929
21127,None,0.0,0.0,0.0,,,20260929
21129,D0,20.0,100.0,0.0,,,20260929
21131,None,1.5,7.5,0.0,,,20260929
21133,None,0.0,0.0,0.0,,,20260929
21135,None,0.0,0.0,0.0,,,20260929
21137,D0,20.0,100.0,0.0,,,20260929
21139,D0,20.0,100.0,0.0,,,20260929
21141,D1,60.0,200.0,0.0,,,20260929
21143,D0,20.0,100.0,0.0,,,20260929
21145,D0,17.1,85.7,0.0,,,20260929
21147,D0,14.1,70.2,0.0,,,20260929
21149,D0,22.2,105.4,0.0,,,20260929
21151,D0,20.0,100.0,0.0,,,20260929
21153,None,0.0,0.0,0.0,,,20260929
21155,D0,19.5,97.7,0.0,,,20260929
21157,D0,14.0,69.9,0.0,,,20260929
21159,None,0.0,0.0,0.0,,,20260929
21161,None,0.0,0.0,0.0,,,20260929
21163,D0,20.0,100.0,0.0,,,20260929
21165,None,0.0,0.0,0.0,,,20260929
21167,None,0.0,0.0,0.0,,,20260929
21169,D0,20.0,100.0,0.0,,,20260929
21171,D1,43.1,157.7,0.0,,,20260929
21173,D0,6.5,32.4,0.0,,,20260929
21175,None,0.0,0.0,0.0,,,20260929
21177,D1,57.0,192.4,0.0,,,20260929
21179,D0,3.5,17.3,0.0,,,20260929
21181,None,0.0,0.0,0.0,,,20260929
21183,D1,41.7,149.3,0.0,,,20260929
21185,None,0.0,0.0,0.0,,,20260929
21187,None,0.0,0.0,0.0,,,20260929
21189,D0,20.0,100.0,0.0,,,20260929
21191,None,0.0,0.0,0.0,,,20260929
21193,None,1.8,9.0,0.0,,,20260929
21195,None,0.0,0.0,0.0,,,20260929
21197,D0,19.1,95.2,0.0,,,20260929
21199,D0,20.0,100.0,0.0,,,20260929
21201,None,0.0,0.0,0.0,,,20260929
21203,D0,20.0,100.0,0.0,,,20260929
21205,None,0.0,0.0,0.0,,,20260929
21207,D0,20.0,100.0,0.0,,,20260929
21209,None,0.0,0.0,0.0,,,20260929
21211,None,0.0,0.0,0.0,,,20260929
21213,D1,60.0,200.0,0.0,,,20260929
21215,None,0.0,0.0,0.0,,,20260929
21217,D0,20.0,100.0,0.0,,,20260929
21219,D1,60.0,200.0,0.0,,,20260929
21221,D0,23.3,107.8,0.0,,,20260929
21223,None,0.0,0.0,0.0,,,20260929
21225,D0,20.0,100.0,0.0,,,20260929
21227,D1,42.5,156.3,0.0,,,20260929
21229,None,1.9,9.3,0.0,,,20260929
21231,D0,20.0,100.0,0.0,,,20260929
21233,D0,20.0,100.0,0.0,,,20260929
21235,D0,2.4,12.1,0.0,,,20260929
21237,D0,9.4,46.9,0.0,,,20260929
21239,None,0.0,0.0,0.0,,,20260929
22001,D2,113.0,288.3,88.3,,,20260929
22003,D2,119.6,299.3,99.3,,,20260929
22005,D1,48.3,170.7,0.0,,,20260929
22007,D0,20.0,100.0,0.0,,,20260929
22009,D2,67.6,212.7,12.7,,,20260929
22011,D2,98.3,263.9,63.9,,,20260929
22013,D2,120.0,300.0,100.0,,,20260929
22015,D2,120.0,300.0,100.0,,,20260929
22017,D3,130.8,313.4,113.5,,,20260929
22019,D2,90.8,251.3,51.3,,,20260929
22021,D2,120.0,300.0,100.0,,,20260929
22023,D2,92.8,254.2,55.6,,,20260929
22025,D2,119.0,298.4,98.4,,,20260929
22027,D3,147.0,333.7,133.7,,,20260929
22029,D2,119.8,299.7,99.7,,,20260929
22031,D2,120.1,300.1,100.1,,,20260929
22033,D2,85.8,242.9,42.9,,,20260929
22035,D2,120.0,300.0,100.0,,,20260929
22037,D2,117.4,295.7,95.7,,,20260929
22039,D2,76.6,227.7,27.6,,,20260929
22041,D2,120.0,300.0,100.0,,,20260929
22043,D2,108.9,281.5,81.5,,,20260929
22045,D2,74.9,221.5,31.5,,,20260929
22047,D1,55.9,189.7,0.0,,,20260929
22049,D2,126.8,308.5,108.5,,,20260929
22051,D1,45.0,162.4,0.0,,,20260929
22053,D2,120.0,300.0,100.0,,,20260929
22055,D2,88.0,246.6,46.6,,,20260929
22057,D1,40.4,150.9,0.0,,,20260929
22059,D2,119.3,298.8,98.8,,,20260929
22061,D3,193.4,391.8,191.8,,,20260929
22063,D2,75.0,224.9,25.2,,,20260929
22065,D2,120.0,300.0,100.0,,,20260929
22067,D2,120.0,300.0,100.0,,,20260929
22069,D3,134.9,315.5,115.5,,,20260929
22071,D1,56.6,191.4,0.0,,,20260929
22073,D2,121.2,301.6,101.5,,,20260929
22075,D1,60.0,200.0,0.0,,,20260929
22077,D1,60.0,200.0,0.0,,,20260929
22079,D1,62.0,203.3,3.4,,,20260929
22081,D2,120.0,300.0,100.0,,,20260929
22083,D2,120.0,300.0,100.0,,,20260929
22085,D2,112.2,287.1,87.0,,,20260929
22087,D1,60.0,200.0,0.0,,,20260929
22089,D1,27.6,119.0,0.0,,,20260929
22091,D2,119.9,299.8,99.8,,,20260929
22093,D0,20.0,100.0,0.0,,,20260929
22095,D0,21.6,104.0,0.0,,,20260929
22097,D1,61.3,202.2,2.2,,,20260929
22099,D1,49.7,174.2,0.2,,,20260929
22101,D1,28.7,120.8,1.8,,,20260929
22103,D1,24.0,110.1,0.0,,,20260929
22105,D1,56.9,188.9,6.9,,,20260929
22107,D2,120.0,300.0,100.0,,,20260929
22109,D0,21.5,103.8,0.0,,,20260929
22111,D3,147.8,334.7,134.7,,,20260929
22113,D2,117.5,295.9,95.9,,,20260929
22115,D2,77.3,228.8,28.8,,,20260929
22117,D1,52.4,181.1,0.0,,,20260929
22119,D2,120.0,300.0,100.0,,,20260929
22121,D1,60.0,200.0,0.0,,,20260929
22123,D2,120.0,300.0,100.0,,,20260929
22125,D2,86.4,244.1,44.1,,,20260929
22127,D2,120.0,300.0,100.0,,,20260929
23001,D2,100.8,268.0,68.0,,,20260929
23003,D1,60.0,200.0,0.0,,,20260929
23005,D3,125.1,303.8,103.8,,,20260929
23007,D1,60.0,200.0,0.0,,,20260929
23009,D3,101.4,263.6,63.6,,,20260929
23011,D2,115.0,289.1,89.1,,,20260929
23013,D3,198.8,398.5,198.5,,,20260929
23015,D3,198.4,398.0,198.0,,,20260929
23017,D1,61.2,201.9,1.9,,,20260929
23019,D2,72.8,221.4,21.4,,,20260929
23021,D1,60.0,200.0,0.0,,,20260929
23023,D3,180.6,375.8,175.8,,,20260929
23025,D2,67.4,212.4,12.4,,,20260929
23027,D3,129.6,312.0,112.0,,,20260929
23029,D1,60.0,200.0,0.0,,,20260929
23031,D2,80.3,233.8,33.8,,,20260929
24001,None,0.0,0.0,0.0,,,20260929
24003,D0,20.0,100.0,0.0,,,20260929
24005,D1,25.2,112.8,0.0,,,20260929
24009,D0,20.0,100.0,0.0,,,20260929
24011,D1,42.7,156.8,0.0,,,20260929
24013,D1,59.1,197.8,0.0,,,20260929
24015,None,1.2,5.8,0.0,,,20260929
24017,D0,20.0,100.0,0.0,,,20260929
24019,D1,34.6,136.6,0.0,,,20260929
24021,D1,60.0,200.0,0.0,,,20260929
24023,None,0.0,0.0,0.0,,,20260929
24025,D0,19.1,95.6,0.0,,,20260929
24027,D0,23.2,108.0,0.0,,,20260929
24029,D0,13.8,68.8,0.0,,,20260929
24031,D0,21.5,103.8,0.0,,,20260929
24033,D0,20.0,100.0,0.0,,,20260929
24035,D0,19.2,95.8,0.0,,,20260929
24037,D0,20.0,100.0,0.0,,,20260929
24039,D0,20.0,100.0,0.0,,,20260929
24041,D0,20.0,100.0,0.0,,,20260929
24043,D1,48.4,166.0,0.0,,,20260929
24045,D0,22.6,106.5,0.0,,,20260929
24047,D0,20.0,100.0,0.0,,,20260929
24510,D0,20.0,100.0,0.0,,,20260929
25001,D1,38.3,145.8,0.0,,,20260929
25003,None,1.6,8.0,0.0,,,20260929
25005,D0,5.4,27.1,0.0,,,20260929
25007,D0,20.0,100.0,0.0,,,20260929
25009,D1,37.0,142.6,0.0,,,20260929
25011,D0,9.7,48.3,0.0,,,20260929
25013,D0,13.3,66.3,0.0,,,20260929
25015,D0,13.7,68.7,0.0,,,20260929
25017,D1,28.7,112.3,0.0,,,20260929
25019,D1,45.6,163.9,0.0,,,20260929
25021,None,0.0,0.0,0.0,,,20260929
25023,D1,14.4,57.3,0.0,,,20260929
25025,D0,4.8,23.9,0.0,,,20260929
25027,None,1.1,5.5,0.0,,,20260929
26001,None,0.0,0.0,0.0,,,20260929
26003,D1,38.1,145.2,0.0,,,20260929
26005,None,0.0,0.0,0.0,,,20260929
26007,None,0.0,0.0,0.0,,,20260929
26009,D0,3.9,19.3,0.0,,,20260929
26011,None,0.5,2.3,0.0,,,20260929
26013,D0,23.9,109.8,0.0,,,20260929
26015,None,0.0,0.0,0.0,,,20260929
26017,D0,19.2,96.1,0.0,,,20260929
26019,None,0.0,0.0,0.0,,,20260929
26021,None,0.0,0.0,0.0,,,20260929
26023,None,0.0,0.0,0.0,,,20260929
26025,None,0.0,0.0,0.0,,,20260929
26027,None,0.0,0.0,0.0,,,20260929
26029,D0,19.9,99.6,0.0,,,20260929
26031,D0,13.8,68.9,0.0,,,20260929
26033,D1,50.3,174.8,0.0,,,20260929
26035,D0,14.5,64.6,0.0,,,20260929
26037,D0,13.7,64.6,0.0,,,20260929
26039,None,0.0,0.0,0.0,,,20260929
26041,D0,20.0,100.0,0.0,,,20260929
26043,D2,79.5,229.6,29.6,,,20260929
26045,None,0.0,0.0,0.0,,,20260929
26047,D0,20.0,100.0,0.0,,,20260929
26049,D1,52.4,180.9,0.0,,,20260929
26051,D0,10.5,51.4,0.0,,,20260929
26053,D3,126.5,303.2,103.2,,,20260929
26055,None,0.0,0.0,0.0,,,20260929
26057,D1,25.6,113.9,0.0,,,20260929
26059,None,0.0,0.0,0.0,,,20260929
26061,D1,25.2,113.1,0.0,,,20260929
26063,D0,20.0,100.0,0.0,,,20260929
26065,None,0.0,0.0,0.0,,,20260929
26067,D0,14.2,70.8,0.0,,,20260929
26069,None,0.0,0.0,0.0,,,20260929
26071,D3,88.6,243.2,43.1,,,20260929
26073,D1,29.9,124.7,0.0,,,20260929
26075,None,0.0,0.0,0.0,,,20260929
26077,None,0.0,0.0,0.0,,,20260929
26079,None,0.0,0.0,0.0,,,20260929
26081,D0,8.4,41.8,0.0,,,20260929
26083,D1,33.1,132.7,0.0,,,20260929
26085,D0,20.0,100.0,0.0,,,20260929
26087,D0,23.6,109.0,0.0,,,20260929
26089,D0,4.1,20.5,0.0,,,20260929
26091,None,0.0,0.0,0.0,,,20260929
26093,D0,15.6,77.9,0.0,,,20260929
26095,D1,55.0,187.5,0.0,,,20260929
26097,D1,50.7,176.6,0.0,,,20260929
26099,D0,20.1,100.1,0.0,,,20260929
26101,D0,10.5,52.5,0.0,,,20260929
26103,D1,48.6,171.4,0.0,,,20260929
26105,D0,20.0,100.0,0.0,,,20260929
26107,D0,20.0,100.0,0.0,,,20260929
26109,D3,96.8,248.8,67.4,,,20260929
26111,D0,21.6,104.1,0.0,,,20260929
26113,None,0.0,0.0,0.0,,,20260929
26115,D0,4.1,20.6,0.0,,,20260929
26117,D0,20.0,100.0,0.0,,,20260929
26119,None,0.0,0.0,0.0,,,20260929
26121,D0,15.9,79.6,0.0,,,20260929
26123,D0,20.0,100.0,0.0,,,20260929
26125,D1,36.3,140.7,0.0,,,20260929
26127,D0,20.0,100.0,0.0,,,20260929
26129,None,0.0,0.0,0.0,,,20260929
26131,D2,67.5,207.2,23.1,,,20260929
26133,D0,12.2,60.9,0.0,,,20260929
26135,None,0.0,0.0,0.0,,,20260929
26137,None,0.3,1.4,0.0,,,20260929
26139,None,0.1,0.4,0.0,,,20260929
26141,D0,7.2,35.9,0.0,,,20260929
26143,None,0.0,0.0,0.0,,,20260929
26145,D1,27.5,118.7,0.0,,,20260929
26147,D0,20.0,100.0,0.0,,,20260929
26149,None,0.0,0.0,0.0,,,20260929
26151,D0,20.0,100.0,0.0,,,20260929
26153,D0,23.6,109.0,0.0,,,20260929
26155,D1,30.2,117.5,0.0,,,20260929
26157,D0,20.0,100.0,0.0,,,20260929
26159,None,0.0,0.0,0.0,,,20260929
26161,D0,12.2,55.2,0.0,,,20260929
26163,D1,35.5,138.7,0.0,,,20260929
26165,D0,2.0,10.2,0.0,,,20260929
27001,D2,120.0,300.0,100.0,,,20260929
27003,D2,120.0,300.0,100.0,,,20260929
27005,D1,62.7,204.4,4.4,,,20260929
27007,D1,26.6,103.4,0.0,,,20260929
27009,D2,118.9,298.1,98.1,,,20260929
27011,D1,63.9,206.4,6.5,,,20260929
27013,None,0.0,0.0,0.0,,,20260929
27015,D0,9.9,49.6,0.0,,,20260929
27017,D3,167.1,358.9,158.9,,,20260929
27019,D1,49.7,174.3,0.0,,,20260929
27021,D2,117.8,296.4,96.3,,,20260929
27023,D1,29.7,123.1,2.5,,,20260929
27025,D2,123.7,304.6,104.6,,,20260929
27027,D3,129.2,308.1,108.1,,,20260929
27029,D1,31.5,120.7,0.0,,,20260929
27031,D2,91.9,253.1,53.1,,,20260929
27033,D1,25.3,113.2,0.0,,,20260929
27035,D2,120.0,300.0,100.0,,,20260929
27037,D2,99.1,265.2,65.2,,,20260929
27039,D0,13.7,68.5,0.0,,,20260929
27041,D1,56.9,192.3,0.0,,,20260929
27043,None,0.0,0.0,0.0,,,20260929
27045,None,0.0,0.0,0.0,,,20260929
27047,None,0.0,0.0,0.0,,,20260929
27049,D2,75.2,221.2,33.6,,,20260929
27051,D1,58.1,195.3,0.0,,,20260929
27053,D2,110.4,284.1,84.1,,,20260929
27055,None,0.0,0.0,0.0,,,20260929
27057,D2,92.9,254.8,54.9,,,20260929
27059,D2,120.0,300.0,100.0,,,20260929
27061,D2,83.4,239.0,39.0,,,20260929
27063,D0,20.0,100.0,0.0,,,20260929
27065,D2,120.0,300.0,100.0,,,20260929
27067,D0,23.0,107.5,0.0,,,20260929
27069,None,0.0,0.0,0.0,,,20260929
27071,D1,57.6,193.9,0.0,,,20260929
27073,D2,84.5,240.9,40.9,,,20260929
27075,D2,88.5,247.6,47.6,,,20260929
27077,D0,14.7,73.3,0.0,,,20260929
27079,D0,7.8,39.0,0.0,,,20260929
27081,D1,60.0,200.0,0.0,,,20260929
27083,D1,60.0,200.0,0.0,,,20260929
27085,D0,21.5,101.0,0.0,,,20260929
27087,D1,56.4,190.9,0.0,,,20260929
27089,None,0.0,0.0,0.0,,,20260929
27091,D0,3.1,15.5,0.0,,,20260929
27093,D1,34.4,135.9,0.0,,,20260929
27095,D2,120.0,300.0,100.0,,,20260929
27097,D2,111.3,285.5,85.5,,,20260929
27099,None,0.0,0.0,0.0,,,20260929
27101,D1,58.1,195.2,0.0,,,20260929
27103,None,0.0,0.0,0.0,,,20260929
27105,D1,33.7,134.2,0.0,,,20260929
27107,D2,84.7,241.2,41.2,,,20260929
27109,D0,7.6,38.0,0.0,,,20260929
27111,D1,38.7,146.4,0.7,,,20260929
27113,None,0.0,0.0,0.0,,,20260929
27115,D3,181.3,376.6,176.6,,,20260929
27117,D1,60.0,200.0,0.0,,,20260929
27119,D1,35.2,127.3,0.0,,,20260929
27121,D1,49.4,173.5,0.0,,,20260929
27123,D2,120.0,300.0,100.0,,,20260929
27125,D0,9.0,38.8,0.0,,,20260929
27127,D1,34.8,136.9,0.0,,,20260929
27129,D0,9.4,46.9,0.0,,,20260929
27131,D1,29.6,122.5,0.0,,,20260929
27133,D1,49.3,173.3,0.0,,,20260929
27135,None,0.2,0.9,0.0,,,20260929
27137,D2,81.6,235.8,35.8,,,20260929
27139,D1,47.5,168.7,0.2,,,20260929
27141,D2,116.4,293.9,93.9,,,20260929
27143,D0,8.0,40.1,0.0,,,20260929
27145,D1,61.2,202.0,2.0,,,20260929
27147,D0,6.5,32.5,0.0,,,20260929
27149,D1,45.3,163.3,0.0,,,20260929
27151,D1,29.8,123.0,3.0,,,20260929
27153,D1,62.3,203.8,3.8,,,20260929
27155,D2,75.1,225.1,25.1,,,20260929
27157,D1,39.0,144.2,3.7,,,20260929
27159,D2,83.7,239.5,39.5,,,20260929
27161,None,0.0,0.0,0.0,,,20260929
27163,D2,120.0,300.0,100.0,,,20260929
27165,D0,4.5,22.3,0.0,,,20260929
27167,D3,127.3,301.6,101.6,,,20260929
27169,None,0.9,4.3,0.0,,,20260929
27171,D2,74.1,223.2,24.1,,,20260929
27173,D1,55.2,188.1,0.0,,,20260929
28001,D2,120.0,300.0,100.0,,,20260929
28003,D2,120.0,300.0,100.0,,,20260929
28005,D2,109.1,281.8,81.8,,,20260929
28007,D1,29.1,122.8,0.0,,,20260929
28009,D2,93.7,256.2,56.2,,,20260929
28011,D4,235.6,434.1,234.1,,,20260929
28013,D1,59.1,197.8,0.0,,,20260929
28015,D3,132.9,310.2,110.2,,,20260929
28017,D1,38.7,146.7,0.0,,,20260929
28019,D1,45.3,163.3,0.0,,,20260929
28021,D2,91.8,253.0,53.0,,,20260929
28023,D1,26.2,115.6,0.0,,,20260929
28025,D1,59.6,199.0,0.0,,,20260929
28027,D2,123.6,304.5,104.5,,,20260929
28029,D1,60.0,200.0,0.0,,,20260929
28031,D2,82.6,237.7,37.7,,,20260929
28033,D2,115.5,292.5,92.5,,,20260929
28035,D2,110.5,284.2,84.2,,,20260929
28037,D2,95.1,258.6,58.6,,,20260929
28039,D1,59.9,199.8,0.0,,,20260929
28041,D1,60.1,200.2,0.2,,,20260929
28043,D3,111.6,280.6,80.6,,,20260929
28045,D0,20.0,100.0,0.0,,,20260929
28047,D0,20.4,101.0,0.0,,,20260929
28049,D2,72.5,220.8,20.8,,,20260929
28051,D3,101.6,265.5,65.5,,,20260929
28053,D3,148.4,334.4,134.4,,,20260929
28055,D2,120.0,300.0,100.0,,,20260929
28057,D1,45.0,162.5,0.0,,,20260929
28059,D1,48.4,171.1,0.0,,,20260929
28061,D1,26.4,116.1,0.0,,,20260929
28063,D2,84.6,241.0,41.0,,,20260929
28065,D2,87.5,245.8,45.8,,,20260929
28067,D2,84.0,240.0,40.0,,,20260929
28069,D0,20.0,100.0,0.0,,,20260929
28071,D1,60.0,200.0,0.0,,,20260929
28073,D2,107.0,278.4,78.4,,,20260929
28075,D0,20.0,100.0,0.0,,,20260929
28077,D1,60.0,200.0,0.0,,,20260929
28079,D0,20.0,100.0,0.0,,,20260929
28081,D1,46.7,166.6,0.0,,,20260929
28083,D3,198.8,398.5,198.5,,,20260929
28085,D1,60.0,200.0,0.0,,,20260929
28087,D1,39.9,149.8,0.0,,,20260929
28089,D1,34.9,137.3,0.0,,,20260929
28091,D2,70.3,217.2,17.1,,,20260929
28093,D2,86.5,244.1,44.1,,,20260929
28095,D1,38.9,147.2,0.0,,,20260929
28097,D1,50.6,174.9,3.4,,,20260929
28099,D0,20.0,100.0,0.0,,,20260929
28101,D0,20.0,100.0,0.0,,,20260929
28103,D1,31.4,128.4,0.0,,,20260929
28105,D1,60.0,200.0,0.0,,,20260929
28107,D1,60.0,200.0,0.0,,,20260929
28109,D1,35.5,138.7,0.0,,,20260929
28111,D2,99.3,265.5,65.5,,,20260929
28113,D1,60.1,200.2,0.2,,,20260929
28115,D1,59.9,199.8,0.0,,,20260929
28117,D2,74.5,224.2,24.2,,,20260929
28119,D2,77.0,228.4,28.4,,,20260929
28121,D1,50.6,176.4,0.0,,,20260929
28123,D0,21.9,104.7,0.0,,,20260929
28125,D2,120.0,300.0,100.0,,,20260929
28127,D1,60.0,200.0,0.0,,,20260929
28129,D1,41.8,154.5,0.0,,,20260929
28131,D1,37.4,143.5,0.0,,,20260929
28133,D3,192.4,390.5,190.5,,,20260929
28135,D2,111.7,283.8,83.8,,,20260929
28137,D1,64.1,206.8,6.8,,,20260929
28139,D2,87.3,245.5,45.5,,,20260929
28141,D2,87.5,245.8,45.8,,,20260929
28143,D2,116.6,294.3,94.3,,,20260929
28145,D1,60.0,200.0,0.0,,,20260929
28147,D1,60.0,200.0,0.0,,,20260929
28149,D2,120.0,300.0,100.0,,,20260929
28151,D3,178.5,371.9,171.9,,,20260929
28153,D1,60.0,200.0,0.0,,,20260929
28155,D1,36.0,140.0,0.0,,,20260929
28157,D2,120.0,299.9,100.0,,,20260929
28159,D1,32.8,132.1,0.0,,,20260929
28161,D1,64.4,207.3,7.3,,,20260929
28163,D2,77.7,228.8,31.0,,,20260929
29001,None,0.0,0.0,0.0,,,20260929
29003,None,0.0,0.0,0.0,,,20260929
29005,None,0.0,0.0,0.0,,,20260929
29007,D1,55.4,188.5,0.0,,,20260929
29009,D3,200.0,400.0,200.0,,,20260929
29011,D2,109.6,281.9,81.9,,,20260929
29013,D1,26.2,115.5,0.0,,,20260929
29015,D1,34.3,119.4,0.0,,,20260929
29017,D1,45.1,162.7,0.0,,,20260929
29019,D0,17.0,84.0,0.0,,,20260929
29021,None,0.0,0.0,0.0,,,20260929
29023,D2,51.0,171.2,12.4,,,20260929
29025,None,0.0,0.0,0.0,,,20260929
29027,D0,18.7,91.2,0.0,,,20260929
29029,D2,96.7,257.4,61.3,,,20260929
29031,D1,53.2,182.9,0.0,,,20260929
29033,None,0.0,0.0,0.0,,,20260929
29035,D2,88.4,247.2,47.4,,,20260929
29037,D0,20.0,99.8,0.0,,,20260929
29039,D2,97.8,263.0,63.0,,,20260929
29041,None,0.0,0.0,0.0,,,20260929
29043,D3,162.5,353.1,153.1,,,20260929
29045,None,0.0,0.0,0.0,,,20260929
29047,None,0.0,0.0,0.0,,,20260929
29049,None,0.0,0.0,0.0,,,20260929
29051,None,0.0,0.1,0.0,,,20260929
29053,None,0.0,0.0,0.0,,,20260929
29055,D1,47.8,169.5,0.0,,,20260929
29057,D3,156.7,345.9,145.9,,,20260929
29059,D3,168.4,360.6,160.6,,,20260929
29061,None,0.0,0.0,0.0,,,20260929
29063,None,0.0,0.0,0.0,,,20260929
29065,D1,60.1,200.2,0.1,,,20260929
29067,D3,185.7,382.1,182.1,,,20260929
29069,D2,65.9,199.7,30.1,,,20260929
29071,D0,6.3,31.4,0.0,,,20260929
29073,D0,9.9,49.3,0.0,,,20260929
29075,None,0.0,0.0,0.0,,,20260929
29077,D3,164.7,355.9,155.9,,,20260929
29079,None,0.0,0.0,0.0,,,20260929
29081,None,0.0,0.0,0.0,,,20260929
29083,D1,33.0,129.7,0.0,,,20260929
29085,D2,79.5,232.4,32.5,,,20260929
29087,None,0.0,0.0,0.0,,,20260929
29089,D0,2.8,14.0,0.0,,,20260929
29091,D2,122.0,300.2,100.2,,,20260929
29093,D1,60.0,200.0,0.0,,,20260929
29095,D0,3.9,19.4,0.0,,,20260929
29097,D3,165.1,353.7,153.7,,,20260929
29099,D0,10.9,52.1,0.0,,,20260929
29101,D0,4.1,20.7,0.0,,,20260929
29103,None,0.0,0.0,0.0,,,20260929
29105,D3,194.9,393.6,193.6,,,20260929
29107,None,0.0,0.0,0.0,,,20260929
29109,D3,200.0,400.0,200.0,,,20260929
29111,None,0.0,0.0,0.0,,,20260929
29113,D1,42.6,156.6,0.0,,,20260929
29115,None,0.0,0.0,0.0,,,20260929
29117,None,0.0,0.0,0.0,,,20260929
29119,D3,200.0,400.0,200.0,,,20260929
29121,None,0.0,0.0,0.0,,,20260929
29123,D1,60.0,200.0,0.0,,,20260929
29125,D0,22.7,106.8,0.0,,,20260929
29127,None,0.0,0.0,0.0,,,20260929
29129,None,0.0,0.0,0.0,,,20260929
29131,D1,23.8,99.8,0.3,,,20260929
29133,D0,2.5,12.6,0.0,,,20260929
29135,None,0.0,0.0,0.0,,,20260929
29137,D1,37.0,134.7,0.0,,,20260929
29139,D1,24.7,111.8,0.0,,,20260929
29141,D0,4.8,22.0,0.0,,,20260929
29143,D0,16.6,83.0,0.0,,,20260929
29145,D3,198.1,397.6,197.6,,,20260929
29147,None,0.0,0.0,0.0,,,20260929
29149,D2,85.2,242.1,42.1,,,20260929
29151,D0,5.1,25.3,0.0,,,20260929
29153,D3,156.0,345.0,145.0,,,20260929
29155,D2,58.1,187.7,15.1,,,20260929
29157,D1,41.5,153.8,0.0,,,20260929
29159,None,0.0,0.0,0.0,,,20260929
29161,D2,69.4,213.9,19.1,,,20260929
29163,D1,59.8,199.4,0.0,,,20260929
29165,None,0.0,0.0,0.0,,,20260929
29167,D3,138.2,322.8,122.8,,,20260929
29169,D3,174.6,366.6,166.6,,,20260929
29171,None,0.0,0.0,0.0,,,20260929
29173,D1,36.6,129.1,0.0,,,20260929
29175,D0,9.4,47.0,0.0,,,20260929
29177,None,0.0,0.0,0.0,,,20260929
29179,D1,60.0,200.0,0.0,,,20260929
29181,D2,79.3,232.2,32.2,,,20260929
29183,D1,21.6,96.5,0.0,,,20260929
29185,D1,60.9,201.5,1.5,,,20260929
29186,D1,43.5,158.8,0.0,,,20260929
29187,D1,59.5,198.9,0.0,,,20260929
29189,D0,11.3,55.9,0.0,,,20260929
29195,None,0.0,0.0,0.0,,,20260929
29197,None,0.0,0.0,0.0,,,20260929
29199,None,0.0,0.0,0.0,,,20260929
29201,D0,10.2,50.7,0.0,,,20260929
29203,D1,60.0,200.0,0.0,,,20260929
29205,None,0.1,0.5,0.0,,,20260929
29207,D0,15.6,78.2,0.0,,,20260929
29209,D3,196.4,395.5,195.5,,,20260929
29211,None,0.0,0.0,0.0,,,20260929
29213,D3,180.2,375.3,175.3,,,20260929
29215,D3,170.9,361.0,161.0,,,20260929
29217,D2,97.9,262.6,64.4,,,20260929
29219,D0,17.2,85.9,0.0,,,20260929
29221,D1,49.3,173.1,0.0,,,20260929
29223,D1,49.8,174.4,0.0,,,20260929
29225,D3,135.9,319.9,119.9,,,20260929
29227,None,0.0,0.0,0.0,,,20260929
29229,D3,175.1,368.9,168.8,,,20260929
29510,D0,20.0,100.0,0.0,,,20260929
30001,D1,28.7,114.5,0.0,,,20260929
30003,D2,91.1,251.8,51.8,,,20260929
30005,D1,27.9,118.7,0.0,,,20260929
30007,D0,18.3,91.6,0.0,,,20260929
30009,D2,89.5,247.7,52.0,,,20260929
30011,D3,178.8,373.4,173.4,,,20260929
30013,None,1.7,8.3,0.0,,,20260929
30015,None,0.5,2.6,0.0,,,20260929
30017,D3,109.2,274.3,77.5,,,20260929
30019,None,0.0,0.0,0.0,,,20260929
30021,D2,81.2,231.1,43.8,,,20260929
30023,D0,14.5,72.6,0.0,,,20260929
30025,D3,176.2,370.2,170.2,,,20260929
30027,D1,53.3,182.4,0.0,,,20260929
30029,None,0.6,2.9,0.0,,,20260929
30031,D1,31.0,127.4,0.0,,,20260929
30033,D1,12.8,53.3,0.0,,,20260929
30035,None,0.0,0.0,0.0,,,20260929
30037,D2,73.7,222.8,22.9,,,20260929
30039,D0,3.3,16.6,0.0,,,20260929
30041,D0,5.2,26.2,0.0,,,20260929
30043,D0,18.4,91.9,0.0,,,20260929
30045,D1,44.0,156.9,0.0,,,20260929
30047,None,1.3,6.4,0.0,,,20260929
30049,None,0.1,0.4,0.0,,,20260929
30051,None,0.0,0.0,0.0,,,20260929
30053,D0,12.9,61.1,0.0,,,20260929
30055,D0,17.0,84.3,0.0,,,20260929
30057,D1,55.6,188.9,0.0,,,20260929
30059,D1,35.3,135.5,0.0,,,20260929
30061,D0,13.8,65.2,0.0,,,20260929
30063,None,0.2,1.1,0.0,,,20260929
30065,D1,60.0,200.0,0.0,,,20260929
30067,D1,29.7,124.2,0.0,,,20260929
30069,D1,30.6,112.6,0.0,,,20260929
30071,D0,11.1,48.3,0.0,,,20260929
30073,None,0.0,0.0,0.0,,,20260929
30075,D3,185.3,380.7,180.7,,,20260929
30077,D0,2.9,14.5,0.0,,,20260929
30079,D2,78.7,220.5,52.6,,,20260929
30081,None,0.0,0.0,0.0,,,20260929
30083,D2,61.1,189.4,26.7,,,20260929
30085,D0,11.2,54.7,0.0,,,20260929
30087,D1,64.7,206.8,9.9,,,20260929
30089,D0,20.4,96.6,0.0,,,20260929
30091,None,1.9,9.6,0.0,,,20260929
30093,D0,20.0,100.0,0.0,,,20260929
30095,D2,63.1,202.3,10.9,,,20260929
30097,D2,80.6,231.2,40.5,,,20260929
30099,None,0.0,0.0,0.0,,,20260929
30101,None,0.0,0.0,0.0,,,20260929
30103,D1,60.0,200.0,0.0,,,20260929
30105,None,0.0,0.0,0.0,,,20260929
30107,D1,65.6,209.3,9.3,,,20260929
30109,D3,133.0,316.3,116.3,,,20260929
30111,D1,60.0,200.0,0.0,,,20260929
31001,None,0.0,0.0,0.0,,,20260929
31003,D1,52.2,180.5,0.0,,,20260929
31005,D2,117.9,296.5,96.5,,,20260929
31007,D4,219.2,419.2,219.2,,,20260929
31009,D0,22.3,105.8,0.0,,,20260929
31011,D1,16.0,61.1,0.0,,,20260929
31013,D3,164.7,355.3,155.3,,,20260929
31015,D0,20.5,101.2,0.0,,,20260929
31017,D1,25.6,107.2,0.0,,,20260929
31019,D0,8.3,41.4,0.0,,,20260929
31021,D1,38.7,137.2,0.0,,,20260929
31023,None,0.0,0.0,0.0,,,20260929
31025,None,0.0,0.0,0.0,,,20260929
31027,D1,60.0,200.0,0.0,,,20260929
31029,D2,69.0,214.4,16.2,,,20260929
31031,D1,29.0,113.9,0.0,,,20260929
31033,D4,141.6,315.9,115.9,,,20260929
31035,None,0.0,0.0,0.0,,,20260929
31037,None,0.1,0.7,0.0,,,20260929
31039,D1,54.7,184.0,0.0,,,20260929
31041,D1,30.1,122.4,5.5,,,20260929
31043,D1,56.8,191.9,0.0,,,20260929
31045,D4,135.6,309.3,109.3,,,20260929
31047,D2,51.8,168.4,22.2,,,20260929
31049,D2,94.6,257.6,57.6,,,20260929
31051,D1,59.6,199.1,0.0,,,20260929
31053,None,0.0,0.0,0.0,,,20260929
31055,None,0.0,0.0,0.0,,,20260929
31057,D1,46.5,166.2,0.0,,,20260929
31059,None,0.0,0.0,0.0,,,20260929
31061,D1,15.2,60.7,0.0,,,20260929
31063,D1,60.9,199.7,5.3,,,20260929
31065,D1,28.1,120.3,0.0,,,20260929
31067,None,0.0,0.0,0.0,,,20260929
31069,D2,112.3,287.1,87.1,,,20260929
31071,D1,26.3,115.2,0.0,,,20260929
31073,D1,45.3,162.9,0.6,,,20260929
31075,D1,65.5,209.2,9.2,,,20260929
31077,None,0.0,0.0,0.0,,,20260929
31079,None,0.0,0.0,0.0,,,20260929
31081,None,0.0,0.0,0.0,,,20260929
31083,D1,43.2,158.1,0.0,,,20260929
31085,D1,61.1,200.0,5.5,,,20260929
31087,D0,21.3,103.2,0.0,,,20260929
31089,D1,36.7,141.7,0.0,,,20260929
31091,D2,83.7,239.5,39.5,,,20260929
31093,None,0.0,0.0,0.0,,,20260929
31095,None,0.0,0.0,0.0,,,20260929
31097,None,0.0,0.0,0.0,,,20260929
31099,None,0.4,1.8,0.0,,,20260929
31101,D2,120.0,300.0,100.0,,,20260929
31103,D1,30.2,110.2,0.0,,,20260929
31105,D4,200.0,393.6,193.6,,,20260929
31107,D1,52.0,180.1,0.0,,,20260929
31109,None,0.0,0.0,0.0,,,20260929
31111,D2,105.3,275.5,75.5,,,20260929
31113,D2,86.8,242.1,50.0,,,20260929
31115,D1,48.1,170.3,0.0,,,20260929
31117,D2,87.1,245.2,45.2,,,20260929
31119,D1,33.7,134.3,0.0,,,20260929
31121,None,0.0,0.0,0.0,,,20260929
31123,D3,145.4,331.5,131.5,,,20260929
31125,None,0.0,0.0,0.0,,,20260929
31127,None,0.0,0.0,0.0,,,20260929
31129,None,0.0,0.0,0.0,,,20260929
31131,None,0.0,0.0,0.0,,,20260929
31133,None,0.0,0.0,0.0,,,20260929
31135,D2,112.7,287.8,87.8,,,20260929
31137,D1,27.9,110.1,0.0,,,20260929
31139,D1,57.0,192.6,0.0,,,20260929
31141,None,3.0,12.0,0.0,,,20260929
31143,None,0.0,0.0,0.0,,,20260929
31145,D0,23.4,108.6,0.0,,,20260929
31147,None,0.0,0.0,0.0,,,20260929
31149,D1,45.6,164.0,0.0,,,20260929
31151,None,0.0,0.0,0.0,,,20260929
31153,None,0.0,0.0,0.0,,,20260929
31155,None,0.0,0.0,0.0,,,20260929
31157,D3,199.9,399.9,199.9,,,20260929
31159,None,0.0,0.0,0.0,,,20260929
31161,D2,95.7,259.5,59.5,,,20260929
31163,D0,5.8,29.0,0.0,,,20260929
31165,D3,146.3,327.6,127.6,,,20260929
31167,D1,57.7,194.0,0.0,,,20260929
31169,None,0.0,0.0,0.0,,,20260929
31171,D1,37.1,141.3,3.0,,,20260929
31173,D1,59.2,198.1,0.0,,,20260929
31175,D0,10.9,54.5,0.0,,,20260929
31177,None,0.0,0.0,0.0,,,20260929
31179,D1,60.0,200.0,0.0,,,20260929
31181,None,0.0,0.0,0.0,,,20260929
31183,D0,21.2,97.1,0.0,,,20260929
31185,None,0.0,0.0,0.0,,,20260929
32001,D2,66.7,211.1,11.1,,,20260929
32003,D2,96.3,260.6,60.6,,,20260929
32005,D1,29.8,124.6,0.0,,,20260929
32007,D3,156.1,344.0,144.0,,,20260929
32009,D1,51.1,177.6,0.0,,,20260929
32011,D2,120.0,300.0,100.0,,,20260929
32013,D3,100.8,264.4,64.4,,,20260929
32015,D2,116.5,294.2,94.2,,,20260929
32017,D2,118.2,297.0,97.0,,,20260929
32019,D1,34.5,136.3,0.0,,,20260929
32021,D1,38.7,146.8,0.0,,,20260929
32023,D2,77.9,229.8,29.8,,,20260929
32027,D2,98.1,263.5,63.5,,,20260929
32029,D1,60.0,200.0,0.0,,,20260929
32031,D1,60.0,200.0,0.0,,,20260929
32033,D2,120.0,300.0,100.0,,,20260929
32510,D1,57.9,194.8,0.0,,,20260929
33001,D1,54.5,186.2,0.0,,,20260929
33003,D1,60.0,200.0,0.0,,,20260929
33005,D0,12.0,60.1,0.0,,,20260929
33007,D1,38.7,146.9,0.0,,,20260929
33009,D1,48.3,170.8,0.0,,,20260929
33011,D0,21.2,99.0,0.0,,,20260929
33013,D1,32.3,130.7,0.0,,,20260929
33015,D1,59.8,199.5,0.0,,,20260929
33017,D1,60.0,200.0,0.0,,,20260929
33019,D0,19.8,98.9,0.0,,,20260929
34001,D0,18.9,94.4,0.0,,,20260929
34003,None,0.0,0.0,0.0,,,20260929
34005,D0,7.6,38.0,0.0,,,20260929
34007,None,0.0,0.0,0.0,,,20260929
34009,D0,17.6,88.0,0.0,,,20260929
34011,D0,2.8,14.2,0.0,,,20260929
34013,None,0.0,0.0,0.0,,,20260929
34015,None,0.0,0.0,0.0,,,20260929
34017,None,0.0,0.0,0.0,,,20260929
34019,None,0.0,0.0,0.0,,,20260929
34021,None,0.0,0.0,0.0,,,20260929
34023,None,0.0,0.0,0.0,,,20260929
34025,None,0.0,0.0,0.0,,,20260929
34027,None,0.0,0.0,0.0,,,20260929
34029,D0,14.3,71.4,0.0,,,20260929
34031,None,0.0,0.0,0.0,,,20260929
34033,None,0.0,0.0,0.0,,,20260929
34035,None,0.0,0.0,0.0,,,20260929
34037,None,0.0,0.0,0.0,,,20260929
34039,None,0.0,0.0,0.0,,,20260929
34041,None,0.0,0.0,0.0,,,20260929
35001,D2,120.0,300.0,100.0,,,20260929
35003,D1,49.3,172.8,0.9,,,20260929
35005,D2,75.0,225.0,25.0,,,20260929
35006,D2,51.6,173.2,11.8,,,20260929
35007,D3,195.7,394.6,194.6,,,20260929
35009,D1,61.6,202.7,2.7,,,20260929
35011,D1,64.6,207.7,7.7,,,20260929
35013,D1,22.6,83.5,0.0,,,20260929
35015,D2,70.4,217.4,17.4,,,20260929
35017,D2,93.6,256.1,56.1,,,20260929
35019,D2,126.0,307.1,107.1,,,20260929
35021,D3,174.1,367.6,167.6,,,20260929
35023,D2,98.7,260.1,73.1,,,20260929
35025,D1,61.0,201.7,1.7,,,20260929
35027,D3,123.3,296.5,96.8,,,20260929
35028,D3,200.0,400.0,200.0,,,20260929
35029,D2,72.3,213.3,33.5,,,20260929
35031,D2,66.0,209.2,11.9,,,20260929
35033,D3,148.7,335.9,135.9,,,20260929
35035,D2,64.7,199.5,23.6,,,20260929
35037,D2,116.2,293.7,93.7,,,20260929
35039,D3,165.7,355.9,155.9,,,20260929
35041,D1,60.0,200.0,0.0,,,20260929
35043,D3,126.1,306.5,106.5,,,20260929
35045,D2,108.3,280.4,80.4,,,20260929
35047,D3,136.1,320.2,120.2,,,20260929
35049,D3,189.4,386.8,186.8,,,20260929
35051,D1,60.0,199.9,0.0,,,20260929
35053,D1,40.3,149.4,2.8,,,20260929
35055,D3,175.6,369.5,169.5,,,20260929
35057,D3,168.5,360.1,160.1,,,20260929
35059,D3,157.9,347.0,147.0,,,20260929
35061,D2,119.3,298.8,98.8,,,20260929
36001,None,0.0,0.0,0.0,,,20260929
36003,D0,3.6,18.2,0.0,,,20260929
36005,None,0.0,0.0,0.0,,,20260929
36007,None,0.0,0.0,0.0,,,20260929
36009,D0,6.3,31.4,0.0,,,20260929
36011,D0,12.6,62.9,0.0,,,20260929
36013,D0,11.3,56.6,0.0,,,20260929
36015,None,0.0,0.0,0.0,,,20260929
36017,None,0.0,0.0,0.0,,,20260929
36019,D0,18.2,91.1,0.0,,,20260929
36021,None,0.0,0.0,0.0,,,20260929
36023,None,0.0,0.0,0.0,,,20260929
36025,None,0.0,0.0,0.0,,,20260929
36027,None,0.4,2.2,0.0,,,20260929
36029,D0,15.2,75.9,0.0,,,20260929
36031,D0,14.8,74.1,0.0,,,20260929
36033,D0,5.7,28.7,0.0,,,20260929
36035,D0,6.9,34.6,0.0,,,20260929
36037,D0,4.8,24.2,0.0,,,20260929
36039,None,0.0,0.0,0.0,,,20260929
36041,D0,17.3,86.3,0.0,,,20260929
36043,D0,18.1,90.5,0.0,,,20260929
36045,None,0.0,0.0,0.0,,,20260929
36047,None,0.0,0.0,0.0,,,20260929
36049,D0,6.8,33.9,0.0,,,20260929
36051,D0,18.8,94.0,0.0,,,20260929
36053,D0,12.4,62.0,0.0,,,20260929
36055,None,0.1,0.6,0.0,,,20260929
36057,None,0.3,1.4,0.0,,,20260929
36059,None,0.0,0.0,0.0,,,20260929
36061,None,0.0,0.0,0.0,,,20260929
36063,None,0.0,0.0,0.0,,,20260929
36065,D0,20.0,100.0,0.0,,,20260929
36067,D0,16.6,83.1,0.0,,,20260929
36069,D0,19.0,94.8,0.0,,,20260929
36071,None,0.0,0.0,0.0,,,20260929
36073,None,0.0,0.0,0.0,,,20260929
36075,D0,17.0,85.1,0.0,,,20260929
36077,None,0.5,2.4,0.0,,,20260929
36079,None,0.0,0.0,0.0,,,20260929
36081,None,0.0,0.0,0.0,,,20260929
36083,None,0.0,0.0,0.0,,,20260929
36085,None,0.0,0.0,0.0,,,20260929
36087,None,0.0,0.0,0.0,,,20260929
36089,None,0.7,3.3,0.0,,,20260929
36091,None,0.0,0.0,0.0,,,20260929
36093,None,0.0,0.0,0.0,,,20260929
36095,None,0.0,0.0,0.0,,,20260929
36097,None,0.0,0.0,0.0,,,20260929
36099,D0,15.1,75.5,0.0,,,20260929
36101,D0,3.1,15.5,0.0,,,20260929
36103,D0,4.7,23.3,0.0,,,20260929
36105,None,0.0,0.0,0.0,,,20260929
36107,None,0.0,0.0,0.0,,,20260929
36109,None,0.0,0.0,0.0,,,20260929
36111,None,0.0,0.0,0.0,,,20260929
36113,None,1.1,5.6,0.0,,,20260929
36115,None,0.0,0.0,0.0,,,20260929
36117,D0,13.1,65.6,0.0,,,20260929
36119,None,0.0,0.0,0.0,,,20260929
36121,D0,20.0,100.0,0.0,,,20260929
36123,D0,19.0,94.9,0.0,,,20260929
37001,D2,75.5,224.9,27.6,,,20260929
37003,D0,14.5,72.5,0.0,,,20260929
37005,D0,21.2,102.9,0.0,,,20260929
37007,D1,60.0,200.0,0.0,,,20260929
37009,D0,20.0,100.0,0.0,,,20260929
37011,D0,12.5,62.7,0.0,,,20260929
37013,D1,20.3,80.1,0.0,,,20260929
37015,D1,53.5,182.0,3.4,,,20260929
37017,D2,97.8,258.7,71.9,,,20260929
37019,D3,113.5,276.7,81.4,,,20260929
37021,D0,16.8,83.9,0.0,,,20260929
37023,None,1.4,7.2,0.0,,,20260929
37025,D1,39.2,148.0,0.0,,,20260929
37027,None,0.1,0.5,0.0,,,20260929
37029,D0,20.0,100.0,0.0,,,20260929
37031,D1,28.9,118.3,0.0,,,20260929
37033,D3,180.6,375.8,175.8,,,20260929
37035,D1,40.6,151.5,0.0,,,20260929
37037,D2,71.9,210.4,38.6,,,20260929
37039,D1,24.0,108.7,0.0,,,20260929
37041,D0,20.0,100.0,0.0,,,20260929
37043,D1,26.9,117.2,0.0,,,20260929
37045,D1,25.4,109.7,0.0,,,20260929
37047,D2,118.8,297.3,97.3,,,20260929
37049,D2,48.1,163.2,13.9,,,20260929
37051,D1,27.5,118.2,1.1,,,20260929
37053,D0,20.0,100.0,0.0,,,20260929
37055,None,1.6,7.9,0.0,,,20260929
37057,D1,31.7,129.3,0.0,,,20260929
37059,D1,34.9,137.2,0.1,,,20260929
37061,D2,93.8,256.1,57.0,,,20260929
37063,D2,88.9,248.2,48.2,,,20260929
37065,D2,68.2,213.6,13.6,,,20260929
37067,D2,102.3,268.9,69.0,,,20260929
37069,D2,119.0,298.3,98.3,,,20260929
37071,D0,20.7,101.8,0.0,,,20260929
37073,D1,31.3,128.2,0.0,,,20260929
37075,D0,17.2,85.4,0.0,,,20260929
37077,D3,104.8,268.3,68.3,,,20260929
37079,D3,150.9,338.7,138.7,,,20260929
37081,D3,129.8,298.8,98.8,,,20260929
37083,D3,124.0,294.1,94.1,,,20260929
37085,D2,90.5,248.9,54.6,,,20260929
37087,D1,50.5,174.1,4.0,,,20260929
37089,D1,36.1,123.0,1.6,,,20260929
37091,D2,87.7,244.4,49.6,,,20260929
37093,D0,21.9,104.9,0.0,,,20260929
37095,None,0.0,0.0,0.0,,,20260929
37097,D0,21.9,104.8,0.0,,,20260929
37099,D1,60.4,200.6,0.6,,,20260929
37101,D2,88.1,246.8,46.8,,,20260929
37103,D2,72.0,218.4,23.0,,,20260929
37105,D2,76.2,227.0,27.0,,,20260929
37107,D3,159.8,349.8,149.8,,,20260929
37109,D1,37.3,143.3,0.0,,,20260929
37111,None,0.0,0.1,0.0,,,20260929
37113,D1,59.9,199.8,0.0,,,20260929
37115,D0,13.1,65.6,0.0,,,20260929
37117,D1,51.7,179.3,0.0,,,20260929
37119,D1,29.0,122.6,0.0,,,20260929
37121,D0,17.6,88.0,0.0,,,20260929
37123,D1,60.0,200.0,0.0,,,20260929
37125,D1,56.2,190.4,0.0,,,20260929
37127,D2,88.7,246.9,46.9,,,20260929
37129,D0,22.8,107.1,0.0,,,20260929
37131,D3,110.6,279.9,79.9,,,20260929
37133,D1,56.0,190.1,0.0,,,20260929
37135,D2,80.7,234.4,34.4,,,20260929
37137,D0,14.4,71.9,0.0,,,20260929
37139,D0,20.0,100.0,0.0,,,20260929
37141,D2,48.0,162.0,15.8,,,20260929
37143,D0,20.0,100.0,0.0,,,20260929
37145,D3,164.2,355.1,155.1,,,20260929
37147,D2,96.4,260.7,60.7,,,20260929
37149,D0,6.3,24.9,0.0,,,20260929
37151,D1,29.5,123.8,0.0,,,20260929
37153,D1,51.1,177.7,0.0,,,20260929
37155,D2,86.4,236.2,59.7,,,20260929
37157,D4,218.0,418.0,218.0,,,20260929
37159,D0,23.6,108.9,0.0,,,20260929
37161,D0,2.8,14.1,0.0,,,20260929
37163,D2,70.7,214.3,25.0,,,20260929
37165,D1,31.9,128.7,2.2,,,20260929
37167,D1,60.0,200.0,0.0,,,20260929
37169,D3,125.0,297.6,97.6,,,20260929
37171,D1,60.3,200.5,0.5,,,20260929
37173,D1,48.5,171.3,0.0,,,20260929
37175,D2,84.2,240.3,40.3,,,20260929
37177,None,0.0,0.0,0.0,,,20260929
37179,D1,60.0,200.0,0.0,,,20260929
37181,D2,97.7,262.8,62.8,,,20260929
37183,D2,119.7,299.5,99.5,,,20260929
37185,D3,145.8,332.2,132.2,,,20260929
37187,D0,2.4,12.2,0.0,,,20260929
37189,D0,16.4,82.0,0.0,,,20260929
37191,D2,120.0,300.0,100.0,,,20260929
37193,D0,16.5,74.5,0.0,,,20260929
37195,D2,101.0,268.3,68.3,,,20260929
37197,D2,94.8,257.9,58.3,,,20260929
37199,D0,18.8,93.9,0.0,,,20260929
38001,D1,28.8,121.8,0.3,,,20260929
38003,D2,111.1,285.1,85.1,,,20260929
38005,None,0.2,1.0,0.0,,,20260929
38007,D3,134.2,317.7,117.7,,,20260929
38009,None,0.0,0.0,0.0,,,20260929
38011,D3,157.5,346.5,146.5,,,20260929
38013,None,0.0,0.0,0.0,,,20260929
38015,D2,98.7,264.5,64.5,,,20260929
38017,D3,130.7,313.4,113.4,,,20260929
38019,None,0.0,0.0,0.0,,,20260929
38021,D1,37.2,132.5,7.4,,,20260929
38023,None,0.0,0.0,0.0,,,20260929
38025,D2,118.2,297.0,97.2,,,20260929
38027,D1,41.7,149.2,0.0,,,20260929
38029,D2,62.3,200.2,10.9,,,20260929
38031,D1,55.5,188.8,0.0,,,20260929
38033,D3,200.0,400.0,200.0,,,20260929
38035,D1,44.5,156.0,0.0,,,20260929
38037,D2,68.7,214.3,14.7,,,20260929
38039,D2,95.6,259.3,59.3,,,20260929
38041,D1,32.5,131.3,0.0,,,20260929
38043,D1,55.8,189.6,0.0,,,20260929
38045,D2,78.0,228.6,29.7,,,20260929
38047,D1,29.0,122.6,0.0,,,20260929
38049,D0,4.2,17.0,0.0,,,20260929
38051,D1,25.0,111.8,0.0,,,20260929
38053,D3,121.3,293.0,97.4,,,20260929
38055,D2,83.5,238.0,41.8,,,20260929
38057,D2,120.0,300.0,100.0,,,20260929
38059,D2,117.0,295.1,95.1,,,20260929
38061,D0,17.3,77.4,0.0,,,20260929
38063,D1,38.2,140.3,0.0,,,20260929
38065,D2,120.0,300.0,100.0,,,20260929
38067,None,0.0,0.0,0.0,,,20260929
38069,None,0.1,0.3,0.0,,,20260929
38071,None,0.0,0.0,0.0,,,20260929
38073,D3,193.2,391.5,191.5,,,20260929
38075,None,0.0,0.0,0.0,,,20260929
38077,D3,185.9,382.4,182.4,,,20260929
38079,None,0.0,0.0,0.0,,,20260929
38081,D3,137.6,320.2,120.2,,,20260929
38083,D2,80.6,232.0,39.1,,,20260929
38085,D2,74.2,223.6,23.6,,,20260929
38087,D3,144.6,329.5,129.5,,,20260929
38089,D2,71.3,218.9,18.9,,,20260929
38091,D2,102.3,270.6,70.6,,,20260929
38093,D1,51.7,179.2,0.0,,,20260929
38095,None,0.0,0.0,0.0,,,20260929
38097,D2,95.0,258.3,58.3,,,20260929
38099,None,0.0,0.0,0.0,,,20260929
38101,D0,6.6,27.6,0.0,,,20260929
38103,D1,31.4,125.2,0.0,,,20260929
38105,D1,13.9,57.6,0.0,,,20260929
39001,None,0.0,0.0,0.0,,,20260929
39003,None,0.0,0.0,0.0,,,20260929
39005,None,0.0,0.0,0.0,,,20260929
39007,D0,5.1,25.3,0.0,,,20260929
39009,None,0.0,0.0,0.0,,,20260929
39011,None,0.0,0.0,0.0,,,20260929
39013,None,0.0,0.0,0.0,,,20260929
39015,None,0.0,0.0,0.0,,,20260929
39017,None,0.0,0.0,0.0,,,20260929
39019,None,0.0,0.0,0.0,,,20260929
39021,None,0.0,0.0,0.0,,,20260929
39023,None,0.0,0.0,0.0,,,20260929
39025,None,0.0,0.0,0.0,,,20260929
39027,None,0.0,0.0,0.0,,,20260929
39029,None,0.0,0.0,0.0,,,20260929
39031,None,0.0,0.0,0.0,,,20260929
39033,None,0.0,0.0,0.0,,,20260929
39035,None,0.0,0.0,0.0,,,20260929
39037,None,0.0,0.0,0.0,,,20260929
39039,None,0.0,0.0,0.0,,,20260929
39041,None,0.0,0.0,0.0,,,20260929
39043,None,0.0,0.0,0.0,,,20260929
39045,None,0.0,0.0,0.0,,,20260929
39047,None,0.0,0.0,0.0,,,20260929
39049,None,0.0,0.0,0.0,,,20260929
39051,None,0.0,0.0,0.0,,,20260929
39053,None,0.0,0.0,0.0,,,20260929
39055,None,0.0,0.0,0.0,,,20260929
39057,None,0.0,0.0,0.0,,,20260929
39059,None,0.0,0.0,0.0,,,20260929
39061,None,0.0,0.0,0.0,,,20260929
39063,None,0.0,0.0,0.0,,,20260929
39065,None,0.0,0.0,0.0,,,20260929
39067,None,0.0,0.0,0.0,,,20260929
39069,None,0.0,0.0,0.0,,,20260929
39071,None,0.0,0.0,0.0,,,20260929
39073,None,0.0,0.0,0.0,,,20260929
39075,None,0.0,0.0,0.0,,,20260929
39077,None,0.0,0.0,0.0,,,20260929
39079,None,0.0,0.0,0.0,,,20260929
39081,None,0.0,0.0,0.0,,,20260929
39083,None,0.0,0.0,0.0,,,20260929
39085,D0,2.6,12.8,0.0,,,20260929
39087,None,0.0,0.0,0.0,,,20260929
39089,None,0.0,0.0,0.0,,,20260929
39091,None,0.0,0.0,0.0,,,20260929
39093,None,0.0,0.0,0.0,,,20260929
39095,None,0.0,0.0,0.0,,,20260929
39097,None,0.0,0.0,0.0,,,20260929
39099,None,0.0,0.0,0.0,,,20260929
39101,None,0.0,0.0,0.0,,,20260929
39103,None,0.0,0.0,0.0,,,20260929
39105,None,0.0,0.0,0.0,,,20260929
39107,None,0.0,0.0,0.0,,,20260929
39109,None,0.0,0.0,0.0,,,20260929
39111,None,0.0,0.0,0.0,,,20260929
39113,None,0.0,0.0,0.0,,,20260929
39115,None,0.0,0.0,0.0,,,20260929
39117,None,0.0,0.0,0.0,,,20260929
39119,None,0.0,0.0,0.0,,,20260929
39121,None,0.0,0.0,0.0,,,20260929
39123,None,0.0,0.0,0.0,,,20260929
39125,None,0.0,0.0,0.0,,,20260929
39127,None,0.0,0.0,0.0,,,20260929
39129,None,0.0,0.0,0.0,,,20260929
39131,None,0.0,0.0,0.0,,,20260929
39133,None,0.0,0.0,0.0,,,20260929
39135,None,0.0,0.0,0.0,,,20260929
39137,None,0.0,0.0,0.0,,,20260929
39139,None,0.0,0.0,0.0,,,20260929
39141,None,0.0,0.0,0.0,,,20260929
39143,None,0.0,0.0,0.0,,,20260929
39145,None,0.0,0.0,0.0,,,20260929
39147,None,0.0,0.0,0.0,,,20260929
39149,None,0.0,0.0,0.0,,,20260929
39151,None,0.0,0.0,0.0,,,20260929
39153,None,0.0,0.0,0.0,,,20260929
39155,None,0.0,0.0,0.0,,,20260929
39157,None,0.0,0.0,0.0,,,20260929
39159,None,0.0,0.0,0.0,,,20260929
39161,None,0.0,0.0,0.0,,,20260929
39163,None,0.0,0.0,0.0,,,20260929
39165,None,0.0,0.0,0.0,,,20260929
39167,None,0.0,0.0,0.0,,,20260929
39169,None,0.0,0.0,0.0,,,20260929
39171,None,0.0,0.0,0.0,,,20260929
39173,None,0.0,0.0,0.0,,,20260929
39175,None,0.0,0.0,0.0,,,20260929
40001,D2,127.1,308.9,108.9,,,20260929
40003,D3,164.7,354.7,154.7,,,20260929
40005,D4,238.4,436.8,236.8,,,20260929
40007,D3,118.3,293.7,93.7,,,20260929
40009,D4,252.4,452.0,252.0,,,20260929
40011,D4,300.0,500.0,300.0,,,20260929
40013,D4,277.8,477.8,277.8,,,20260929
40015,D4,244.7,444.6,244.7,,,20260929
40017,D4,300.0,500.0,300.0,,,20260929
40019,D3,184.7,380.8,180.8,,,20260929
40021,D2,120.0,300.0,100.0,,,20260929
40023,D4,299.7,499.7,299.7,,,20260929
40025,D2,120.0,299.1,99.1,,,20260929
40027,D4,215.4,415.4,215.4,,,20260929
40029,D3,200.0,400.0,200.0,,,20260929
40031,D3,205.5,405.5,205.5,,,20260929
40033,D4,211.0,411.0,211.0,,,20260929
40035,D2,122.1,302.6,102.6,,,20260929
40037,D2,118.5,296.5,96.5,,,20260929
40039,D4,300.0,500.0,300.0,,,20260929
40041,D3,195.5,394.4,194.4,,,20260929
40043,D4,300.0,500.0,300.0,,,20260929
40045,D4,179.8,369.0,169.0,,,20260929
40047,D4,177.9,368.7,168.7,,,20260929
40049,D3,155.5,344.4,144.4,,,20260929
40051,D4,292.9,492.9,292.9,,,20260929
40053,D2,119.0,297.9,97.8,,,20260929
40055,D4,281.5,481.5,281.5,,,20260929
40057,D4,215.5,414.1,214.2,,,20260929
40059,D2,121.4,301.7,101.7,,,20260929
40061,D3,199.4,399.3,199.3,,,20260929
40063,D3,152.5,340.6,140.6,,,20260929
40065,D4,299.8,499.8,299.8,,,20260929
40067,D4,221.3,421.3,221.3,,,20260929
40069,D3,205.7,405.6,205.6,,,20260929
40071,D1,65.8,209.7,9.7,,,20260929
40073,D4,289.1,489.1,289.1,,,20260929
40075,D4,286.8,486.8,286.8,,,20260929
40077,D3,149.3,336.7,136.7,,,20260929
40079,D3,165.9,357.4,157.3,,,20260929
40081,D3,188.9,386.1,186.1,,,20260929
40083,D3,208.3,408.3,208.3,,,20260929
40085,D3,159.7,349.6,149.6,,,20260929
40087,D4,217.0,414.5,214.5,,,20260929
40089,D3,142.2,326.8,126.8,,,20260929
40091,D2,126.8,308.5,108.5,,,20260929
40093,D4,263.6,463.6,263.6,,,20260929
40095,D3,198.7,398.4,198.4,,,20260929
40097,D2,126.6,308.3,108.3,,,20260929
40099,D3,128.8,311.0,111.0,,,20260929
40101,D3,145.5,331.9,131.9,,,20260929
40103,D3,122.7,301.1,101.1,,,20260929
40105,D2,120.0,300.0,100.0,,,20260929
40107,D3,136.9,321.1,121.1,,,20260929
40109,D4,237.8,437.8,237.8,,,20260929
40111,D2,120.0,300.0,100.0,,,20260929
40113,D1,62.3,203.9,3.9,,,20260929
40115,D3,166.0,357.5,157.5,,,20260929
40117,D2,86.0,243.4,43.4,,,20260929
40119,D3,147.5,334.4,134.4,,,20260929
40121,D2,124.1,305.1,105.1,,,20260929
40123,D3,156.4,345.5,145.5,,,20260929
40125,D3,180.1,375.1,175.1,,,20260929
40127,D3,157.8,344.9,144.9,,,20260929
40129,D4,274.7,474.7,274.7,,,20260929
40131,D2,116.9,294.8,94.8,,,20260929
40133,D3,185.3,381.6,181.6,,,20260929
40135,D3,199.2,399.0,199.0,,,20260929
40137,D4,275.9,475.9,275.9,,,20260929
40139,D3,137.4,307.4,113.5,,,20260929
40141,D4,293.7,493.7,293.7,,,20260929
40143,D2,85.1,241.9,41.9,,,20260929
40145,D2,120.0,300.0,100.0,,,20260929
40147,D2,91.8,252.9,52.9,,,20260929
40149,D4,293.2,493.2,293.2,,,20260929
40151,D3,154.8,343.4,143.4,,,20260929
40153,D4,196.8,389.0,189.0,,,20260929
41001,D3,144.7,330.9,130.9,,,20260929
41003,D2,94.3,256.7,58.1,,,20260929
41005,D2,65.6,207.5,12.9,,,20260929
41007,None,1.7,8.3,0.0,,,20260929
41009,D0,19.9,99.2,0.0,,,20260929
41011,D1,44.1,159.8,0.8,,,20260929
41013,D3,172.7,363.6,163.6,,,20260929
41015,D1,37.1,142.7,0.0,,,20260929
41017,D3,161.1,348.9,148.9,,,20260929
41019,D2,109.6,280.9,86.1,,,20260929
41021,D2,45.0,155.3,14.6,,,20260929
41023,D3,198.2,397.7,197.7,,,20260929
41025,D2,88.9,246.9,46.9,,,20260929
41027,D1,42.0,154.9,0.0,,,20260929
41029,D2,109.2,281.9,81.9,,,20260929
41031,D3,191.9,389.9,189.8,,,20260929
41033,D2,70.6,217.7,17.7,,,20260929
41035,D2,82.3,237.0,37.0,,,20260929
41037,D1,61.7,202.8,2.9,,,20260929
41039,D3,142.4,318.7,130.0,,,20260929
41041,D1,24.9,112.3,0.0,,,20260929
41043,D3,135.0,318.6,118.6,,,20260929
41045,D3,116.0,286.9,93.3,,,20260929
41047,D2,81.8,236.1,36.7,,,20260929
41049,D3,86.0,230.5,57.1,,,20260929
41051,D1,34.5,136.3,0.0,,,20260929
41053,D1,53.9,182.4,4.5,,,20260929
41055,D1,25.4,113.5,0.0,,,20260929
41057,D0,7.6,37.8,0.0,,,20260929
41059,D3,154.3,339.0,141.3,,,20260929
41061,D3,164.4,355.5,155.5,,,20260929
41063,D2,117.6,296.0,96.0,,,20260929
41065,D2,75.7,215.7,44.0,,,20260929
41067,D0,20.0,100.0,0.0,,,20260929
41069,D3,180.1,375.2,175.2,,,20260929
41071,D1,26.1,115.2,0.0,,,20260929
42001,D1,17.5,64.0,0.0,,,20260929
42003,None,0.0,0.0,0.0,,,20260929
42005,None,0.0,0.0,0.0,,,20260929
42007,None,0.0,0.0,0.0,,,20260929
42009,None,0.0,0.0,0.0,,,20260929
42011,D0,12.3,61.3,0.0,,,20260929
42013,None,0.0,0.0,0.0,,,20260929
42015,None,0.0,0.0,0.0,,,20260929
42017,None,0.0,0.0,0.0,,,20260929
42019,None,0.0,0.0,0.0,,,20260929
42021,None,0.0,0.0,0.0,,,20260929
42023,None,0.0,0.0,0.0,,,20260929
42025,None,0.0,0.0,0.0,,,20260929
42027,None,0.0,0.0,0.0,,,20260929
42029,None,0.2,1.0,0.0,,,20260929
42031,None,0.0,0.0,0.0,,,20260929
42033,None,0.0,0.0,0.0,,,20260929
42035,None,0.0,0.0,0.0,,,20260929
42037,None,0.0,0.0,0.0,,,20260929
42039,None,0.0,0.0,0.0,,,20260929
42041,None,0.0,0.0,0.0,,,20260929
42043,None,0.0,0.0,0.0,,,20260929
42045,None,0.0,0.0,0.0,,,20260929
42047,None,0.0,0.0,0.0,,,20260929
42049,D0,10.1,50.4,0.0,,,20260929
42051,None,0.0,0.0,0.0,,,20260929
42053,None,0.0,0.0,0.0,,,20260929
42055,D1,25.1,88.0,0.0,,,20260929
42057,None,1.4,7.0,0.0,,,20260929
42059,None,0.0,0.0,0.0,,,20260929
42061,None,0.0,0.0,0.0,,,20260929
42063,None,0.0,0.0,0.0,,,20260929
42065,None,0.0,0.0,0.0,,,20260929
42067,None,0.0,0.0,0.0,,,20260929
42069,None,0.0,0.0,0.0,,,20260929
42071,None,0.0,0.0,0.0,,,20260929
42073,None,0.0,0.0,0.0,,,20260929
42075,None,0.0,0.1,0.0,,,20260929
42077,None,0.0,0.0,0.0,,,20260929
42079,None,0.0,0.0,0.0,,,20260929
42081,None,0.0,0.0,0.0,,,20260929
42083,None,0.0,0.0,0.0,,,20260929
42085,None,0.0,0.0,0.0,,,20260929
42087,None,0.0,0.0,0.0,,,20260929
42089,None,0.0,0.0,0.0,,,20260929
42091,None,1.9,9.3,0.0,,,20260929
42093,None,0.0,0.0,0.0,,,20260929
42095,None,0.0,0.0,0.0,,,20260929
42097,None,0.0,0.0,0.0,,,20260929
42099,None,0.0,0.0,0.0,,,20260929
42101,None,0.0,0.0,0.0,,,20260929
42103,None,0.0,0.0,0.0,,,20260929
42105,None,0.0,0.0,0.0,,,20260929
42107,None,0.0,0.0,0.0,,,20260929
42109,None,0.0,0.0,0.0,,,20260929
42111,None,0.0,0.0,0.0,,,20260929
42113,None,0.0,0.0,0.0,,,20260929
42115,None,0.0,0.0,0.0,,,20260929
42117,None,0.0,0.0,0.0,,,20260929
42119,None,0.0,0.0,0.0,,,20260929
42121,None,0.0,0.0,0.0,,,20260929
42123,None,0.0,0.0,0.0,,,20260929
42125,None,0.0,0.0,0.0,,,20260929
42127,None,0.0,0.0,0.0,,,20260929
42129,None,0.0,0.0,0.0,,,20260929
42131,None,0.0,0.0,0.0,,,20260929
42133,None,1.0,4.6,0.0,,,20260929
44001,None,0.0,0.0,0.0,,,20260929
44003,None,0.0,0.0,0.0,,,20260929
44005,None,0.0,0.0,0.0,,,20260929
44007,None,0.0,0.0,0.0,,,20260929
44009,None,0.0,0.0,0.0,,,20260929
45001,D1,31.7,129.3,0.0,,,20260929
45003,D1,27.2,118.0,0.0,,,20260929
45005,D1,56.7,191.7,0.0,,,20260929
45007,D2,69.3,214.4,17.8,,,20260929
45009,D2,74.9,224.8,24.8,,,20260929
45011,D1,43.8,159.4,0.0,,,20260929
45013,D2,53.0,169.6,26.1,,,20260929
45015,D2,106.9,278.2,78.2,,,20260929
45017,D2,82.2,237.0,37.0,,,20260929
45019,D2,68.4,214.1,14.1,,,20260929
45021,D0,20.0,100.0,0.0,,,20260929
45023,D1,50.7,176.7,0.0,,,20260929
45025,D1,39.2,147.9,0.0,,,20260929
45027,D2,120.0,300.0,100.0,,,20260929
45029,D3,142.3,326.4,126.4,,,20260929
45031,D2,79.9,228.6,42.5,,,20260929
45033,D2,120.0,300.0,100.0,,,20260929
45035,D2,98.1,263.5,63.5,,,20260929
45037,D0,20.0,100.0,0.0,,,20260929
45039,D1,58.6,196.4,0.0,,,20260929
45041,D2,125.5,306.9,106.9,,,20260929
45043,D3,127.4,306.7,106.7,,,20260929
45045,D1,54.8,187.0,0.0,,,20260929
45047,D0,20.4,101.0,0.0,,,20260929
45049,D3,87.0,240.3,40.3,,,20260929
45051,D3,177.7,372.2,172.2,,,20260929
45053,D2,76.4,222.6,34.7,,,20260929
45055,D1,45.4,163.5,0.0,,,20260929
45057,D1,60.0,200.0,0.0,,,20260929
45059,D0,22.8,106.9,0.0,,,20260929
45061,D2,68.4,209.1,23.8,,,20260929
45063,D1,57.4,193.5,0.0,,,20260929
45065,D1,43.1,157.8,0.0,,,20260929
45067,D3,145.6,331.9,131.9,,,20260929
45069,D2,73.8,215.5,38.1,,,20260929
45071,D1,25.0,112.4,0.0,,,20260929
45073,D1,26.5,116.0,0.8,,,20260929
45075,D2,98.6,264.3,64.3,,,20260929
45077,D1,59.3,198.2,0.0,,,20260929
45079,D1,59.9,199.8,0.0,,,20260929
45081,D0,20.0,100.0,0.0,,,20260929
45083,D1,33.7,132.4,0.0,,,20260929
45085,D2,92.5,254.2,54.2,,,20260929
45087,D0,20.0,100.0,0.0,,,20260929
45089,D3,132.8,316.0,116.0,,,20260929
45091,D1,32.7,131.9,0.0,,,20260929
46003,D0,12.6,63.0,0.0,,,20260929
46005,None,0.6,3.0,0.0,,,20260929
46007,D1,41.1,152.7,0.0,,,20260929
46009,D1,33.4,133.5,0.0,,,20260929
46011,D1,54.8,187.0,0.0,,,20260929
46013,D0,6.2,28.6,0.0,,,20260929
46015,D0,5.4,26.9,0.0,,,20260929
46017,None,0.0,0.0,0.0,,,20260929
46019,D2,77.4,229.0,29.0,,,20260929
46021,D1,33.3,133.3,0.0,,,20260929
46023,D1,40.9,152.2,0.0,,,20260929
46025,D1,19.9,87.1,0.0,,,20260929
46027,D1,41.0,152.6,0.0,,,20260929
46029,D1,57.7,194.2,0.0,,,20260929
46031,D1,61.6,202.7,2.7,,,20260929
46033,D1,60.0,200.0,0.0,,,20260929
46035,D1,34.3,135.7,0.0,,,20260929
46037,D1,26.1,102.9,0.0,,,20260929
46039,D1,33.4,133.5,0.0,,,20260929
46041,D2,117.5,295.8,95.8,,,20260929
46043,D1,55.1,187.7,0.0,,,20260929
46045,D1,31.4,125.7,5.1,,,20260929
46047,D1,60.0,200.0,0.0,,,20260929
46049,D2,62.6,196.1,20.9,,,20260929
46051,D1,41.0,152.5,0.0,,,20260929
46053,D1,54.6,186.5,0.0,,,20260929
46055,D1,59.3,198.3,0.0,,,20260929
46057,D1,22.0,98.7,0.0,,,20260929
46059,D1,17.2,75.0,0.0,,,20260929
46061,D1,59.9,199.6,0.0,,,20260929
46063,D2,90.6,247.8,47.8,,,20260929
46065,D0,6.3,31.6,0.0,,,20260929
46067,D1,57.9,194.7,0.0,,,20260929
46069,D1,32.4,113.0,1.4,,,20260929
46071,D1,43.9,159.8,0.0,,,20260929
46073,None,0.0,0.0,0.0,,,20260929
46075,D0,2.3,11.3,0.0,,,20260929
46077,D1,17.0,73.6,0.0,,,20260929
46079,D1,60.0,200.0,0.0,,,20260929
46081,D2,79.8,232.9,32.9,,,20260929
46083,D1,17.6,68.7,0.0,,,20260929
46085,D0,3.7,18.5,0.0,,,20260929
46087,D1,60.0,200.0,0.0,,,20260929
46089,D1,29.9,117.1,0.0,,,20260929
46091,D1,49.8,173.6,1.8,,,20260929
46093,D2,84.7,241.1,41.1,,,20260929
46095,D0,17.3,86.3,0.0,,,20260929
46097,D1,43.1,157.8,0.0,,,20260929
46099,D1,60.0,200.0,0.0,,,20260929
46101,D1,60.0,200.0,0.0,,,20260929
46102,D1,60.0,200.0,0.0,,,20260929
46103,D1,62.3,203.9,3.9,,,20260929
46105,D1,52.8,182.0,0.0,,,20260929
46107,D2,120.0,300.0,100.0,,,20260929
46109,D2,68.5,214.1,14.1,,,20260929
46111,D0,13.3,65.4,0.0,,,20260929
46115,D0,17.8,89.0,0.0,,,20260929
46117,D1,33.5,113.5,6.5,,,20260929
46119,D2,83.3,235.7,45.0,,,20260929
46121,D0,7.3,36.6,0.0,,,20260929
46123,D1,40.9,148.2,0.0,,,20260929
46125,D1,54.3,185.8,0.0,,,20260929
46127,D0,10.7,48.6,0.0,,,20260929
46129,D2,63.2,195.5,25.2,,,20260929
46135,D1,60.0,200.0,0.0,,,20260929
46137,D1,64.0,206.8,6.8,,,20260929
47001,D1,25.2,111.6,0.0,,,20260929
47003,D3,148.9,336.1,136.1,,,20260929
47005,D0,21.5,103.9,0.0,,,20260929
47007,D1,34.1,135.2,0.0,,,20260929
47009,None,1.2,6.2,0.0,,,20260929
47011,D1,24.5,111.3,0.0,,,20260929
47013,D0,8.3,41.5,0.0,,,20260929
47015,D2,78.3,230.4,30.4,,,20260929
47017,D1,29.1,122.7,0.0,,,20260929
47019,D0,19.6,98.2,0.0,,,20260929
47021,D2,120.0,300.0,100.0,,,20260929
47023,D3,162.9,353.4,153.4,,,20260929
47025,None,0.0,0.0,0.0,,,20260929
47027,D1,58.0,194.9,0.0,,,20260929
47029,D0,2.5,12.5,0.0,,,20260929
47031,D2,120.0,300.0,100.0,,,20260929
47033,D1,61.6,202.7,2.7,,,20260929
47035,D0,20.4,101.1,0.0,,,20260929
47037,D2,118.9,298.2,98.2,,,20260929
47039,D3,116.1,282.6,82.6,,,20260929
47041,D1,60.0,200.0,0.0,,,20260929
47043,D2,117.4,295.6,95.6,,,20260929
47045,D2,59.7,194.0,10.4,,,20260929
47047,D2,120.0,300.0,100.0,,,20260929
47049,D0,22.0,105.0,0.0,,,20260929
47051,D2,120.0,300.0,100.0,,,20260929
47053,D1,37.0,142.4,0.0,,,20260929
47055,D2,120.0,300.0,100.0,,,20260929
47057,D0,7.0,34.9,0.0,,,20260929
47059,None,0.4,1.8,0.0,,,20260929
47061,D2,119.9,299.8,99.8,,,20260929
47063,D0,9.8,49.2,0.0,,,20260929
47065,D1,41.9,154.8,0.0,,,20260929
47067,None,0.0,0.0,0.0,,,20260929
47069,D2,120.0,300.0,100.0,,,20260929
47071,D3,162.1,352.6,152.6,,,20260929
47073,None,0.0,0.0,0.0,,,20260929
47075,D2,122.8,302.4,102.4,,,20260929
47077,D3,84.0,236.3,36.3,,,20260929
47079,D0,20.0,99.8,0.0,,,20260929
47081,D2,66.6,211.0,11.0,,,20260929
47083,D1,45.8,164.6,0.0,,,20260929
47085,D1,34.7,136.7,0.0,,,20260929
47087,D1,60.0,200.0,0.0,,,20260929
47089,D0,11.9,59.6,0.0,,,20260929
47091,D0,19.8,99.1,0.0,,,20260929
47093,D0,12.8,64.0,0.0,,,20260929
47095,D1,31.1,127.7,0.0,,,20260929
47097,D3,182.2,376.7,176.7,,,20260929
47099,D2,119.8,299.7,99.7,,,20260929
47101,D2,109.0,281.7,81.7,,,20260929
47103,D2,120.0,300.0,100.0,,,20260929
47105,D0,8.2,41.2,0.0,,,20260929
47107,D0,20.0,100.0,0.0,,,20260929
47109,D3,147.3,334.1,134.1,,,20260929
47111,D1,60.0,200.0,0.0,,,20260929
47113,D2,84.7,241.2,41.2,,,20260929
47115,D2,97.2,262.1,62.1,,,20260929
47117,D2,117.5,295.8,95.8,,,20260929
47119,D2,94.0,256.7,56.7,,,20260929
47121,D0,20.0,100.0,0.0,,,20260929
47123,D0,11.2,55.9,0.0,,,20260929
47125,D2,66.8,211.3,11.3,,,20260929
47127,D2,121.6,302.1,102.0,,,20260929
47129,D1,28.3,120.8,0.0,,,20260929
47131,D0,17.7,88.0,0.0,,,20260929
47133,D1,58.8,197.0,0.0,,,20260929
47135,D2,84.3,238.8,38.9,,,20260929
47137,D0,20.1,100.2,0.0,,,20260929
47139,D1,29.4,123.6,0.0,,,20260929
47141,D1,58.7,196.7,0.0,,,20260929
47143,D0,20.0,100.0,0.0,,,20260929
47145,D0,21.3,97.5,0.0,,,20260929
47147,D2,75.9,226.6,26.6,,,20260929
47149,D2,67.8,212.9,12.9,,,20260929
47151,D1,26.4,113.5,0.0,,,20260929
47153,D1,65.7,209.5,9.5,,,20260929
47155,D0,9.1,37.7,0.0,,,20260929
47157,D2,122.8,303.6,103.6,,,20260929
47159,D1,60.0,200.0,0.0,,,20260929
47161,D1,32.7,131.7,0.0,,,20260929
47163,D0,2.4,12.2,0.0,,,20260929
47165,D2,71.1,218.5,18.5,,,20260929
47167,D3,190.1,387.6,187.6,,,20260929
47169,D1,60.0,200.0,0.0,,,20260929
47171,D0,20.0,99.9,0.0,,,20260929
47173,D0,5.9,29.4,0.0,,,20260929
47175,D1,56.6,187.7,7.8,,,20260929
47177,D2,117.0,295.0,95.0,,,20260929
47179,D0,9.5,47.3,0.0,,,20260929
47181,D3,138.9,323.6,123.6,,,20260929
47183,D0,11.5,57.6,0.0,,,20260929
47185,D1,52.5,181.2,0.0,,,20260929
47187,D2,92.2,253.7,53.6,,,20260929
47189,D2,67.8,213.0,13.0,,,20260929
48001,D1,60.6,201.0,1.0,,,20260929
48003,D2,70.4,217.3,17.3,,,20260929
48005,D1,53.7,184.3,0.0,,,20260929
48007,D2,120.0,300.0,100.0,,,20260929
48009,D3,199.9,399.9,199.9,,,20260929
48011,D4,239.4,438.9,238.9,,,20260929
48013,D2,120.0,300.0,100.0,,,20260929
48015,D2,116.1,293.5,93.5,,,20260929
48017,D2,106.3,277.2,77.2,,,20260929
48019,D1,43.6,158.9,0.0,,,20260929
48021,D3,138.6,323.2,123.2,,,20260929
48023,D3,191.9,389.9,189.9,,,20260929
48025,D3,189.1,386.4,186.4,,,20260929
48027,D3,160.4,350.5,150.5,,,20260929
48029,D2,87.2,245.4,45.4,,,20260929
48031,D1,46.2,164.5,2.0,,,20260929
48033,D2,120.0,300.0,100.0,,,20260929
48035,D2,120.0,300.0,100.0,,,20260929
48037,D3,158.3,346.9,146.9,,,20260929
48039,D1,58.2,195.6,0.0,,,20260929
48041,D2,117.4,295.7,95.7,,,20260929
48043,D2,68.9,214.8,14.8,,,20260929
48045,D4,227.8,427.0,227.0,,,20260929
48047,D3,183.0,378.8,178.8,,,20260929
48049,D2,118.8,298.0,98.0,,,20260929
48051,D2,127.8,309.8,109.8,,,20260929
48053,D1,63.5,205.8,5.8,,,20260929
48055,D2,120.0,300.0,100.0,,,20260929
48057,D2,80.9,234.8,34.8,,,20260929
48059,D2,72.4,219.2,19.2,,,20260929
48061,D4,259.2,459.2,259.2,,,20260929
48063,D3,200.0,400.0,200.0,,,20260929
48065,D3,203.0,402.9,202.9,,,20260929
48067,D3,147.6,334.5,134.5,,,20260929
48069,D2,120.4,300.6,100.5,,,20260929
48071,D1,47.8,169.4,0.0,,,20260929
48073,D3,83.4,234.6,36.4,,,20260929
48075,D3,149.4,336.8,136.8,,,20260929
48077,D3,202.7,402.7,202.7,,,20260929
48079,D2,68.5,214.1,14.1,,,20260929
48081,D2,120.0,300.0,100.0,,,20260929
48083,D2,118.1,296.8,96.8,,,20260929
48085,D4,207.2,405.3,205.3,,,20260929
48087,D2,122.7,303.4,103.4,,,20260929
48089,D2,117.6,295.2,95.2,,,20260929
48091,D2,71.1,218.5,18.5,,,20260929
48093,D2,126.7,308.4,108.4,,,20260929
48095,D2,120.0,300.0,100.0,,,20260929
48097,D3,143.8,329.8,129.8,,,20260929
48099,D3,150.0,337.4,137.4,,,20260929
48101,D3,148.9,335.9,135.9,,,20260929
48103,D3,142.2,314.7,125.9,,,20260929
48105,D2,75.7,226.1,26.5,,,20260929
48107,D3,152.4,340.4,140.4,,,20260929
48109,D1,60.9,201.6,1.6,,,20260929
48111,D3,129.3,311.6,111.6,,,20260929
48113,D4,268.1,468.1,268.1,,,20260929
48115,D2,118.6,297.6,97.6,,,20260929
48117,D3,142.9,328.3,128.3,,,20260929
48119,D3,200.0,400.0,200.0,,,20260929
48121,D4,221.2,421.2,221.2,,,20260929
48123,D3,165.4,356.7,156.7,,,20260929
48125,D4,232.6,432.6,232.6,,,20260929
48127,D2,120.0,300.0,100.0,,,20260929
48129,D4,184.8,376.2,176.2,,,20260929
48131,D4,211.8,411.8,211.8,,,20260929
48133,D3,111.9,277.3,77.3,,,20260929
48135,D3,147.8,334.7,134.7,,,20260929
48137,D0,13.8,60.6,0.0,,,20260929
48139,D4,196.2,391.9,191.9,,,20260929
48141,D1,23.0,96.3,0.0,,,20260929
48143,D3,166.2,357.8,157.8,,,20260929
48145,D3,139.2,324.1,124.0,,,20260929
48147,D3,204.6,404.6,204.6,,,20260929
48149,D3,135.8,319.7,119.7,,,20260929
48151,D2,120.0,300.0,100.0,,,20260929
48153,D3,174.8,368.5,168.5,,,20260929
48155,D4,264.9,464.3,264.3,,,20260929
48157,D1,60.0,200.0,0.0,,,20260929
48159,D3,200.0,400.0,200.0,,,20260929
48161,D2,71.3,218.8,18.8,,,20260929
48163,D2,120.0,300.0,100.0,,,20260929
48165,D1,61.6,202.7,2.7,,,20260929
48167,D1,30.8,127.0,0.0,,,20260929
48169,D3,160.9,351.2,151.2,,,20260929
48171,D1,26.5,116.2,0.0,,,20260929
48173,D2,120.0,300.0,100.0,,,20260929
48175,D3,200.0,400.0,200.0,,,20260929
48177,D3,137.3,321.6,121.6,,,20260929
48179,D4,253.0,452.4,252.4,,,20260929
48181,D3,179.4,373.9,173.9,,,20260929
48183,D3,149.0,336.2,136.2,,,20260929
48185,D2,67.8,213.0,13.0,,,20260929
48187,D2,103.1,271.8,71.8,,,20260929
48189,D2,120.0,300.0,100.0,,,20260929
48191,D3,134.4,317.9,118.0,,,20260929
48193,D2,120.0,300.0,100.0,,,20260929
48195,D4,221.0,415.0,215.0,,,20260929
48197,D4,265.1,463.6,263.6,,,20260929
48199,D0,5.4,26.9,0.0,,,20260929
48201,D1,60.0,200.0,0.0,,,20260929
48203,D3,198.5,398.1,198.1,,,20260929
48205,D3,129.9,312.4,112.4,,,20260929
48207,D3,151.1,338.8,138.8,,,20260929
48209,D2,117.9,296.5,96.5,,,20260929
48211,D3,179.0,373.8,173.8,,,20260929
48213,D2,92.6,254.0,54.0,,,20260929
48215,D3,163.1,353.8,153.8,,,20260929
48217,D2,120.2,300.2,100.2,,,20260929
48219,D2,116.3,293.9,93.9,,,20260929
48221,D4,256.5,456.0,256.0,,,20260929
48223,D3,194.9,393.7,193.7,,,20260929
48225,D1,51.7,179.3,0.0,,,20260929
48227,D2,120.0,300.0,100.0,,,20260929
48229,D1,58.6,194.8,3.3,,,20260929
48231,D3,162.4,353.1,153.1,,,20260929
48233,D3,182.4,377.0,177.0,,,20260929
48235,D2,120.0,300.0,100.0,,,20260929
48237,D3,185.0,381.2,181.2,,,20260929
48239,D2,91.9,250.3,50.5,,,20260929
48241,D1,32.0,129.9,0.0,,,20260929
48243,D1,48.8,171.0,1.7,,,20260929
48245,D0,22.6,105.8,0.0,,,20260929
48247,D3,143.9,329.8,129.8,,,20260929
48249,D3,201.8,401.9,201.8,,,20260929
48251,D3,174.2,366.7,166.7,,,20260929
48253,D3,161.5,351.8,151.8,,,20260929
48255,D3,173.0,366.2,166.2,,,20260929
48257,D4,192.2,387.5,187.5,,,20260929
48259,D1,60.0,200.0,0.0,,,20260929
48261,D4,275.6,475.6,275.6,,,20260929
48263,D3,170.1,362.6,162.6,,,20260929
48265,D1,30.9,127.2,0.0,,,20260929
48267,D0,21.3,103.3,0.0,,,20260929
48269,D3,208.4,408.4,208.4,,,20260929
48271,D1,40.3,149.5,0.0,,,20260929
48273,D3,200.0,400.0,200.0,,,20260929
48275,D3,184.3,380.4,180.4,,,20260929
48277,D4,253.6,453.6,253.6,,,20260929
48279,D2,120.0,300.0,100.0,,,20260929
48281,D2,103.6,272.6,72.6,,,20260929
48283,D2,124.2,305.2,105.2,,,20260929
48285,D3,189.2,386.5,186.5,,,20260929
48287,D3,164.8,356.0,156.0,,,20260929
48289,D1,60.2,200.3,0.3,,,20260929
48291,D1,35.7,126.4,0.0,,,20260929
48293,D2,114.7,290.7,90.7,,,20260929
48295,D2,119.2,298.7,98.7,,,20260929
48297,D3,178.2,372.7,172.7,,,20260929
48299,D1,31.6,128.9,0.0,,,20260929
48301,D2,77.5,228.7,28.7,,,20260929
48303,D2,120.0,300.0,100.0,,,20260929
48305,D2,120.0,300.0,100.0,,,20260929
48307,D2,100.9,268.2,68.2,,,20260929
48309,D3,142.0,327.5,127.5,,,20260929
48311,D3,187.6,384.5,184.5,,,20260929
48313,D2,84.8,241.4,41.4,,,20260929
48315,D3,183.5,379.4,179.4,,,20260929
48317,D2,117.6,296.0,96.0,,,20260929
48319,D0,22.7,106.8,0.0,,,20260929
48321,D1,60.0,200.0,0.0,,,20260929
48323,D2,108.3,280.6,80.6,,,20260929
48325,D2,75.2,225.2,25.3,,,20260929
48327,D2,61.2,195.0,16.1,,,20260929
48329,D2,120.0,300.0,100.0,,,20260929
48331,D3,189.3,386.7,186.7,,,20260929
48333,D2,120.0,300.0,100.0,,,20260929
48335,D2,120.0,300.0,100.0,,,20260929
48337,D3,200.0,400.0,200.0,,,20260929
48339,D1,51.2,178.0,0.0,,,20260929
48341,D3,139.0,323.8,123.8,,,20260929
48343,D3,200.0,400.0,200.0,,,20260929
48345,D4,186.7,380.6,180.6,,,20260929
48347,D2,80.8,234.2,34.2,,,20260929
48349,D3,151.9,339.9,139.9,,,20260929
48351,D2,65.1,203.6,18.3,,,20260929
48353,D2,120.0,300.0,100.0,,,20260929
48355,D4,205.8,404.1,204.1,,,20260929
48357,D4,228.8,425.4,225.4,,,20260929
48359,D3,144.7,330.9,130.9,,,20260929
48361,D1,35.7,139.2,0.0,,,20260929
48363,D2,120.0,300.0,100.0,,,20260929
48365,D3,191.9,389.9,189.9,,,20260929
48367,D3,182.4,378.0,178.0,,,20260929
48369,D2,107.4,278.9,78.9,,,20260929
48371,D1,42.2,154.1,2.7,,,20260929
48373,D0,10.4,52.1,0.0,,,20260929
48375,D3,133.6,317.0,117.0,,,20260929
48377,D2,88.7,245.8,51.8,,,20260929
48379,D2,124.4,305.5,105.5,,,20260929
48381,D3,164.9,356.1,156.1,,,20260929
48383,D3,131.1,313.8,113.8,,,20260929
48385,D0,12.6,62.8,0.0,,,20260929
48387,D3,203.2,402.9,203.0,,,20260929
48389,D2,66.8,211.3,11.3,,,20260929
48391,D3,155.7,344.6,144.7,,,20260929
48393,D4,208.5,406.4,206.4,,,20260929
48395,D2,124.2,304.5,104.5,,,20260929
48397,D3,154.7,343.4,143.4,,,20260929
48399,D2,120.0,300.0,100.0,,,20260929
48401,D3,182.6,378.3,178.3,,,20260929
48403,D2,112.1,286.9,86.9,,,20260929
48405,D2,75.9,226.5,26.5,,,20260929
48407,D1,37.0,139.4,0.0,,,20260929
48409,D3,181.9,377.4,177.4,,,20260929
48411,D2,106.2,277.1,77.1,,,20260929
48413,D2,75.0,225.0,25.0,,,20260929
48415,D2,120.0,300.0,100.0,,,20260929
48417,D3,164.9,354.8,154.8,,,20260929
48419,D2,121.5,301.9,101.9,,,20260929
48421,D2,119.8,299.6,99.6,,,20260929
48423,D2,110.9,284.7,84.7,,,20260929
48425,D4,197.9,393.6,193.6,,,20260929
48427,D2,120.0,300.0,100.0,,,20260929
48429,D3,136.3,320.2,120.2,,,20260929
48431,D2,120.0,300.0,100.0,,,20260929
48433,D3,151.0,338.7,138.7,,,20260929
48435,D1,54.0,184.8,0.2,,,20260929
48437,D3,160.8,351.0,151.0,,,20260929
48439,D3,205.3,405.3,205.3,,,20260929
48441,D3,128.0,310.0,110.0,,,20260929
48443,D2,97.1,261.8,62.2,,,20260929
48445,D2,95.3,258.9,58.9,,,20260929
48447,D2,120.0,300.0,100.0,,,20260929
48449,D3,200.0,400.0,200.0,,,20260929
48451,D2,120.0,300.0,100.0,,,20260929
48453,D3,147.3,332.9,132.9,,,20260929
48455,D1,31.2,128.0,0.0,,,20260929
48457,D0,13.5,67.7,0.0,,,20260929
48459,D3,183.4,379.3,179.3,,,20260929
48461,D3,141.8,324.4,125.7,,,20260929
48463,D1,44.8,161.8,0.2,,,20260929
48465,D2,107.5,278.3,81.0,,,20260929
48467,D2,118.2,297.0,97.0,,,20260929
48469,D3,172.5,363.6,163.6,,,20260929
48471,D1,63.1,205.2,5.2,,,20260929
48473,D2,68.8,214.6,14.6,,,20260929
48475,D3,151.7,339.2,139.2,,,20260929
48477,D2,118.3,297.2,97.2,,,20260929
48479,D2,127.8,309.7,109.7,,,20260929
48481,D2,68.0,213.3,13.3,,,20260929
48483,D3,178.0,372.4,172.4,,,20260929
48485,D4,261.4,461.4,261.4,,,20260929
48487,D4,282.6,482.6,282.6,,,20260929
48489,D4,270.0,470.0,270.0,,,20260929
48491,D3,157.5,345.4,145.4,,,20260929
48493,D2,120.0,300.0,100.0,,,20260929
48495,D3,157.8,347.3,147.3,,,20260929
48497,D3,200.0,400.0,200.0,,,20260929
48499,D3,171.4,364.2,164.2,,,20260929
48501,D1,60.0,200.0,0.0,,,20260929
48503,D3,128.6,310.8,110.8,,,20260929
48505,D2,120.0,300.0,100.0,,,20260929
48507,D2,110.1,283.5,83.5,,,20260929
49001,D2,120.0,300.0,100.0,,,20260929
49003,D3,136.0,319.9,119.9,,,20260929
49005,D2,81.8,236.3,36.3,,,20260929
49007,D2,120.0,300.0,100.0,,,20260929
49009,D1,60.0,200.0,0.0,,,20260929
49011,D2,120.1,300.1,100.1,,,20260929
49013,D2,93.2,255.2,55.2,,,20260929
49015,D3,166.1,357.7,157.7,,,20260929
49017,D2,100.3,267.2,67.2,,,20260929
49019,D3,154.1,342.7,142.7,,,20260929
49021,D2,119.2,298.7,98.7,,,20260929
49023,D3,177.9,372.4,172.4,,,20260929
49025,D2,97.2,262.0,62.0,,,20260929
49027,D3,165.9,357.3,157.3,,,20260929
49029,D2,74.1,223.6,23.6,,,20260929
49031,D3,173.5,366.7,166.7,,,20260929
49033,D1,60.0,200.0,0.0,,,20260929
49035,D2,120.3,300.4,100.4,,,20260929
49037,D2,120.0,300.0,100.0,,,20260929
49039,D3,184.3,380.4,180.4,,,20260929
49041,D3,199.9,399.9,199.9,,,20260929
49043,D2,66.9,211.6,11.6,,,20260929
49045,D3,161.7,352.1,152.1,,,20260929
49047,D2,88.1,246.8,46.8,,,20260929
49049,D3,156.2,345.3,145.3,,,20260929
49051,D2,119.6,299.3,99.3,,,20260929
49053,D2,120.0,300.0,100.0,,,20260929
49055,D3,160.6,350.7,150.7,,,20260929
49057,D2,99.8,266.3,66.3,,,20260929
50001,D0,17.5,87.5,0.0,,,20260929
50003,None,0.0,0.0,0.0,,,20260929
50005,D1,59.5,198.7,0.0,,,20260929
50007,D0,13.9,69.7,0.0,,,20260929
50009,D1,39.9,149.6,0.0,,,20260929
50011,D0,20.0,100.0,0.0,,,20260929
50013,D0,20.0,100.0,0.0,,,20260929
50015,D0,20.3,100.7,0.0,,,20260929
50017,D1,52.8,182.1,0.0,,,20260929
50019,D1,49.9,174.8,0.0,,,20260929
50021,None,1.2,6.2,0.0,,,20260929
50023,D1,33.6,133.9,0.0,,,20260929
50025,None,0.1,0.6,0.0,,,20260929
50027,D0,12.2,61.0,0.0,,,20260929
51001,D1,25.5,113.8,0.0,,,20260929
51003,D0,17.3,82.0,0.0,,,20260929
51005,D0,5.1,25.2,0.0,,,20260929
51007,None,0.0,0.0,0.0,,,20260929
51009,D2,97.1,261.8,61.8,,,20260929
51011,D2,90.2,250.3,50.3,,,20260929
51013,D0,20.0,100.0,0.0,,,20260929
51015,D1,52.3,180.6,0.0,,,20260929
51017,D0,4.2,20.9,0.0,,,20260929
51019,D2,109.2,282.0,82.0,,,20260929
51021,D0,4.4,22.2,0.0,,,20260929
51023,D2,69.5,208.0,31.4,,,20260929
51025,D2,84.0,229.6,59.3,,,20260929
51027,None,0.0,0.0,0.0,,,20260929
51029,D1,23.6,97.7,0.0,,,20260929
51031,D3,147.0,333.7,133.7,,,20260929
51033,None,0.2,1.0,0.0,,,20260929
51035,D1,34.1,135.0,0.0,,,20260929
51036,D0,2.5,12.5,0.0,,,20260929
51037,D3,109.6,275.1,82.8,,,20260929
51041,None,0.0,0.0,0.0,,,20260929
51043,D0,20.0,100.0,0.0,,,20260929
51045,D1,24.6,111.6,0.0,,,20260929
51047,None,0.0,0.0,0.0,,,20260929
51049,None,0.0,0.0,0.0,,,20260929
51051,None,0.0,0.0,0.0,,,20260929
51053,D0,6.1,30.5,0.0,,,20260929
51057,D0,15.2,76.0,0.0,,,20260929
51059,D0,9.9,49.6,0.0,,,20260929
51061,D0,7.9,39.2,0.0,,,20260929
51063,D1,24.6,111.4,0.0,,,20260929
51065,D0,6.9,34.3,0.0,,,20260929
51067,D1,53.4,183.2,0.8,,,20260929
51069,D0,19.8,98.9,0.0,,,20260929
51071,D0,14.3,71.5,0.0,,,20260929
51073,D0,18.0,89.2,0.0,,,20260929
51075,None,0.0,0.0,0.0,,,20260929
51077,D0,17.7,87.3,0.0,,,20260929
51079,D0,3.3,16.3,0.0,,,20260929
51081,D2,96.2,252.8,71.6,,,20260929
51083,D3,170.5,363.1,163.2,,,20260929
51085,None,0.0,0.0,0.0,,,20260929
51087,None,0.0,0.0,0.0,,,20260929
51089,D2,90.4,250.0,50.0,,,20260929
51091,D0,3.3,16.4,0.0,,,20260929
51093,D1,33.5,133.8,0.0,,,20260929
51095,D0,14.1,70.3,0.0,,,20260929
51097,None,0.5,2.7,0.0,,,20260929
51099,D0,14.8,74.1,0.0,,,20260929
51101,None,0.0,0.0,0.0,,,20260929
51103,D0,17.4,86.9,0.0,,,20260929
51105,None,0.0,0.0,0.0,,,20260929
51107,D1,34.6,136.6,0.0,,,20260929
51109,None,0.0,0.0,0.0,,,20260929
51111,D1,42.7,146.3,9.7,,,20260929
51113,None,0.0,0.0,0.0,,,20260929
51115,D1,51.4,178.4,0.0,,,20260929
51117,D2,110.0,282.9,82.9,,,20260929
51119,D0,7.4,36.9,0.0,,,20260929
51121,D1,28.9,122.2,0.0,,,20260929
51125,D1,47.7,169.1,0.0,,,20260929
51127,None,0.0,0.0,0.0,,,20260929
51131,D1,60.0,200.0,0.0,,,20260929
51133,D0,20.0,100.0,0.0,,,20260929
51135,None,0.8,4.0,0.0,,,20260929
51137,None,0.0,0.0,0.0,,,20260929
51139,D0,19.1,88.5,0.0,,,20260929
51141,D1,64.7,207.8,7.9,,,20260929
51143,D3,173.9,367.0,167.0,,,20260929
51145,None,0.0,0.0,0.0,,,20260929
51147,D1,9.4,33.8,0.0,,,20260929
51149,D0,10.3,51.7,0.0,,,20260929
51153,D0,5.8,28.8,0.0,,,20260929
51155,D0,20.0,100.0,0.0,,,20260929
51157,None,1.0,5.1,0.0,,,20260929
51159,D0,20.0,100.0,0.0,,,20260929
51161,D1,60.0,200.0,0.0,,,20260929
51163,D1,62.3,201.8,7.9,,,20260929
51165,D1,39.4,145.2,0.0,,,20260929
51167,None,0.0,0.0,0.0,,,20260929
51169,None,0.0,0.0,0.0,,,20260929
51171,D0,20.0,100.0,0.0,,,20260929
51173,None,0.3,1.3,0.0,,,20260929
51175,D2,106.0,276.6,76.6,,,20260929
51177,None,0.0,0.0,0.0,,,20260929
51179,None,0.5,2.7,0.0,,,20260929
51181,D1,35.7,139.4,0.0,,,20260929
51183,D1,36.7,139.9,3.4,,,20260929
51185,None,0.0,0.0,0.0,,,20260929
51187,D0,19.8,98.8,0.0,,,20260929
51191,None,0.5,2.7,0.0,,,20260929
51193,D0,20.0,100.0,0.0,,,20260929
51195,None,0.0,0.0,0.0,,,20260929
51197,D0,7.0,35.0,0.0,,,20260929
51199,D0,21.1,102.7,0.0,,,20260929
51510,D0,20.0,100.0,0.0,,,20260929
51520,None,0.0,0.0,0.0,,,20260929
51530,D1,60.0,200.0,0.0,,,20260929
51540,D0,20.0,100.0,0.0,,,20260929
51550,D0,20.8,102.0,0.0,,,20260929
51570,None,0.0,0.0,0.0,,,20260929
51580,None,0.0,0.0,0.0,,,20260929
51590,D3,200.0,400.0,200.0,,,20260929
51595,D2,120.0,300.0,100.0,,,20260929
51600,None,0.0,0.0,0.0,,,20260929
51610,D0,20.0,100.0,0.0,,,20260929
51620,D1,60.0,200.0,0.0,,,20260929
51630,None,0.0,0.0,0.0,,,20260929
51640,D0,20.0,100.0,0.0,,,20260929
51650,D1,52.0,179.9,0.0,,,20260929
51660,D1,60.0,200.0,0.0,,,20260929
51670,None,0.0,0.0,0.0,,,20260929
51678,D1,60.0,200.0,0.0,,,20260929
51680,D2,120.0,300.0,100.0,,,20260929
51683,None,0.0,0.0,0.0,,,20260929
51685,None,0.0,0.0,0.0,,,20260929
51690,D2,68.6,214.3,14.3,,,20260929
51700,D0,20.5,101.1,0.0,,,20260929
51710,D1,59.7,199.2,0.0,,,20260929
51720,None,0.0,0.0,0.0,,,20260929
51730,None,0.0,0.0,0.0,,,20260929
51735,D1,58.9,197.3,0.0,,,20260929
51740,D1,36.6,141.5,0.0,,,20260929
51750,D0,20.0,100.0,0.0,,,20260929
51760,None,0.0,0.0,0.0,,,20260929
51770,D1,60.0,200.0,0.0,,,20260929
51775,D1,60.0,200.0,0.0,,,20260929
51790,D1,60.0,200.0,0.0,,,20260929
51800,D1,24.6,111.5,0.0,,,20260929
51810,D1,53.0,182.5,0.0,,,20260929
51820,D1,60.0,200.0,0.0,,,20260929
51830,D0,20.0,100.0,0.0,,,20260929
51840,D0,20.0,100.0,0.0,,,20260929
53001,D2,70.9,218.2,18.2,,,20260929
53003,D2,120.0,300.0,100.0,,,20260929
53005,D1,41.0,152.5,0.0,,,20260929
53007,D2,69.0,215.0,15.0,,,20260929
53009,D1,59.0,197.6,0.0,,,20260929
53011,D0,20.0,100.0,0.0,,,20260929
53013,D2,92.6,254.4,54.4,,,20260929
53015,D0,19.2,96.0,0.0,,,20260929
53017,D1,60.0,200.0,0.0,,,20260929
53019,D2,77.5,229.2,29.2,,,20260929
53021,D1,60.2,200.3,0.3,,,20260929
53023,D2,101.5,269.2,69.2,,,20260929
53025,D1,60.0,200.0,0.0,,,20260929
53027,D0,6.8,33.9,0.0,,,20260929
53029,D0,20.0,100.0,0.0,,,20260929
53031,D1,41.2,152.9,0.0,,,20260929
53033,D1,25.9,114.8,0.0,,,20260929
53035,D1,51.5,178.8,0.0,,,20260929
53037,D1,54.5,186.3,0.0,,,20260929
53039,D0,20.0,100.0,0.0,,,20260929
53041,D0,13.3,66.4,0.0,,,20260929
53043,D2,83.8,239.7,39.7,,,20260929
53045,D1,26.4,110.3,0.0,,,20260929
53047,D3,144.4,327.3,127.3,,,20260929
53049,None,0.0,0.0,0.0,,,20260929
53051,D2,114.4,290.7,90.7,,,20260929
53053,D0,20.0,100.0,0.0,,,20260929
53055,D0,20.0,100.0,0.0,,,20260929
53057,D2,84.5,237.4,47.7,,,20260929
53059,D0,20.0,100.0,0.0,,,20260929
53061,D1,47.3,166.8,3.0,,,20260929
53063,D3,156.8,346.0,146.0,,,20260929
53065,D2,70.0,216.7,16.7,,,20260929
53067,D0,6.6,33.0,0.0,,,20260929
53069,None,1.5,7.6,0.0,,,20260929
53071,D2,98.9,264.8,64.8,,,20260929
53073,D2,96.9,261.3,61.9,,,20260929
53075,D2,109.8,283.0,83.0,,,20260929
53077,D1,26.6,116.5,0.0,,,20260929
54001,None,0.0,0.0,0.0,,,20260929
54003,D0,21.8,104.6,0.0,,,20260929
54005,None,0.0,0.0,0.0,,,20260929
54007,None,0.0,0.0,0.0,,,20260929
54009,None,0.0,0.0,0.0,,,20260929
54011,None,0.0,0.0,0.0,,,20260929
54013,None,0.0,0.0,0.0,,,20260929
54015,None,0.0,0.0,0.0,,,20260929
54017,None,0.0,0.0,0.0,,,20260929
54019,None,0.0,0.0,0.0,,,20260929
54021,None,0.0,0.0,0.0,,,20260929
54023,None,0.0,0.0,0.0,,,20260929
54025,None,0.0,0.0,0.0,,,20260929
54027,D0,3.0,14.9,0.0,,,20260929
54029,None,0.0,0.0,0.0,,,20260929
54031,D0,3.7,18.3,0.0,,,20260929
54033,None,0.0,0.0,0.0,,,20260929
54035,None,0.0,0.0,0.0,,,20260929
54037,D1,49.7,174.2,0.0,,,20260929
54039,None,0.0,0.0,0.0,,,20260929
54041,None,0.0,0.0,0.0,,,20260929
54043,None,0.0,0.0,0.0,,,20260929
54045,None,0.0,0.0,0.0,,,20260929
54047,None,0.0,0.0,0.0,,,20260929
54049,None,0.0,0.0,0.0,,,20260929
54051,None,0.0,0.0,0.0,,,20260929
54053,None,0.0,0.0,0.0,,,20260929
54055,None,0.0,0.0,0.0,,,20260929
54057,None,0.0,0.0,0.0,,,20260929
54059,None,0.0,0.0,0.0,,,20260929
54061,None,0.0,0.0,0.0,,,20260929
54063,D0,2.8,14.0,0.0,,,20260929
54065,D0,9.6,47.9,0.0,,,20260929
54067,None,0.0,0.0,0.0,,,20260929
54069,None,0.0,0.0,0.0,,,20260929
54071,None,2.0,9.9,0.0,,,20260929
54073,None,0.0,0.0,0.0,,,20260929
54075,None,0.0,0.0,0.0,,,20260929
54077,None,0.0,0.0,0.0,,,20260929
54079,None,0.0,0.0,0.0,,,20260929
54081,None,0.0,0.0,0.0,,,20260929
54083,None,0.0,0.0,0.0,,,20260929
54085,None,0.0,0.0,0.0,,,20260929
54087,None,0.0,0.0,0.0,,,20260929
54089,None,0.0,0.0,0.0,,,20260929
54091,None,0.0,0.0,0.0,,,20260929
54093,None,0.0,0.0,0.0,,,20260929
54095,None,0.0,0.0,0.0,,,20260929
54097,None,0.0,0.0,0.0,,,20260929
54099,None,0.0,0.0,0.0,,,20260929
54101,None,0.0,0.0,0.0,,,20260929
54103,None,0.0,0.0,0.0,,,20260929
54105,None,0.0,0.0,0.0,,,20260929
54107,None,0.0,0.0,0.0,,,20260929
54109,None,0.0,0.0,0.0,,,20260929
55001,None,0.0,0.0,0.0,,,20260929
55003,D4,249.4,448.7,248.7,,,20260929
55005,D2,120.0,300.0,100.0,,,20260929
55007,D4,250.2,450.2,250.2,,,20260929
55009,D1,13.4,45.8,0.0,,,20260929
55011,D1,30.0,93.2,9.7,,,20260929
55013,D3,169.4,361.7,161.7,,,20260929
55015,None,0.0,0.0,0.0,,,20260929
55017,D2,120.0,300.0,100.0,,,20260929
55019,D2,69.2,215.4,15.4,,,20260929
55021,None,0.0,0.0,0.0,,,20260929
55023,None,0.0,0.0,0.0,,,20260929
55025,None,0.0,0.0,0.0,,,20260929
55027,None,0.0,0.0,0.0,,,20260929
55029,D2,60.1,188.0,24.3,,,20260929
55031,D4,213.2,413.2,213.2,,,20260929
55033,D2,120.0,300.0,100.0,,,20260929
55035,D2,91.3,252.2,52.2,,,20260929
55037,D3,200.0,400.0,200.0,,,20260929
55039,None,0.0,0.0,0.0,,,20260929
55041,D3,149.2,331.9,131.9,,,20260929
55043,None,0.0,0.0,0.0,,,20260929
55045,None,0.0,0.0,0.0,,,20260929
55047,None,0.0,0.0,0.0,,,20260929
55049,None,0.0,0.0,0.0,,,20260929
55051,D4,212.4,412.4,212.4,,,20260929
55053,D1,52.2,176.0,0.0,,,20260929
55055,None,0.0,0.0,0.0,,,20260929
55057,None,0.0,0.1,0.0,,,20260929
55059,None,0.0,0.0,0.0,,,20260929
55061,D1,22.7,77.7,0.0,,,20260929
55063,None,0.0,0.0,0.0,,,20260929
55065,None,0.0,0.0,0.0,,,20260929
55067,D2,72.3,217.4,25.1,,,20260929
55069,D2,118.2,297.0,97.0,,,20260929
55071,None,0.0,0.0,0.0,,,20260929
55073,D1,51.0,170.5,0.6,,,20260929
55075,D3,123.4,299.8,99.8,,,20260929
55077,None,0.0,0.0,0.0,,,20260929
55078,None,2.4,9.9,0.0,,,20260929
55079,None,0.0,0.0,0.0,,,20260929
55081,None,2.1,8.8,0.0,,,20260929
55083,D1,57.9,193.8,0.0,,,20260929
55085,D3,186.9,383.6,183.6,,,20260929
55087,None,0.4,1.8,0.0,,,20260929
55089,None,0.0,0.0,0.0,,,20260929
55091,D2,113.0,288.3,88.3,,,20260929
55093,D2,120.0,300.0,100.0,,,20260929
55095,D2,120.0,300.0,100.0,,,20260929
55097,None,0.4,1.5,0.0,,,20260929
55099,D3,171.8,364.8,164.8,,,20260929
55101,None,0.0,0.0,0.0,,,20260929
55103,None,0.0,0.0,0.0,,,20260929
55105,None,0.0,0.0,0.0,,,20260929
55107,D3,133.5,316.9,116.9,,,20260929
55109,D2,120.0,300.0,100.0,,,20260929
55111,None,0.0,0.0,0.0,,,20260929
55113,D4,209.0,408.7,208.7,,,20260929
55115,D1,8.5,29.8,0.0,,,20260929
55117,None,0.0,0.0,0.0,,,20260929
55119,D2,118.2,297.0,97.0,,,20260929
55121,D1,17.6,61.2,0.0,,,20260929
55123,None,0.0,0.0,0.0,,,20260929
55125,D3,184.8,381.0,181.0,,,20260929
55127,None,0.0,0.0,0.0,,,20260929
55129,D3,185.6,382.0,182.0,,,20260929
55131,None,0.0,0.0,0.0,,,20260929
55133,None,0.0,0.0,0.0,,,20260929
55135,None,0.0,0.0,0.0,,,20260929
55137,None,0.0,0.0,0.0,,,20260929
55139,None,0.0,0.0,0.0,,,20260929
55141,D1,22.8,79.1,0.0,,,20260929
56001,D3,153.7,342.1,142.1,,,20260929
56003,D3,132.6,309.9,109.9,,,20260929
56005,D3,163.6,351.8,151.8,,,20260929
56007,D2,108.3,278.1,78.2,,,20260929
56009,D2,120.5,298.1,98.1,,,20260929
56011,D3,152.8,341.0,141.0,,,20260929
56013,D2,94.8,251.9,61.7,,,20260929
56015,D3,141.2,326.5,126.5,,,20260929
56017,D3,191.3,389.1,189.1,,,20260929
56019,D3,175.2,367.1,167.1,,,20260929
56021,D3,153.8,340.6,140.6,,,20260929
56023,D2,71.1,215.9,23.6,,,20260929
56025,D3,125.3,297.7,97.7,,,20260929
56027,D2,85.3,242.2,42.2,,,20260929
56029,D2,76.0,209.1,51.7,,,20260929
56031,D3,143.6,329.5,129.5,,,20260929
56033,D2,84.5,240.8,40.8,,,20260929
56035,D2,44.6,155.0,13.1,,,20260929
56037,D2,80.2,233.7,33.7,,,20260929
56039,D1,24.9,112.0,0.3,,,20260929
56041,D2,81.2,235.3,35.3,,,20260929
56043,D3,198.3,397.9,197.9,,,20260929
56045,D2,78.5,229.0,29.0,,,20260929
72001,D1,21.7,81.7,0.3,,,20260929
72003,None,0.0,0.0,0.0,,,20260929
72005,None,0.0,0.0,0.0,,,20260929
72007,D2,86.7,244.5,44.5,,,20260929
72009,D2,120.0,300.0,100.0,,,20260929
72011,None,0.0,0.0,0.0,,,20260929
72013,None,0.0,0.0,0.0,,,20260929
72015,D0,20.0,100.0,0.0,,,20260929
72017,None,0.0,0.0,0.0,,,20260929
72019,D2,116.2,293.6,93.6,,,20260929
72021,D2,85.1,241.8,41.8,,,20260929
72023,D3,110.4,253.9,92.7,,,20260929
72025,D1,52.6,181.5,0.0,,,20260929
72027,None,0.0,0.0,0.0,,,20260929
72029,D2,117.5,295.8,95.8,,,20260929
72031,D2,71.0,218.3,18.4,,,20260929
72033,D1,63.9,206.5,6.5,,,20260929
72035,D2,81.2,230.7,44.7,,,20260929
72037,D1,60.0,200.0,0.0,,,20260929
72039,D0,7.2,26.7,0.0,,,20260929
72041,D2,102.5,270.8,70.8,,,20260929
72043,D2,119.7,299.2,99.2,,,20260929
72045,D2,120.0,300.0,100.0,,,20260929
72047,D1,33.4,122.8,4.1,,,20260929
72049,D2,120.0,300.0,100.0,,,20260929
72051,D2,61.2,194.3,17.3,,,20260929
72053,D1,52.1,180.0,0.6,,,20260929
72054,None,0.0,0.0,0.0,,,20260929
72055,D3,200.0,400.0,200.0,,,20260929
72057,D1,44.0,160.0,0.1,,,20260929
72059,D3,160.1,347.8,147.8,,,20260929
72061,D1,60.0,200.0,0.0,,,20260929
72063,D1,60.0,200.0,0.0,,,20260929
72065,None,0.0,0.0,0.0,,,20260929
72067,D0,5.5,27.4,0.0,,,20260929
72069,D1,60.0,200.0,0.0,,,20260929
72071,None,0.0,0.0,0.0,,,20260929
72073,D1,30.2,108.7,0.0,,,20260929
72075,D3,150.1,336.5,136.6,,,20260929
72077,D1,60.9,201.6,1.6,,,20260929
72079,D3,191.4,389.1,189.1,,,20260929
72081,None,0.0,0.0,0.0,,,20260929
72083,None,0.0,0.0,0.0,,,20260929
72085,D1,60.0,200.0,0.0,,,20260929
72087,D2,100.5,267.4,67.4,,,20260929
72089,D1,34.5,136.3,0.0,,,20260929
72091,None,0.0,0.0,0.0,,,20260929
72093,None,0.7,3.3,0.0,,,20260929
72095,D0,20.0,100.0,0.0,,,20260929
72097,None,0.0,0.0,0.0,,,20260929
72099,None,0.0,0.0,0.0,,,20260929
72101,None,2.0,9.8,0.0,,,20260929
72103,D1,60.0,200.0,0.0,,,20260929
72105,D2,117.8,296.2,96.2,,,20260929
72107,D1,51.4,178.2,0.1,,,20260929
72109,D0,20.0,100.0,0.0,,,20260929
72111,D3,142.4,326.9,126.9,,,20260929
72113,D3,142.9,325.0,125.0,,,20260929
72115,None,0.0,0.0,0.0,,,20260929
72117,None,0.0,0.0,0.0,,,20260929
72119,D1,61.4,200.6,5.7,,,20260929
72121,D3,87.9,217.5,70.1,,,20260929
72123,D3,141.1,324.9,124.9,,,20260929
72125,D1,23.2,88.6,4.1,,,20260929
72127,D1,60.0,200.0,0.0,,,20260929
72129,D1,43.5,158.8,0.0,,,20260929
72131,None,0.0,0.0,0.0,,,20260929
72133,D3,196.5,395.7,195.7,,,20260929
72135,D2,96.6,257.2,68.8,,,20260929
72137,D2,119.0,298.3,98.3,,,20260929
72139,D1,60.0,200.0,0.0,,,20260929
72141,None,1.9,7.5,0.0,,,20260929
72143,D0,9.7,48.5,0.0,,,20260929
72145,None,0.3,1.3,0.0,,,20260929
72147,D3,132.4,315.5,115.5,,,20260929
72149,D2,105.7,276.2,76.2,,,20260929
72151,D1,33.2,133.1,0.0,,,20260929
72153,D3,102.7,252.6,77.4,,,20260929
