MapDate,FIPS,County,State,None,D0,D1,D2,D3,D4,ValidStart,ValidEnd,StatisticFormatID
20260929,01001,Autauga County,AL,0.00,100.00,71.83,18.99,0.00,0.00,2026-09-29,2026-10-05,1
20260929,01003,Baldwin County,AL,0.00,100.00,30.49,0.00,0.00,0.00,2026-09-29,2026-10-05,1
20260929,01005,Barbour County,AL,0.00,100.00,0.00,0.00,0.00,0.00,2026-09-29,2026-10-05,1
20260929,01007,Bibb County,AL,0.00,100.00,100.00,80.91,5.97,0.00,2026-09-29,2026-10-05,1
20260929,01009,Blount County,AL,0.00,100.00,0.00,0.00,0.00,0.00,2026-09-29,2026-10-05,1
20260929,01011,Bullock County,AL,37.27,62.73,0.00,0.00,0.00,0.00,2026-09-29,2026-10-05,1
20260929,01013,Butler County,AL,0.00,100.00,100.00,75.09,6.41,0.00,2026-09-29,2026-10-05,1
20260929,01015,Calhoun County,AL,1.25,98.75,0.00,0.00,0.00,0.00,2026-09-29,2026-10-05,1
20260929,01017,Chambers County,AL,0.00,100.00,2.51,0.00,0.00,0.00,2026-09-29,2026-10-05,1
20260929,01019,Cherokee County,AL,0.00,100.00,69.43,0.00,0.00,0.00,2026-09-29,2026-10-05,1
20260929,01021,Chilton County,AL,0.00,100.00,100.00,43.37,0.00,0.00,2026-09-29,2026-10-05,1
20260929,01023,Choctaw County,AL,0.00,100.00,43.61,0.00,0.00,0.00,2026-09-29,2026-10-05,1
20260929,01025,Clarke County,AL,0.00,100.00,100.00,0.65,0.00,0.00,2026-09-29,2026-10-05,1
20260929,01027,Clay County,AL,39.64,60.36,0.00,0.00,0.00,0.00,2026-09-29,2026-10-05,1
20260929,01029,Cleburne County,AL,60.25,39.75,0.00,0.00,0.00,0.00,2026-09-29,2026-10-05,1
20260929,01031,Coffee County,AL,0.00,100.00,100.00,28.16,0.00,0.00,2026-09-29,2026-10-05,1
20260929,01033,Colbert County,AL,0.00,100.00,100.00,0.03,0.00,0.00,2026-09-29,2026-10-05,1
20260929,01035,Conecuh County,AL,0.00,100.00,100.00,100.00,0.00,0.00,2026-09-29,2026-10-05,1
20260929,01037,Coosa County,AL,0.00,100.00,74.01,0.00,0.00,0.00,2026-09-29,2026-10-05,1
20260929,01039,Covington County,AL,0.00,100.00,90.19,48.40,0.00,0.00,2026-09-29,2026-10-05,1
20260929,01041,Crenshaw County,AL,0.00,100.00,100.00,36.77,0.00,0.00,2026-09-29,2026-10-05,1
20260929,01043,Cullman County,AL,0.00,100.00,0.00,0.00,0.00,0.00,2026-09-29,2026-10-05,1
20260929,01045,Dale County,AL,0.00,100.00,42.72,0.00,0.00,0.00,2026-09-29,2026-10-05,1
20260929,01047,Dallas County,AL,0.00,100.00,84.09,54.39,18.16,0.00,2026-09-29,2026-10-05,1
20260929,01049,DeKalb County,AL,0.00,100.00,53.10,0.00,0.00,0.00,2026-09-29,2026-10-05,1
20260929,01051,Elmore County,AL,15.20,84.80,51.06,0.00,0.00,0.00,2026-09-29,2026-10-05,1
20260929,01053,Escambia County,AL,0.00,100.00,98.24,60.43,0.00,0.00,2026-09-29,2026-10-05,1
20260929,01055,Etowah County,AL,0.00,100.00,0.00,0.00,0.00,0.00,2026-09-29,2026-10-05,1
20260929,01057,Fayette County,AL,0.00,100.00,72.77,0.00,0.00,0.00,2026-09-29,2026-10-05,1
20260929,01059,Franklin County,AL,0.00,100.00,99.41,0.00,0.00,0.00,2026-09-29,2026-10-05,1
20260929,01061,Geneva County,AL,0.00,100.00,100.00,0.00,0.00,0.00,2026-09-29,2026-10-05,1
20260929,01063,Greene County,AL,0.00,100.00,100.00,52.84,0.88,0.00,2026-09-29,2026-10-05,1
20260929,01065,Hale County,AL,0.00,100.00,100.00,100.00,42.44,0.00,2026-09-29,2026-10-05,1
20260929,01067,Henry County,AL,0.00,100.00,0.00,0.00,0.00,0.00,2026-09-29,2026-10-05,1
20260929,01069,Houston County,AL,0.00,100.00,13.78,0.00,0.00,0.00,2026-09-29,2026-10-05,1
20260929,01071,Jackson County,AL,0.00,100.00,77.92,11.10,0.00,0.00,2026-09-29,2026-10-05,1
20260929,01073,Jefferson County,AL,0.00,100.00,6.62,0.00,0.00,0.00,2026-09-29,2026-10-05,1
20260929,01075,Lamar County,AL,0.00,100.00,95.55,0.00,0.00,0.00,2026-09-29,2026-10-05,1
20260929,01077,Lauderdale County,AL,0.00,100.00,100.00,16.97,0.00,0.00,2026-09-29,2026-10-05,1
20260929,01079,Lawrence County,AL,0.00,100.00,46.08,0.00,0.00,0.00,2026-09-29,2026-10-05,1
20260929,01081,Lee County,AL,14.28,85.72,0.00,0.00,0.00,0.00,2026-09-29,2026-10-05,1
20260929,01083,Limestone County,AL,0.00,100.00,77.66,30.43,0.00,0.00,2026-09-29,2026-10-05,1
20260929,01085,Lowndes County,AL,0.00,100.00,63.67,1.60,0.00,0.00,2026-09-29,2026-10-05,1
20260929,01087,Macon County,AL,99.04,0.96,0.00,0.00,0.00,0.00,2026-09-29,2026-10-05,1
20260929,01089,Madison County,AL,0.00,100.00,58.62,34.77,0.00,0.00,2026-09-29,2026-10-05,1
20260929,01091,Marengo County,AL,0.00,100.00,98.60,38.82,1.13,0.00,2026-09-29,2026-10-05,1
20260929,01093,Marion County,AL,0.00,100.00,89.79,0.00,0.00,0.00,2026-09-29,2026-10-05,1
20260929,01095,Marshall County,AL,0.00,100.00,0.00,0.00,0.00,0.00,2026-09-29,2026-10-05,1
20260929,01097,Mobile County,AL,0.00,100.00,99.27,0.00,0.00,0.00,2026-09-29,2026-10-05,1
20260929,01099,Monroe County,AL,0.00,100.00,100.00,46.31,4.86,0.00,2026-09-29,2026-10-05,1
20260929,01101,Montgomery County,AL,9.84,90.16,16.98,0.00,0.00,0.00,2026-09-29,2026-10-05,1
20260929,01103,Morgan County,AL,0.00,100.00,0.00,0.00,0.00,0.00,2026-09-29,2026-10-05,1
20260929,01105,Perry County,AL,0.00,100.00,100.00,99.47,16.89,0.00,2026-09-29,2026-10-05,1
20260929,01107,Pickens County,AL,0.00,100.00,99.48,0.00,0.00,0.00,2026-09-29,2026-10-05,1
20260929,01109,Pike County,AL,0.00,100.00,60.91,0.08,0.00,0.00,2026-09-29,2026-10-05,1
20260929,01111,Randolph County,AL,49.48,50.52,10.95,0.00,0.00,0.00,2026-09-29,2026-10-05,1
20260929,01113,Russell County,AL,13.83,86.17,0.00,0.00,0.00,0.00,2026-09-29,2026-10-05,1
20260929,01115,Saint Clair County,AL,0.00,100.00,0.00,0.00,0.00,0.00,2026-09-29,2026-10-05,1
20260929,01117,Shelby County,AL,0.00,100.00,49.81,0.00,0.00,0.00,2026-09-29,2026-10-05,1
20260929,01119,Sumter County,AL,0.00,100.00,26.48,5.98,0.00,0.00,2026-09-29,2026-10-05,1
20260929,01121,Talladega County,AL,0.00,100.00,5.39,0.00,0.00,0.00,2026-09-29,2026-10-05,1
20260929,01123,Tallapoosa County,AL,68.38,31.62,0.00,0.00,0.00,0.00,2026-09-29,2026-10-05,1
20260929,01125,Tuscaloosa County,AL,0.00,100.00,91.09,22.87,2.53,0.00,2026-09-29,2026-10-05,1
20260929,01127,Walker County,AL,0.00,100.00,0.00,0.00,0.00,0.00,2026-09-29,2026-10-05,1
20260929,01129,Washington County,AL,0.00,100.00,100.00,0.00,0.00,0.00,2026-09-29,2026-10-05,1
20260929,01131,Wilcox County,AL,0.00,100.00,100.00,99.02,55.11,0.00,2026-09-29,2026-10-05,1
20260929,01133,Winston County,AL,0.00,100.00,1.45,0.00,0.00,0.00,2026-09-29,2026-10-05,1
20260929,02013,Aleutians East Borough,AK,100.00,0.00,0.00,0.00,0.00,0.00,2026-09-29,2026-10-05,1
20260929,02016,Aleutians West Census Area,AK,100.00,0.00,0.00,0.00,0.00,0.00,2026-09-29,2026-10-05,1
20260929,02020,Anchorage Municipality,AK,100.00,0.00,0.00,0.00,0.00,0.00,2026-09-29,2026-10-05,1
20260929,02050,Bethel Census Area,AK,100.00,0.00,0.00,0.00,0.00,0.00,2026-09-29,2026-10-05,1
20260929,02060,Bristol Bay Borough,AK,100.00,0.00,0.00,0.00,0.00,0.00,2026-09-29,2026-10-05,1
20260929,02063,Chugach Census Area,AK,100.00,0.00,0.00,0.00,0.00,0.00,2026-09-29,2026-10-05,1
20260929,02066,Copper River Census Area,AK,100.00,0.00,0.00,0.00,0.00,0.00,2026-09-29,2026-10-05,1
20260929,02068,Denali Borough,AK,100.00,0.00,0.00,0.00,0.00,0.00,2026-09-29,2026-10-05,1
20260929,02070,Dillingham Census Area,AK,100.00,0.00,0.00,0.00,0.00,0.00,2026-09-29,2026-10-05,1
20260929,02090,Fairbanks North Star Borough,AK,100.00,0.00,0.00,0.00,0.00,0.00,2026-09-29,2026-10-05,1
20260929,02100,Haines Borough,AK,36.77,63.23,0.00,0.00,0.00,0.00,2026-09-29,2026-10-05,1
20260929,02105,Hoonah-Angoon Census Area,AK,61.71,38.29,0.00,0.00,0.00,0.00,2026-09-29,2026-10-05,1
20260929,02110,Juneau City and Borough,AK,0.00,100.00,0.00,0.00,0.00,0.00,2026-09-29,2026-10-05,1
20260929,02122,Kenai Peninsula Borough,AK,100.00,0.00,0.00,0.00,0.00,0.00,2026-09-29,2026-10-05,1
20260929,02130,Ketchikan Gateway Borough,AK,0.00,100.00,0.00,0.00,0.00,0.00,2026-09-29,2026-10-05,1
20260929,02150,Kodiak Island Borough,AK,100.00,0.00,0.00,0.00,0.00,0.00,2026-09-29,2026-10-05,1
20260929,02158,Kusilvak Census Area,AK,100.00,0.00,0.00,0.00,0.00,0.00,2026-09-29,2026-10-05,1
20260929,02164,Lake and Peninsula Borough,AK,100.00,0.00,0.00,0.00,0.00,0.00,2026-09-29,2026-10-05,1
20260929,02170,Matanuska-Susitna Borough,AK,100.00,0.00,0.00,0.00,0.00,0.00,2026-09-29,2026-10-05,1
20260929,02180,Nome Census Area,AK,100.00,0.00,0.00,0.00,0.00,0.00,2026-09-29,2026-10-05,1
20260929,02185,North Slope Borough,AK,100.00,0.00,0.00,0.00,0.00,0.00,2026-09-29,2026-10-05,1
20260929,02188,Northwest Arctic Borough,AK,100.00,0.00,0.00,0.00,0.00,0.00,2026-09-29,2026-10-05,1
20260929,02195,Petersburg Borough,AK,0.00,100.00,0.00,0.00,0.00,0.00,2026-09-29,2026-10-05,1
20260929,02198,Prince of Wales-Hyder Census Area,AK,0.06,99.94,0.00,0.00,0.00,0.00,2026-09-29,2026-10-05,1
20260929,02220,Sitka City and Borough,AK,89.97,10.03,0.00,0.00,0.00,0.00,2026-09-29,2026-10-05,1
20260929,02230,Skagway Municipality,AK,0.00,100.00,0.00,0.00,0.00,0.00,2026-09-29,2026-10-05,1
20260929,02240,Southeast Fairbanks Census Area,AK,67.53,32.47,17.25,0.00,0.00,0.00,2026-09-29,2026-10-05,1
20260929,02275,Wrangell City and Borough,AK,0.00,100.00,0.00,0.00,0.00,0.00,2026-09-29,2026-10-05,1
20260929,02282,Yakutat City and Borough,AK,100.00,0.00,0.00,0.00,0.00,0.00,2026-09-29,2026-10-05,1
20260929,02290,Yukon-Koyukuk Census Area,AK,100.00,0.00,0.00,0.00,0.00,0.00,2026-09-29,2026-10-05,1
20260929,04001,Apache County,AZ,0.00,100.00,99.74,24.62,0.00,0.00,2026-09-29,2026-10-05,1
20260929,04003,Cochise County,AZ,91.62,8.38,0.00,0.00,0.00,0.00,2026-09-29,2026-10-05,1
20260929,04005,Coconino County,AZ,0.00,100.00,63.38,27.07,0.00,0.00,2026-09-29,2026-10-05,1
20260929,04007,Gila County,AZ,0.00,100.00,19.50,0.00,0.00,0.00,2026-09-29,2026-10-05,1
20260929,04009,Graham County,AZ,18.27,81.73,56.84,13.80,0.00,0.00,2026-09-29,2026-10-05,1
20260929,04011,Greenlee County,AZ,0.00,100.00,95.75,32.40,0.00,0.00,2026-09-29,2026-10-05,1
20260929,04012,La Paz County,AZ,0.00,100.00,100.00,0.29,0.00,0.00,2026-09-29,2026-10-05,1
20260929,04013,Maricopa County,AZ,0.00,100.00,82.97,75.76,20.85,0.00,2026-09-29,2026-10-05,1
20260929,04015,Mohave County,AZ,0.00,100.00,96.49,24.15,0.00,0.00,2026-09-29,2026-10-05,1
20260929,04017,Navajo County,AZ,0.00,100.00,52.08,37.16,0.00,0.00,2026-09-29,2026-10-05,1
20260929,04019,Pima County,AZ,36.59,63.41,43.26,33.07,0.00,0.00,2026-09-29,2026-10-05,1
20260929,04021,Pinal County,AZ,0.35,99.65,43.31,13.39,3.26,0.00,2026-09-29,2026-10-05,1
20260929,04023,Santa Cruz County,AZ,94.97,5.03,0.00,0.00,0.00,0.00,2026-09-29,2026-10-05,1
20260929,04025,Yavapai County,AZ,0.00,100.00,20.49,8.16,0.00,0.00,2026-09-29,2026-10-05,1
20260929,04027,Yuma County,AZ,0.00,100.00,100.00,0.70,0.00,0.00,2026-09-29,2026-10-05,1
20260929,05001,Arkansas County,AR,0.00,100.00,100.00,100.00,89.68,0.00,2026-09-29,2026-10-05,1
20260929,05003,Ashley County,AR,0.00,100.00,100.00,100.00,43.08,0.00,2026-09-29,2026-10-05,1
20260929,05005,Baxter County,AR,0.00,100.00,100.00,41.28,0.00,0.00,2026-09-29,2026-10-05,1
20260929,05007,Benton County,AR,0.00,100.00,100.00,100.00,99.99,43.42,2026-09-29,2026-10-05,1
20260929,05009,Boone County,AR,0.00,100.00,100.00,98.98,1.74,0.00,2026-09-29,2026-10-05,1
20260929,05011,Bradley County,AR,0.00,100.00,100.00,100.00,75.32,0.00,2026-09-29,2026-10-05,1
20260929,05013,Calhoun County,AR,0.00,100.00,100.00,100.00,0.00,0.00,2026-09-29,2026-10-05,1
20260929,05015,Carroll County,AR,0.00,100.00,100.00,100.00,88.64,0.00,2026-09-29,2026-10-05,1
20260929,05017,Chicot County,AR,0.00,100.00,100.00,100.00,63.85,18.14,2026-09-29,2026-10-05,1
20260929,05019,Clark County,AR,0.00,100.00,100.00,100.00,0.00,0.00,2026-09-29,2026-10-05,1
20260929,05021,Clay County,AR,0.00,100.00,100.00,93.52,0.00,0.00,2026-09-29,2026-10-05,1
20260929,05023,Cleburne County,AR,0.00,100.00,84.04,15.22,0.00,0.00,2026-09-29,2026-10-05,1
20260929,05025,Cleveland County,AR,0.00,100.00,100.00,100.00,13.48,0.00,2026-09-29,2026-10-05,1
20260929,05027,Columbia County,AR,0.00,100.00,100.00,100.00,25.22,0.00,2026-09-29,2026-10-05,1
20260929,05029,Conway County,AR,0.00,100.00,79.43,60.48,32.82,0.00,2026-09-29,2026-10-05,1
20260929,05031,Craighead County,AR,0.00,100.00,100.00,100.00,35.80,0.00,2026-09-29,2026-10-05,1
20260929,05033,Crawford County,AR,0.00,100.00,100.00,100.00,100.00,22.44,2026-09-29,2026-10-05,1
20260929,05035,Crittenden County,AR,0.00,100.00,100.00,100.00,60.68,0.00,2026-09-29,2026-10-05,1
20260929,05037,Cross County,AR,0.00,100.00,100.00,100.00,58.97,0.00,2026-09-29,2026-10-05,1
20260929,05039,Dallas County,AR,0.00,100.00,100.00,100.00,0.00,0.00,2026-09-29,2026-10-05,1
20260929,05041,Desha County,AR,0.00,100.00,100.00,100.00,86.62,32.93,2026-09-29,2026-10-05,1
20260929,05043,Drew County,AR,0.00,100.00,100.00,100.00,94.61,15.65,2026-09-29,2026-10-05,1
20260929,05045,Faulkner County,AR,0.00,100.00,97.29,81.25,51.17,0.00,2026-09-29,2026-10-05,1
20260929,05047,Franklin County,AR,0.00,100.00,100.00,100.00,100.00,0.00,2026-09-29,2026-10-05,1
20260929,05049,Fulton County,AR,0.00,100.00,100.00,99.22,39.50,17.58,2026-09-29,2026-10-05,1
20260929,05051,Garland County,AR,0.00,100.00,100.00,93.12,0.00,0.00,2026-09-29,2026-10-05,1
20260929,05053,Grant County,AR,0.00,100.00,100.00,73.84,0.00,0.00,2026-09-29,2026-10-05,1
20260929,05055,Greene County,AR,0.00,100.00,100.00,100.00,54.46,0.00,2026-09-29,2026-10-05,1
20260929,05057,Hempstead County,AR,0.00,100.00,100.00,100.00,0.00,0.00,2026-09-29,2026-10-05,1
20260929,05059,Hot Spring County,AR,0.00,100.00,100.00,49.76,0.00,0.00,2026-09-29,2026-10-05,1
20260929,05061,Howard County,AR,0.00,100.00,100.00,100.00,19.20,0.00,2026-09-29,2026-10-05,1
20260929,05063,Independence County,AR,0.00,100.00,100.00,100.00,90.97,0.00,2026-09-29,2026-10-05,1
20260929,05065,Izard County,AR,0.00,100.00,100.00,83.70,27.76,2.60,2026-09-29,2026-10-05,1
20260929,05067,Jackson County,AR,0.00,100.00,100.00,100.00,47.51,0.00,2026-09-29,2026-10-05,1
20260929,05069,Jefferson County,AR,0.00,100.00,100.00,100.00,17.11,0.00,2026-09-29,2026-10-05,1
20260929,05071,Johnson County,AR,0.00,100.00,89.91,81.31,56.47,0.00,2026-09-29,2026-10-05,1
20260929,05073,Lafayette County,AR,0.00,100.00,100.00,100.00,0.00,0.00,2026-09-29,2026-10-05,1
20260929,05075,Lawrence County,AR,0.00,100.00,100.00,100.00,48.34,0.00,2026-09-29,2026-10-05,1
20260929,05077,Lee County,AR,0.00,100.00,100.00,76.90,0.00,0.00,2026-09-29,2026-10-05,1
20260929,05079,Lincoln County,AR,0.00,100.00,100.00,100.00,0.70,0.00,2026-09-29,2026-10-05,1
20260929,05081,Little River County,AR,0.00,100.00,100.00,91.99,0.00,0.00,2026-09-29,2026-10-05,1
20260929,05083,Logan County,AR,0.00,100.00,100.00,100.00,100.00,0.00,2026-09-29,2026-10-05,1
20260929,05085,Lonoke County,AR,0.00,100.00,100.00,100.00,99.95,0.00,2026-09-29,2026-10-05,1
20260929,05087,Madison County,AR,0.00,100.00,100.00,98.47,80.74,0.00,2026-09-29,2026-10-05,1
20260929,05089,Marion County,AR,0.00,100.00,100.00,52.07,0.00,0.00,2026-09-29,2026-10-05,1
20260929,05091,Miller County,AR,0.00,100.00,100.00,82.23,0.00,0.00,2026-09-29,2026-10-05,1
20260929,05093,Mississippi County,AR,0.00,100.00,100.00,100.00,86.46,0.00,2026-09-29,2026-10-05,1
20260929,05095,Monroe County,AR,0.00,100.00,100.00,100.00,68.45,0.00,2026-09-29,2026-10-05,1
20260929,05097,Montgomery County,AR,0.00,100.00,100.00,100.00,0.00,0.00,2026-09-29,2026-10-05,1
20260929,05099,Nevada County,AR,0.00,100.00,100.00,100.00,0.00,0.00,2026-09-29,2026-10-05,1
20260929,05101,Newton County,AR,0.00,100.00,51.10,23.79,0.00,0.00,2026-09-29,2026-10-05,1
20260929,05103,Ouachita County,AR,0.00,100.00,100.00,100.00,1.32,0.00,2026-09-29,2026-10-05,1
20260929,05105,Perry County,AR,0.00,100.00,100.00,100.00,60.56,0.00,2026-09-29,2026-10-05,1
20260929,05107,Phillips County,AR,0.00,100.00,100.00,100.00,27.25,0.00,2026-09-29,2026-10-05,1
20260929,05109,Pike County,AR,0.00,100.00,100.00,100.00,0.00,0.00,2026-09-29,2026-10-05,1
20260929,05111,Poinsett County,AR,0.00,100.00,100.00,100.00,54.19,0.00,2026-09-29,2026-10-05,1
20260929,05113,Polk County,AR,0.00,100.00,100.00,100.00,2.70,0.00,2026-09-29,2026-10-05,1
20260929,05115,Pope County,AR,0.00,100.00,61.02,51.42,32.21,0.00,2026-09-29,2026-10-05,1
20260929,05117,Prairie County,AR,0.00,100.00,100.00,100.00,100.00,0.00,2026-09-29,2026-10-05,1
20260929,05119,Pulaski County,AR,0.00,100.00,100.00,100.00,27.69,0.00,2026-09-29,2026-10-05,1
20260929,05121,Randolph County,AR,0.00,100.00,100.00,100.00,0.00,0.00,2026-09-29,2026-10-05,1
20260929,05123,Saint Francis County,AR,0.00,100.00,100.00,55.57,0.03,0.00,2026-09-29,2026-10-05,1
20260929,05125,Saline County,AR,0.00,100.00,100.00,79.38,0.00,0.00,2026-09-29,2026-10-05,1
20260929,05127,Scott County,AR,0.00,100.00,100.00,100.00,41.97,0.00,2026-09-29,2026-10-05,1
20260929,05129,Searcy County,AR,0.00,100.00,72.77,0.00,0.00,0.00,2026-09-29,2026-10-05,1
20260929,05131,Sebastian County,AR,0.00,100.00,100.00,100.00,100.00,3.93,2026-09-29,2026-10-05,1
20260929,05133,Sevier County,AR,0.00,100.00,100.00,100.00,0.00,0.00,2026-09-29,2026-10-05,1
20260929,05135,Sharp County,AR,0.00,100.00,100.00,100.00,78.99,1.99,2026-09-29,2026-10-05,1
20260929,05137,Stone County,AR,0.00,100.00,99.15,12.06,0.00,0.00,2026-09-29,2026-10-05,1
20260929,05139,Union County,AR,0.00,100.00,100.00,100.00,48.29,0.00,2026-09-29,2026-10-05,1
20260929,05141,Van Buren County,AR,0.00,100.00,2.66,0.00,0.00,0.00,2026-09-29,2026-10-05,1
20260929,05143,Washington County,AR,0.00,100.00,100.00,100.00,98.88,0.60,2026-09-29,2026-10-05,1
20260929,05145,White County,AR,0.00,100.00,100.00,98.43,62.60,0.00,2026-09-29,2026-10-05,1
20260929,05147,Woodruff County,AR,0.00,100.00,100.00,94.06,9.26,0.00,2026-09-29,2026-10-05,1
20260929,05149,Yell County,AR,0.00,100.00,100.00,100.00,89.49,0.00,2026-09-29,2026-10-05,1
20260929,06001,Alameda County,CA,100.00,0.00,0.00,0.00,0.00,0.00,2026-09-29,2026-10-05,1
20260929,06003,Alpine County,CA,0.00,100.00,0.04,0.00,0.00,0.00,2026-09-29,2026-10-05,1
20260929,06005,Amador County,CA,0.00,100.00,0.00,0.00,0.00,0.00,2026-09-29,2026-10-05,1
20260929,06007,Butte County,CA,0.00,100.00,0.00,0.00,0.00,0.00,2026-09-29,2026-10-05,1
20260929,06009,Calaveras County,CA,0.00,100.00,0.00,0.00,0.00,0.00,2026-09-29,2026-10-05,1
20260929,06011,Colusa County,CA,0.00,100.00,0.00,0.00,0.00,0.00,2026-09-29,2026-10-05,1
20260929,06013,Contra Costa County,CA,100.00,0.00,0.00,0.00,0.00,0.00,2026-09-29,2026-10-05,1
20260929,06015,Del Norte County,CA,0.00,100.00,38.69,0.00,0.00,0.00,2026-09-29,2026-10-05,1
20260929,06017,El Dorado County,CA,0.00,100.00,3.18,0.00,0.00,0.00,2026-09-29,2026-10-05,1
20260929,06019,Fresno County,CA,51.80,48.20,0.00,0.00,0.00,0.00,2026-09-29,2026-10-05,1
20260929,06021,Glenn County,CA,0.00,100.00,0.00,0.00,0.00,0.00,2026-09-29,2026-10-05,1
20260929,06023,Humboldt County,CA,0.00,100.00,1.35,0.00,0.00,0.00,2026-09-29,2026-10-05,1
20260929,06025,Imperial County,CA,0.00,100.00,54.53,0.00,0.00,0.00,2026-09-29,2026-10-05,1
20260929,06027,Inyo County,CA,0.00,100.00,55.67,0.00,0.00,0.00,2026-09-29,2026-10-05,1
20260929,06029,Kern County,CA,44.57,55.43,4.06,0.00,0.00,0.00,2026-09-29,2026-10-05,1
20260929,06031,Kings County,CA,100.00,0.00,0.00,0.00,0.00,0.00,2026-09-29,2026-10-05,1
20260929,06033,Lake County,CA,4.69,95.31,0.00,0.00,0.00,0.00,2026-09-29,2026-10-05,1
20260929,06035,Lassen County,CA,0.00,100.00,58.48,0.00,0.00,0.00,2026-09-29,2026-10-05,1
20260929,06037,Los Angeles County,CA,93.33,6.67,0.00,0.00,0.00,0.00,2026-09-29,2026-10-05,1
20260929,06039,Madera County,CA,22.55,77.45,0.00,0.00,0.00,0.00,2026-09-29,2026-10-05,1
20260929,06041,Marin County,CA,100.00,0.00,0.00,0.00,0.00,0.00,2026-09-29,2026-10-05,1
20260929,06043,Mariposa County,CA,0.00,100.00,0.00,0.00,0.00,0.00,2026-09-29,2026-10-05,1
20260929,06045,Mendocino County,CA,8.36,91.64,0.00,0.00,0.00,0.00,2026-09-29,2026-10-05,1
20260929,06047,Merced County,CA,80.44,19.56,0.00,0.00,0.00,0.00,2026-09-29,2026-10-05,1
20260929,06049,Modoc County,CA,0.00,100.00,100.00,0.00,0.00,0.00,2026-09-29,2026-10-05,1
20260929,06051,Mono County,CA,0.00,100.00,0.00,0.00,0.00,0.00,2026-09-29,2026-10-05,1
20260929,06053,Monterey County,CA,100.00,0.00,0.00,0.00,0.00,0.00,2026-09-29,2026-10-05,1
20260929,06055,Napa County,CA,72.75,27.25,0.00,0.00,0.00,0.00,2026-09-29,2026-10-05,1
20260929,06057,Nevada County,CA,0.00,100.00,10.40,0.00,0.00,0.00,2026-09-29,2026-10-05,1
20260929,06059,Orange County,CA,100.00,0.00,0.00,0.00,0.00,0.00,2026-09-29,2026-10-05,1
20260929,06061,Placer County,CA,0.00,100.00,10.86,0.00,0.00,0.00,2026-09-29,2026-10-05,1
20260929,06063,Plumas County,CA,0.00,100.00,4.73,0.00,0.00,0.00,2026-09-29,2026-10-05,1
20260929,06065,Riverside County,CA,24.03,75.97,48.59,0.00,0.00,0.00,2026-09-29,2026-10-05,1
20260929,06067,Sacramento County,CA,30.96,69.04,0.00,0.00,0.00,0.00,2026-09-29,2026-10-05,1
20260929,06069,San Benito County,CA,100.00,0.00,0.00,0.00,0.00,0.00,2026-09-29,2026-10-05,1
20260929,06071,San Bernardino County,CA,11.47,88.53,53.27,0.00,0.00,0.00,2026-09-29,2026-10-05,1
20260929,06073,San Diego County,CA,34.53,65.47,0.00,0.00,0.00,0.00,2026-09-29,2026-10-05,1
20260929,06075,San Francisco County,CA,100.00,0.00,0.00,0.00,0.00,0.00,2026-09-29,2026-10-05,1
20260929,06077,San Joaquin County,CA,86.38,13.62,0.00,0.00,0.00,0.00,2026-09-29,2026-10-05,1
20260929,06079,San Luis Obispo County,CA,100.00,0.00,0.00,0.00,0.00,0.00,2026-09-29,2026-10-05,1
20260929,06081,San Mateo County,CA,100.00,0.00,0.00,0.00,0.00,0.00,2026-09-29,2026-10-05,1
20260929,06083,Santa Barbara County,CA,100.00,0.00,0.00,0.00,0.00,0.00,2026-09-29,2026-10-05,1
20260929,06085,Santa Clara County,CA,100.00,0.00,0.00,0.00,0.00,0.00,2026-09-29,2026-10-05,1
20260929,06087,Santa Cruz County,CA,100.00,0.00,0.00,0.00,0.00,0.00,2026-09-29,2026-10-05,1
20260929,06089,Shasta County,CA,0.00,100.00,1.36,0.00,0.00,0.00,2026-09-29,2026-10-05,1
20260929,06091,Sierra County,CA,0.00,100.00,22.09,0.00,0.00,0.00,2026-09-29,2026-10-05,1
20260929,06093,Siskiyou County,CA,0.00,100.00,89.86,0.00,0.00,0.00,2026-09-29,2026-10-05,1
20260929,06095,Solano County,CA,80.10,19.90,0.00,0.00,0.00,0.00,2026-09-29,2026-10-05,1
20260929,06097,Sonoma County,CA,99.32,0.68,0.00,0.00,0.00,0.00,2026-09-29,2026-10-05,1
20260929,06099,Stanislaus County,CA,70.08,29.92,0.00,0.00,0.00,0.00,2026-09-29,2026-10-05,1
20260929,06101,Sutter County,CA,0.00,100.00,0.00,0.00,0.00,0.00,2026-09-29,2026-10-05,1
20260929,06103,Tehama County,CA,0.00,100.00,0.00,0.00,0.00,0.00,2026-09-29,2026-10-05,1
20260929,06105,Trinity County,CA,0.00,100.00,6.12,0.00,0.00,0.00,2026-09-29,2026-10-05,1
20260929,06107,Tulare County,CA,21.21,78.79,0.00,0.00,0.00,0.00,2026-09-29,2026-10-05,1
20260929,06109,Tuolumne County,CA,0.00,100.00,0.00,0.00,0.00,0.00,2026-09-29,2026-10-05,1
20260929,06111,Ventura County,CA,100.00,0.00,0.00,0.00,0.00,0.00,2026-09-29,2026-10-05,1
20260929,06113,Yolo County,CA,3.96,96.04,0.00,0.00,0.00,0.00,2026-09-29,2026-10-05,1
20260929,06115,Yuba County,CA,0.00,100.00,0.00,0.00,0.00,0.00,2026-09-29,2026-10-05,1
20260929,08001,Adams County,CO,13.66,86.34,61.11,49.02,13.27,3.50,2026-09-29,2026-10-05,1
20260929,08003,Alamosa County,CO,0.00,100.00,100.00,100.00,100.00,14.01,2026-09-29,2026-10-05,1
20260929,08005,Arapahoe County,CO,47.04,52.96,48.49,42.63,0.00,0.00,2026-09-29,2026-10-05,1
20260929,08007,Archuleta County,CO,0.00,100.00,99.64,0.07,0.00,0.00,2026-09-29,2026-10-05,1
20260929,08009,Baca County,CO,0.00,100.00,95.43,46.41,0.00,0.00,2026-09-29,2026-10-05,1
20260929,08011,Bent County,CO,0.00,100.00,47.98,0.00,0.00,0.00,2026-09-29,2026-10-05,1
20260929,08013,Boulder County,CO,0.00,100.00,100.00,100.00,84.83,17.32,2026-09-29,2026-10-05,1
20260929,08014,Broomfield County,CO,0.00,100.00,100.00,100.00,100.00,100.00,2026-09-29,2026-10-05,1
20260929,08015,Chaffee County,CO,0.00,100.00,100.00,100.00,100.00,77.89,2026-09-29,2026-10-05,1
20260929,08017,Cheyenne County,CO,70.88,29.12,3.77,0.00,0.00,0.00,2026-09-29,2026-10-05,1
20260929,08019,Clear Creek County,CO,0.00,100.00,100.00,100.00,19.13,0.01,2026-09-29,2026-10-05,1
20260929,08021,Conejos County,CO,0.00,100.00,100.00,97.09,86.11,0.00,2026-09-29,2026-10-05,1
20260929,08023,Costilla County,CO,0.00,100.00,100.00,100.00,100.00,32.77,2026-09-29,2026-10-05,1
20260929,08025,Crowley County,CO,0.00,100.00,100.00,0.00,0.00,0.00,2026-09-29,2026-10-05,1
20260929,08027,Custer County,CO,0.00,100.00,100.00,100.00,100.00,0.00,2026-09-29,2026-10-05,1
20260929,08029,Delta County,CO,0.00,100.00,100.00,82.70,34.02,0.00,2026-09-29,2026-10-05,1
20260929,08031,Denver County,CO,0.00,100.00,100.00,100.00,0.00,0.00,2026-09-29,2026-10-05,1
20260929,08033,Dolores County,CO,0.00,100.00,96.18,64.65,0.00,0.00,2026-09-29,2026-10-05,1
20260929,08035,Douglas County,CO,0.00,100.00,100.00,89.99,39.08,0.00,2026-09-29,2026-10-05,1
20260929,08037,Eagle County,CO,0.00,100.00,100.00,100.00,100.00,99.70,2026-09-29,2026-10-05,1
20260929,08041,El Paso County,CO,4.84,95.16,92.23,80.06,45.05,11.16,2026-09-29,2026-10-05,1
20260929,08039,Elbert County,CO,70.22,29.78,21.27,4.66,0.00,0.00,2026-09-29,2026-10-05,1
20260929,08043,Fremont County,CO,0.00,100.00,100.00,100.00,86.88,0.00,2026-09-29,2026-10-05,1
20260929,08045,Garfield County,CO,0.00,100.00,100.00,100.00,66.83,3.99,2026-09-29,2026-10-05,1
20260929,08047,Gilpin County,CO,0.00,100.00,100.00,100.00,38.86,0.00,2026-09-29,2026-10-05,1
20260929,08049,Grand County,CO,0.00,100.00,100.00,100.00,94.31,53.80,2026-09-29,2026-10-05,1
20260929,08051,Gunnison County,CO,0.00,100.00,100.00,99.66,97.31,22.76,2026-09-29,2026-10-05,1
20260929,08053,Hinsdale County,CO,0.00,100.00,100.00,66.82,9.85,0.00,2026-09-29,2026-10-05,1
20260929,08055,Huerfano County,CO,0.00,100.00,100.00,100.00,97.48,26.49,2026-09-29,2026-10-05,1
20260929,08057,Jackson County,CO,0.00,100.00,100.00,53.37,10.90,0.00,2026-09-29,2026-10-05,1
20260929,08059,Jefferson County,CO,0.00,100.00,100.00,100.00,44.40,2.16,2026-09-29,2026-10-05,1
20260929,08061,Kiowa County,CO,6.41,93.59,76.62,0.00,0.00,0.00,2026-09-29,2026-10-05,1
20260929,08063,Kit Carson County,CO,56.25,43.75,17.17,0.00,0.00,0.00,2026-09-29,2026-10-05,1
20260929,08067,La Plata County,CO,0.00,100.00,72.84,5.91,0.00,0.00,2026-09-29,2026-10-05,1
20260929,08065,Lake County,CO,0.00,100.00,100.00,100.00,100.00,100.00,2026-09-29,2026-10-05,1
20260929,08069,Larimer County,CO,0.00,100.00,100.00,100.00,49.10,0.00,2026-09-29,2026-10-05,1
20260929,08071,Las Animas County,CO,0.00,100.00,88.40,55.50,23.18,5.84,2026-09-29,2026-10-05,1
20260929,08073,Lincoln County,CO,50.29,49.71,46.23,0.00,0.00,0.00,2026-09-29,2026-10-05,1
20260929,08075,Logan County,CO,34.65,65.35,10.82,0.00,0.00,0.00,2026-09-29,2026-10-05,1
20260929,08077,Mesa County,CO,0.00,100.00,100.00,96.91,83.13,0.00,2026-09-29,2026-10-05,1
20260929,08079,Mineral County,CO,0.00,100.00,100.00,71.15,34.41,0.73,2026-09-29,2026-10-05,1
20260929,08081,Moffat County,CO,0.00,100.00,100.00,47.72,6.49,0.00,2026-09-29,2026-10-05,1
20260929,08083,Montezuma County,CO,0.00,100.00,99.76,89.80,0.00,0.00,2026-09-29,2026-10-05,1
20260929,08085,Montrose County,CO,0.00,100.00,100.00,32.35,2.11,0.00,2026-09-29,2026-10-05,1
20260929,08087,Morgan County,CO,0.03,99.97,93.54,0.00,0.00,0.00,2026-09-29,2026-10-05,1
20260929,08089,Otero County,CO,0.00,100.00,87.33,3.93,0.00,0.00,2026-09-29,2026-10-05,1
20260929,08091,Ouray County,CO,0.00,100.00,100.00,2.02,0.00,0.00,2026-09-29,2026-10-05,1
20260929,08093,Park County,CO,0.00,100.00,100.00,100.00,74.76,33.49,2026-09-29,2026-10-05,1
20260929,08095,Phillips County,CO,37.61,62.39,21.28,0.00,0.00,0.00,2026-09-29,2026-10-05,1
20260929,08097,Pitkin County,CO,0.00,100.00,100.00,100.00,100.00,80.25,2026-09-29,2026-10-05,1
20260929,08099,Prowers County,CO,0.00,100.00,76.70,0.00,0.00,0.00,2026-09-29,2026-10-05,1
20260929,08101,Pueblo County,CO,0.00,100.00,100.00,57.86,25.69,0.00,2026-09-29,2026-10-05,1
20260929,08103,Rio Blanco County,CO,0.00,100.00,100.00,99.19,15.71,0.11,2026-09-29,2026-10-05,1
20260929,08105,Rio Grande County,CO,0.00,100.00,100.00,99.95,89.61,1.37,2026-09-29,2026-10-05,1
20260929,08107,Routt County,CO,0.00,100.00,100.00,100.00,59.33,26.44,2026-09-29,2026-10-05,1
20260929,08109,Saguache County,CO,0.00,100.00,100.00,100.00,100.00,39.54,2026-09-29,2026-10-05,1
20260929,08111,San Juan County,CO,0.00,100.00,65.14,2.76,0.00,0.00,2026-09-29,2026-10-05,1
20260929,08113,San Miguel County,CO,0.00,100.00,99.96,38.21,0.00,0.00,2026-09-29,2026-10-05,1
20260929,08115,Sedgwick County,CO,6.43,93.57,58.00,8.74,0.00,0.00,2026-09-29,2026-10-05,1
20260929,08117,Summit County,CO,0.00,100.00,100.00,100.00,100.00,87.85,2026-09-29,2026-10-05,1
20260929,08119,Teller County,CO,0.00,100.00,100.00,100.00,13.60,0.00,2026-09-29,2026-10-05,1
20260929,08121,Washington County,CO,78.12,21.88,0.74,0.00,0.00,0.00,2026-09-29,2026-10-05,1
20260929,08123,Weld County,CO,0.00,100.00,80.20,52.10,19.44,1.65,2026-09-29,2026-10-05,1
20260929,08125,Yuma County,CO,23.87,76.13,9.66,0.00,0.00,0.00,2026-09-29,2026-10-05,1
20260929,09110,Capitol Planning Region,CT,84.71,15.29,0.00,0.00,0.00,0.00,2026-09-29,2026-10-05,1
20260929,09120,Greater Bridgeport Planning Region,CT,100.00,0.00,0.00,0.00,0.00,0.00,2026-09-29,2026-10-05,1
20260929,09130,Lower Connecticut River Valley Planning Region,CT,100.00,0.00,0.00,0.00,0.00,0.00,2026-09-29,2026-10-05,1
20260929,09140,Naugatuck Valley Planning Region,CT,100.00,0.00,0.00,0.00,0.00,0.00,2026-09-29,2026-10-05,1
20260929,09150,Northeastern Connecticut Planning Region,CT,100.00,0.00,0.00,0.00,0.00,0.00,2026-09-29,2026-10-05,1
20260929,09160,Northwest Hills Planning Region,CT,37.76,62.24,0.00,0.00,0.00,0.00,2026-09-29,2026-10-05,1
20260929,09170,South Central Connecticut Planning Region,CT,100.00,0.00,0.00,0.00,0.00,0.00,2026-09-29,2026-10-05,1
20260929,09180,Southeastern Connecticut Planning Region,CT,100.00,0.00,0.00,0.00,0.00,0.00,2026-09-29,2026-10-05,1
20260929,09190,Western Connecticut Planning Region,CT,100.00,0.00,0.00,0.00,0.00,0.00,2026-09-29,2026-10-05,1
20260929,10001,Kent County,DE,19.09,80.91,23.93,0.00,0.00,0.00,2026-09-29,2026-10-05,1
20260929,10003,New Castle County,DE,100.00,0.00,0.00,0.00,0.00,0.00,2026-09-29,2026-10-05,1
20260929,10005,Sussex County,DE,74.00,26.00,8.17,0.00,0.00,0.00,2026-09-29,2026-10-05,1
20260929,12001,Alachua County,FL,0.00,100.00,100.00,17.04,1.35,0.00,2026-09-29,2026-10-05,1
20260929,12003,Baker County,FL,0.00,100.00,37.42,0.00,0.00,0.00,2026-09-29,2026-10-05,1
20260929,12005,Bay County,FL,67.63,32.37,0.00,0.00,0.00,0.00,2026-09-29,2026-10-05,1
20260929,12007,Bradford County,FL,0.00,100.00,100.00,23.41,0.00,0.00,2026-09-29,2026-10-05,1
20260929,12009,Brevard County,FL,57.35,42.65,0.00,0.00,0.00,0.00,2026-09-29,2026-10-05,1
20260929,12011,Broward County,FL,36.33,63.67,34.02,14.55,0.00,0.00,2026-09-29,2026-10-05,1
20260929,12013,Calhoun County,FL,0.00,100.00,0.00,0.00,0.00,0.00,2026-09-29,2026-10-05,1
20260929,12015,Charlotte County,FL,5.49,94.51,49.29,13.94,0.00,0.00,2026-09-29,2026-10-05,1
20260929,12017,Citrus County,FL,0.00,100.00,0.00,0.00,0.00,0.00,2026-09-29,2026-10-05,1
20260929,12019,Clay County,FL,0.00,100.00,100.00,10.73,0.00,0.00,2026-09-29,2026-10-05,1
20260929,12021,Collier County,FL,8.19,91.81,36.34,1.70,0.00,0.00,2026-09-29,2026-10-05,1
20260929,12023,Columbia County,FL,0.00,100.00,70.03,19.19,14.08,0.00,2026-09-29,2026-10-05,1
20260929,12027,DeSoto County,FL,0.00,100.00,100.00,24.74,9.53,0.00,2026-09-29,2026-10-05,1
20260929,12029,Dixie County,FL,0.00,100.00,0.00,0.00,0.00,0.00,2026-09-29,2026-10-05,1
20260929,12031,Duval County,FL,0.00,100.00,94.22,0.00,0.00,0.00,2026-09-29,2026-10-05,1
20260929,12033,Escambia County,FL,17.09,82.91,20.95,2.30,0.00,0.00,2026-09-29,2026-10-05,1
20260929,12035,Flagler County,FL,0.43,99.57,64.74,0.00,0.00,0.00,2026-09-29,2026-10-05,1
20260929,12037,Franklin County,FL,82.79,17.21,0.00,0.00,0.00,0.00,2026-09-29,2026-10-05,1
20260929,12039,Gadsden County,FL,0.00,100.00,33.23,0.00,0.00,0.00,2026-09-29,2026-10-05,1
20260929,12041,Gilchrist County,FL,0.00,100.00,80.69,20.15,9.05,0.00,2026-09-29,2026-10-05,1
20260929,12043,Glades County,FL,11.77,88.23,63.14,30.56,0.00,0.00,2026-09-29,2026-10-05,1
20260929,12045,Gulf County,FL,9.04,90.96,0.00,0.00,0.00,0.00,2026-09-29,2026-10-05,1
20260929,12047,Hamilton County,FL,0.00,100.00,25.88,0.00,0.00,0.00,2026-09-29,2026-10-05,1
20260929,12049,Hardee County,FL,0.00,100.00,100.00,91.05,15.30,0.00,2026-09-29,2026-10-05,1
20260929,12051,Hendry County,FL,15.33,84.67,54.16,8.26,0.00,0.00,2026-09-29,2026-10-05,1
20260929,12053,Hernando County,FL,0.00,100.00,30.70,0.00,0.00,0.00,2026-09-29,2026-10-05,1
20260929,12055,Highlands County,FL,0.00,100.00,100.00,24.75,6.93,0.00,2026-09-29,2026-10-05,1
20260929,12057,Hillsborough County,FL,0.00,100.00,100.00,65.19,21.17,0.00,2026-09-29,2026-10-05,1
20260929,12059,Holmes County,FL,0.00,100.00,97.47,0.00,0.00,0.00,2026-09-29,2026-10-05,1
20260929,12061,Indian River County,FL,24.75,75.25,0.00,0.00,0.00,0.00,2026-09-29,2026-10-05,1
20260929,12063,Jackson County,FL,0.00,100.00,9.18,0.00,0.00,0.00,2026-09-29,2026-10-05,1
20260929,12065,Jefferson County,FL,0.00,100.00,70.96,0.00,0.00,0.00,2026-09-29,2026-10-05,1
20260929,12067,Lafayette County,FL,0.00,100.00,64.39,0.00,0.00,0.00,2026-09-29,2026-10-05,1
20260929,12069,Lake County,FL,2.00,98.00,91.31,0.00,0.00,0.00,2026-09-29,2026-10-05,1
20260929,12071,Lee County,FL,31.71,68.29,18.02,8.94,0.00,0.00,2026-09-29,2026-10-05,1
20260929,12073,Leon County,FL,0.00,100.00,85.71,0.00,0.00,0.00,2026-09-29,2026-10-05,1
20260929,12075,Levy County,FL,0.00,100.00,18.32,0.00,0.00,0.00,2026-09-29,2026-10-05,1
20260929,12077,Liberty County,FL,36.33,63.67,0.00,0.00,0.00,0.00,2026-09-29,2026-10-05,1
20260929,12079,Madison County,FL,0.00,100.00,33.23,0.00,0.00,0.00,2026-09-29,2026-10-05,1
20260929,12081,Manatee County,FL,0.00,100.00,100.00,73.94,44.48,0.00,2026-09-29,2026-10-05,1
20260929,12083,Marion County,FL,0.00,100.00,73.46,16.21,0.00,0.00,2026-09-29,2026-10-05,1
20260929,12085,Martin County,FL,16.25,83.75,42.38,23.14,0.00,0.00,2026-09-29,2026-10-05,1
20260929,12086,Miami-Dade County,FL,0.89,99.11,81.84,55.40,0.00,0.00,2026-09-29,2026-10-05,1
20260929,12087,Monroe County,FL,0.00,100.00,98.37,29.96,0.00,0.00,2026-09-29,2026-10-05,1
20260929,12089,Nassau County,FL,0.00,100.00,8.83,0.00,0.00,0.00,2026-09-29,2026-10-05,1
20260929,12091,Okaloosa County,FL,0.04,99.96,0.00,0.00,0.00,0.00,2026-09-29,2026-10-05,1
20260929,12093,Okeechobee County,FL,0.15,99.85,78.21,16.38,0.00,0.00,2026-09-29,2026-10-05,1
20260929,12095,Orange County,FL,40.00,60.00,50.18,0.00,0.00,0.00,2026-09-29,2026-10-05,1
20260929,12097,Osceola County,FL,24.55,75.45,61.80,0.00,0.00,0.00,2026-09-29,2026-10-05,1
20260929,12099,Palm Beach County,FL,5.47,94.53,44.21,14.16,0.00,0.00,2026-09-29,2026-10-05,1
20260929,12101,Pasco County,FL,0.00,100.00,77.62,2.53,0.00,0.00,2026-09-29,2026-10-05,1
20260929,12103,Pinellas County,FL,0.00,100.00,100.00,99.82,14.11,0.00,2026-09-29,2026-10-05,1
20260929,12105,Polk County,FL,0.00,100.00,100.00,20.23,0.00,0.00,2026-09-29,2026-10-05,1
20260929,12107,Putnam County,FL,0.00,100.00,100.00,32.98,0.00,0.00,2026-09-29,2026-10-05,1
20260929,12109,Saint Johns County,FL,0.00,100.00,100.00,0.00,0.00,0.00,2026-09-29,2026-10-05,1
20260929,12111,Saint Lucie County,FL,70.22,29.78,1.97,0.00,0.00,0.00,2026-09-29,2026-10-05,1
20260929,12113,Santa Rosa County,FL,25.85,74.15,8.54,0.00,0.00,0.00,2026-09-29,2026-10-05,1
20260929,12115,Sarasota County,FL,0.00,100.00,100.00,51.39,2.26,0.00,2026-09-29,2026-10-05,1
20260929,12117,Seminole County,FL,94.47,5.53,4.74,0.00,0.00,0.00,2026-09-29,2026-10-05,1
20260929,12119,Sumter County,FL,0.00,100.00,20.49,0.00,0.00,0.00,2026-09-29,2026-10-05,1
20260929,12121,Suwannee County,FL,0.00,100.00,97.71,4.97,1.13,0.00,2026-09-29,2026-10-05,1
20260929,12123,Taylor County,FL,0.00,100.00,57.42,0.00,0.00,0.00,2026-09-29,2026-10-05,1
20260929,12125,Union County,FL,0.00,100.00,100.00,7.93,0.00,0.00,2026-09-29,2026-10-05,1
20260929,12127,Volusia County,FL,73.13,26.87,16.02,0.00,0.00,0.00,2026-09-29,2026-10-05,1
20260929,12129,Wakulla County,FL,0.00,100.00,14.56,0.00,0.00,0.00,2026-09-29,2026-10-05,1
20260929,12131,Walton County,FL,7.82,92.18,9.76,0.00,0.00,0.00,2026-09-29,2026-10-05,1
20260929,12133,Washington County,FL,9.72,90.28,7.61,0.00,0.00,0.00,2026-09-29,2026-10-05,1
20260929,13001,Appling County,GA,0.00,100.00,71.86,0.00,0.00,0.00,2026-09-29,2026-10-05,1
20260929,13003,Atkinson County,GA,0.00,100.00,7.27,0.00,0.00,0.00,2026-09-29,2026-10-05,1
20260929,13005,Bacon County,GA,0.00,100.00,87.44,0.00,0.00,0.00,2026-09-29,2026-10-05,1
20260929,13007,Baker County,GA,0.00,100.00,100.00,0.00,0.00,0.00,2026-09-29,2026-10-05,1
20260929,13009,Baldwin County,GA,0.00,100.00,85.33,62.19,0.00,0.00,2026-09-29,2026-10-05,1
20260929,13011,Banks County,GA,0.00,100.00,3.89,0.00,0.00,0.00,2026-09-29,2026-10-05,1
20260929,13013,Barrow County,GA,0.00,100.00,0.00,0.00,0.00,0.00,2026-09-29,2026-10-05,1
20260929,13015,Bartow County,GA,0.00,100.00,32.02,0.00,0.00,0.00,2026-09-29,2026-10-05,1
20260929,13017,Ben Hill County,GA,0.00,100.00,0.00,0.00,0.00,0.00,2026-09-29,2026-10-05,1
20260929,13019,Berrien County,GA,0.00,100.00,23.20,0.00,0.00,0.00,2026-09-29,2026-10-05,1
20260929,13021,Bibb County,GA,0.00,100.00,99.09,0.49,0.00,0.00,2026-09-29,2026-10-05,1
20260929,13023,Bleckley County,GA,0.00,100.00,36.05,0.00,0.00,0.00,2026-09-29,2026-10-05,1
20260929,13025,Brantley County,GA,0.00,100.00,68.32,0.00,0.00,0.00,2026-09-29,2026-10-05,1
20260929,13027,Brooks County,GA,0.00,100.00,74.40,0.00,0.00,0.00,2026-09-29,2026-10-05,1
20260929,13029,Bryan County,GA,0.00,100.00,9.96,0.00,0.00,0.00,2026-09-29,2026-10-05,1
20260929,13031,Bulloch County,GA,0.00,100.00,16.18,0.00,0.00,0.00,2026-09-29,2026-10-05,1
20260929,13033,Burke County,GA,0.00,100.00,0.00,0.00,0.00,0.00,2026-09-29,2026-10-05,1
20260929,13035,Butts County,GA,0.00,100.00,84.32,53.26,0.00,0.00,2026-09-29,2026-10-05,1
20260929,13037,Calhoun County,GA,0.00,100.00,100.00,0.00,0.00,0.00,2026-09-29,2026-10-05,1
20260929,13039,Camden County,GA,0.00,100.00,0.12,0.00,0.00,0.00,2026-09-29,2026-10-05,1
20260929,13043,Candler County,GA,0.00,100.00,0.00,0.00,0.00,0.00,2026-09-29,2026-10-05,1
20260929,13045,Carroll County,GA,0.00,100.00,7.47,0.00,0.00,0.00,2026-09-29,2026-10-05,1
20260929,13047,Catoosa County,GA,0.00,100.00,100.00,0.00,0.00,0.00,2026-09-29,2026-10-05,1
20260929,13049,Charlton County,GA,0.00,100.00,0.00,0.00,0.00,0.00,2026-09-29,2026-10-05,1
20260929,13051,Chatham County,GA,0.00,100.00,24.19,0.00,0.00,0.00,2026-09-29,2026-10-05,1
20260929,13053,Chattahoochee County,GA,0.00,100.00,0.00,0.00,0.00,0.00,2026-09-29,2026-10-05,1
20260929,13055,Chattooga County,GA,0.00,100.00,100.00,0.00,0.00,0.00,2026-09-29,2026-10-05,1
20260929,13057,Cherokee County,GA,0.00,100.00,66.90,0.00,0.00,0.00,2026-09-29,2026-10-05,1
20260929,13059,Clarke County,GA,0.00,100.00,79.82,22.31,0.00,0.00,2026-09-29,2026-10-05,1
20260929,13061,Clay County,GA,0.00,100.00,23.58,0.00,0.00,0.00,2026-09-29,2026-10-05,1
20260929,13063,Clayton County,GA,0.00,100.00,26.70,0.00,0.00,0.00,2026-09-29,2026-10-05,1
20260929,13065,Clinch County,GA,0.00,100.00,3.90,0.00,0.00,0.00,2026-09-29,2026-10-05,1
20260929,13067,Cobb County,GA,0.00,100.00,0.00,0.00,0.00,0.00,2026-09-29,2026-10-05,1
20260929,13069,Coffee County,GA,0.00,100.00,9.46,0.00,0.00,0.00,2026-09-29,2026-10-05,1
20260929,13071,Colquitt County,GA,0.00,100.00,15.50,0.00,0.00,0.00,2026-09-29,2026-10-05,1
20260929,13073,Columbia County,GA,0.00,100.00,24.06,0.00,0.00,0.00,2026-09-29,2026-10-05,1
20260929,13075,Cook County,GA,0.00,100.00,56.02,0.00,0.00,0.00,2026-09-29,2026-10-05,1
20260929,13077,Coweta County,GA,0.00,100.00,80.46,50.00,0.00,0.00,2026-09-29,2026-10-05,1
20260929,13079,Crawford County,GA,0.00,100.00,57.80,8.96,0.00,0.00,2026-09-29,2026-10-05,1
20260929,13081,Crisp County,GA,0.00,100.00,39.66,0.00,0.00,0.00,2026-09-29,2026-10-05,1
20260929,13083,Dade County,GA,0.00,100.00,100.00,0.00,0.00,0.00,2026-09-29,2026-10-05,1
20260929,13085,Dawson County,GA,0.00,100.00,67.58,0.00,0.00,0.00,2026-09-29,2026-10-05,1
20260929,13087,Decatur County,GA,0.00,100.00,63.81,0.00,0.00,0.00,2026-09-29,2026-10-05,1
20260929,13089,DeKalb County,GA,0.00,100.00,0.00,0.00,0.00,0.00,2026-09-29,2026-10-05,1
20260929,13091,Dodge County,GA,0.00,100.00,51.52,0.00,0.00,0.00,2026-09-29,2026-10-05,1
20260929,13093,Dooly County,GA,0.00,100.00,69.16,0.00,0.00,0.00,2026-09-29,2026-10-05,1
20260929,13095,Dougherty County,GA,0.00,100.00,79.78,0.00,0.00,0.00,2026-09-29,2026-10-05,1
20260929,13097,Douglas County,GA,0.00,100.00,0.00,0.00,0.00,0.00,2026-09-29,2026-10-05,1
20260929,13099,Early County,GA,0.00,100.00,44.76,0.00,0.00,0.00,2026-09-29,2026-10-05,1
20260929,13101,Echols County,GA,0.00,100.00,0.00,0.00,0.00,0.00,2026-09-29,2026-10-05,1
20260929,13103,Effingham County,GA,0.00,100.00,99.72,0.00,0.00,0.00,2026-09-29,2026-10-05,1
20260929,13105,Elbert County,GA,0.00,100.00,100.00,80.09,0.00,0.00,2026-09-29,2026-10-05,1
20260929,13107,Emanuel County,GA,0.00,100.00,0.00,0.00,0.00,0.00,2026-09-29,2026-10-05,1
20260929,13109,Evans County,GA,0.00,100.00,9.37,0.00,0.00,0.00,2026-09-29,2026-10-05,1
20260929,13111,Fannin County,GA,0.00,100.00,18.09,0.00,0.00,0.00,2026-09-29,2026-10-05,1
20260929,13113,Fayette County,GA,0.00,100.00,73.19,8.00,0.00,0.00,2026-09-29,2026-10-05,1
20260929,13115,Floyd County,GA,0.00,100.00,57.69,0.00,0.00,0.00,2026-09-29,2026-10-05,1
20260929,13117,Forsyth County,GA,0.00,100.00,8.25,0.00,0.00,0.00,2026-09-29,2026-10-05,1
20260929,13119,Franklin County,GA,0.00,100.00,69.39,10.11,0.00,0.00,2026-09-29,2026-10-05,1
20260929,13121,Fulton County,GA,0.00,100.00,0.00,0.00,0.00,0.00,2026-09-29,2026-10-05,1
20260929,13123,Gilmer County,GA,0.00,100.00,0.00,0.00,0.00,0.00,2026-09-29,2026-10-05,1
20260929,13125,Glascock County,GA,0.00,100.00,0.00,0.00,0.00,0.00,2026-09-29,2026-10-05,1
20260929,13127,Glynn County,GA,0.00,100.00,0.37,0.00,0.00,0.00,2026-09-29,2026-10-05,1
20260929,13129,Gordon County,GA,0.00,100.00,25.84,0.00,0.00,0.00,2026-09-29,2026-10-05,1
20260929,13131,Grady County,GA,0.00,100.00,99.75,0.00,0.00,0.00,2026-09-29,2026-10-05,1
20260929,13133,Greene County,GA,0.00,100.00,100.00,0.38,0.00,0.00,2026-09-29,2026-10-05,1
20260929,13135,Gwinnett County,GA,0.00,100.00,0.00,0.00,0.00,0.00,2026-09-29,2026-10-05,1
20260929,13137,Habersham County,GA,0.00,100.00,17.75,0.00,0.00,0.00,2026-09-29,2026-10-05,1
20260929,13139,Hall County,GA,0.00,100.00,35.65,0.00,0.00,0.00,2026-09-29,2026-10-05,1
20260929,13141,Hancock County,GA,0.00,100.00,79.13,9.64,0.00,0.00,2026-09-29,2026-10-05,1
20260929,13143,Haralson County,GA,1.66,98.34,0.00,0.00,0.00,0.00,2026-09-29,2026-10-05,1
20260929,13145,Harris County,GA,0.00,100.00,0.00,0.00,0.00,0.00,2026-09-29,2026-10-05,1
20260929,13147,Hart County,GA,0.00,100.00,100.00,98.64,0.00,0.00,2026-09-29,2026-10-05,1
20260929,13149,Heard County,GA,0.00,100.00,96.91,58.60,0.00,0.00,2026-09-29,2026-10-05,1
20260929,13151,Henry County,GA,0.00,100.00,36.15,0.00,0.00,0.00,2026-09-29,2026-10-05,1
20260929,13153,Houston County,GA,0.00,100.00,94.98,0.00,0.00,0.00,2026-09-29,2026-10-05,1
20260929,13155,Irwin County,GA,0.00,100.00,0.00,0.00,0.00,0.00,2026-09-29,2026-10-05,1
20260929,13157,Jackson County,GA,0.00,100.00,8.67,0.00,0.00,0.00,2026-09-29,2026-10-05,1
20260929,13159,Jasper County,GA,0.00,100.00,99.92,73.89,0.00,0.00,2026-09-29,2026-10-05,1
20260929,13161,Jeff Davis County,GA,0.00,100.00,5.12,0.00,0.00,0.00,2026-09-29,2026-10-05,1
20260929,13163,Jefferson County,GA,0.00,100.00,11.77,0.00,0.00,0.00,2026-09-29,2026-10-05,1
20260929,13165,Jenkins County,GA,0.00,100.00,0.00,0.00,0.00,0.00,2026-09-29,2026-10-05,1
20260929,13167,Johnson County,GA,0.00,100.00,0.00,0.00,0.00,0.00,2026-09-29,2026-10-05,1
20260929,13169,Jones County,GA,0.00,100.00,43.60,10.15,0.00,0.00,2026-09-29,2026-10-05,1
20260929,13171,Lamar County,GA,0.00,100.00,100.00,97.72,0.00,0.00,2026-09-29,2026-10-05,1
20260929,13173,Lanier County,GA,0.00,100.00,84.04,0.00,0.00,0.00,2026-09-29,2026-10-05,1
20260929,13175,Laurens County,GA,0.00,100.00,0.00,0.00,0.00,0.00,2026-09-29,2026-10-05,1
20260929,13177,Lee County,GA,0.00,100.00,47.36,0.00,0.00,0.00,2026-09-29,2026-10-05,1
20260929,13179,Liberty County,GA,0.00,100.00,22.17,0.00,0.00,0.00,2026-09-29,2026-10-05,1
20260929,13181,Lincoln County,GA,0.00,100.00,98.59,0.00,0.00,0.00,2026-09-29,2026-10-05,1
20260929,13183,Long County,GA,0.00,100.00,82.61,0.00,0.00,0.00,2026-09-29,2026-10-05,1
20260929,13185,Lowndes County,GA,0.00,100.00,29.15,0.00,0.00,0.00,2026-09-29,2026-10-05,1
20260929,13187,Lumpkin County,GA,0.00,100.00,13.01,0.00,0.00,0.00,2026-09-29,2026-10-05,1
20260929,13193,Macon County,GA,0.00,100.00,0.00,0.00,0.00,0.00,2026-09-29,2026-10-05,1
20260929,13195,Madison County,GA,0.00,100.00,99.91,52.97,0.00,0.00,2026-09-29,2026-10-05,1
20260929,13197,Marion County,GA,0.00,100.00,0.00,0.00,0.00,0.00,2026-09-29,2026-10-05,1
20260929,13189,McDuffie County,GA,0.00,100.00,65.74,0.00,0.00,0.00,2026-09-29,2026-10-05,1
20260929,13191,McIntosh County,GA,0.00,100.00,0.00,0.00,0.00,0.00,2026-09-29,2026-10-05,1
20260929,13199,Meriwether County,GA,0.00,100.00,72.98,38.18,0.00,0.00,2026-09-29,2026-10-05,1
20260929,13201,Miller County,GA,0.00,100.00,76.30,0.00,0.00,0.00,2026-09-29,2026-10-05,1
20260929,13205,Mitchell County,GA,0.00,100.00,88.91,0.00,0.00,0.00,2026-09-29,2026-10-05,1
20260929,13207,Monroe County,GA,0.00,100.00,100.00,52.82,0.00,0.00,2026-09-29,2026-10-05,1
20260929,13209,Montgomery County,GA,0.00,100.00,32.53,0.00,0.00,0.00,2026-09-29,2026-10-05,1
20260929,13211,Morgan County,GA,0.00,100.00,98.86,55.56,0.00,0.00,2026-09-29,2026-10-05,1
20260929,13213,Murray County,GA,0.00,100.00,64.69,0.00,0.00,0.00,2026-09-29,2026-10-05,1
20260929,13215,Muscogee County,GA,0.00,100.00,0.00,0.00,0.00,0.00,2026-09-29,2026-10-05,1
20260929,13217,Newton County,GA,0.00,100.00,20.94,0.00,0.00,0.00,2026-09-29,2026-10-05,1
20260929,13219,Oconee County,GA,0.00,100.00,55.47,41.32,0.00,0.00,2026-09-29,2026-10-05,1
20260929,13221,Oglethorpe County,GA,0.00,100.00,100.00,64.08,0.00,0.00,2026-09-29,2026-10-05,1
20260929,13223,Paulding County,GA,0.00,100.00,0.00,0.00,0.00,0.00,2026-09-29,2026-10-05,1
20260929,13225,Peach County,GA,0.00,100.00,65.83,0.00,0.00,0.00,2026-09-29,2026-10-05,1
20260929,13227,Pickens County,GA,0.00,100.00,46.13,0.00,0.00,0.00,2026-09-29,2026-10-05,1
20260929,13229,Pierce County,GA,0.00,100.00,99.92,0.00,0.00,0.00,2026-09-29,2026-10-05,1
20260929,13231,Pike County,GA,0.00,100.00,100.00,62.52,0.00,0.00,2026-09-29,2026-10-05,1
20260929,13233,Polk County,GA,0.00,100.00,6.00,0.00,0.00,0.00,2026-09-29,2026-10-05,1
20260929,13235,Pulaski County,GA,0.00,100.00,100.00,0.00,0.00,0.00,2026-09-29,2026-10-05,1
20260929,13237,Putnam County,GA,0.00,100.00,100.00,47.16,0.00,0.00,2026-09-29,2026-10-05,1
20260929,13239,Quitman County,GA,0.00,100.00,11.02,0.00,0.00,0.00,2026-09-29,2026-10-05,1
20260929,13241,Rabun County,GA,0.00,100.00,81.68,0.00,0.00,0.00,2026-09-29,2026-10-05,1
20260929,13243,Randolph County,GA,0.00,100.00,97.02,0.00,0.00,0.00,2026-09-29,2026-10-05,1
20260929,13245,Richmond County,GA,0.00,100.00,0.00,0.00,0.00,0.00,2026-09-29,2026-10-05,1
20260929,13247,Rockdale County,GA,0.00,100.00,0.00,0.00,0.00,0.00,2026-09-29,2026-10-05,1
20260929,13249,Schley County,GA,0.00,100.00,0.00,0.00,0.00,0.00,2026-09-29,2026-10-05,1
20260929,13251,Screven County,GA,0.00,100.00,53.49,0.00,0.00,0.00,2026-09-29,2026-10-05,1
20260929,13253,Seminole County,GA,0.00,100.00,0.96,0.00,0.00,0.00,2026-09-29,2026-10-05,1
20260929,13255,Spalding County,GA,0.00,100.00,100.00,75.10,0.00,0.00,2026-09-29,2026-10-05,1
20260929,13257,Stephens County,GA,0.00,100.00,0.14,0.00,0.00,0.00,2026-09-29,2026-10-05,1
20260929,13259,Stewart County,GA,0.00,100.00,35.63,0.00,0.00,0.00,2026-09-29,2026-10-05,1
20260929,13261,Sumter County,GA,0.00,100.00,19.66,0.00,0.00,0.00,2026-09-29,2026-10-05,1
20260929,13263,Talbot County,GA,0.00,100.00,0.00,0.00,0.00,0.00,2026-09-29,2026-10-05,1
20260929,13265,Taliaferro County,GA,0.00,100.00,100.00,0.00,0.00,0.00,2026-09-29,2026-10-05,1
20260929,13267,Tattnall County,GA,0.00,100.00,69.39,0.00,0.00,0.00,2026-09-29,2026-10-05,1
20260929,13269,Taylor County,GA,0.00,100.00,0.00,0.00,0.00,0.00,2026-09-29,2026-10-05,1
20260929,13271,Telfair County,GA,0.00,100.00,27.70,0.00,0.00,0.00,2026-09-29,2026-10-05,1
20260929,13273,Terrell County,GA,0.00,100.00,100.00,0.00,0.00,0.00,2026-09-29,2026-10-05,1
20260929,13275,Thomas County,GA,0.00,100.00,66.06,0.00,0.00,0.00,2026-09-29,2026-10-05,1
20260929,13277,Tift County,GA,0.00,100.00,0.00,0.00,0.00,0.00,2026-09-29,2026-10-05,1
20260929,13279,Toombs County,GA,0.00,100.00,4.48,0.00,0.00,0.00,2026-09-29,2026-10-05,1
20260929,13281,Towns County,GA,0.00,100.00,2.73,0.00,0.00,0.00,2026-09-29,2026-10-05,1
20260929,13283,Treutlen County,GA,0.00,100.00,0.00,0.00,0.00,0.00,2026-09-29,2026-10-05,1
20260929,13285,Troup County,GA,0.00,100.00,74.88,32.49,0.00,0.00,2026-09-29,2026-10-05,1
20260929,13287,Turner County,GA,0.00,100.00,0.00,0.00,0.00,0.00,2026-09-29,2026-10-05,1
20260929,13289,Twiggs County,GA,0.00,100.00,39.76,0.00,0.00,0.00,2026-09-29,2026-10-05,1
20260929,13291,Union County,GA,0.00,100.00,1.57,0.00,0.00,0.00,2026-09-29,2026-10-05,1
20260929,13293,Upson County,GA,0.00,100.00,61.17,4.47,0.00,0.00,2026-09-29,2026-10-05,1
20260929,13295,Walker County,GA,0.00,100.00,100.00,0.00,0.00,0.00,2026-09-29,2026-10-05,1
20260929,13297,Walton County,GA,0.00,100.00,2.87,0.00,0.00,0.00,2026-09-29,2026-10-05,1
20260929,13299,Ware County,GA,0.00,100.00,51.80,0.00,0.00,0.00,2026-09-29,2026-10-05,1
20260929,13301,Warren County,GA,0.00,100.00,72.40,0.00,0.00,0.00,2026-09-29,2026-10-05,1
20260929,13303,Washington County,GA,0.00,100.00,58.50,10.28,0.00,0.00,2026-09-29,2026-10-05,1
20260929,13305,Wayne County,GA,0.00,100.00,67.33,0.00,0.00,0.00,2026-09-29,2026-10-05,1
20260929,13307,Webster County,GA,0.00,100.00,67.01,0.00,0.00,0.00,2026-09-29,2026-10-05,1
20260929,13309,Wheeler County,GA,0.00,100.00,50.54,0.00,0.00,0.00,2026-09-29,2026-10-05,1
20260929,13311,White County,GA,0.00,100.00,20.77,0.00,0.00,0.00,2026-09-29,2026-10-05,1
20260929,13313,Whitfield County,GA,0.00,100.00,100.00,0.00,0.00,0.00,2026-09-29,2026-10-05,1
20260929,13315,Wilcox County,GA,0.00,100.00,52.33,0.00,0.00,0.00,2026-09-29,2026-10-05,1
20260929,13317,Wilkes County,GA,0.00,100.00,100.00,16.88,0.00,0.00,2026-09-29,2026-10-05,1
20260929,13319,Wilkinson County,GA,0.00,100.00,7.26,0.00,0.00,0.00,2026-09-29,2026-10-05,1
20260929,13321,Worth County,GA,0.00,100.00,0.00,0.00,0.00,0.00,2026-09-29,2026-10-05,1
20260929,15001,Hawaii County,HI,79.28,20.72,0.00,0.00,0.00,0.00,2026-09-29,2026-10-05,1
20260929,15003,Honolulu County,HI,100.00,0.00,0.00,0.00,0.00,0.00,2026-09-29,2026-10-05,1
20260929,15005,Kalawao County,HI,100.00,0.00,0.00,0.00,0.00,0.00,2026-09-29,2026-10-05,1
20260929,15007,Kauai County,HI,100.00,0.00,0.00,0.00,0.00,0.00,2026-09-29,2026-10-05,1
20260929,15009,Maui County,HI,100.00,0.00,0.00,0.00,0.00,0.00,2026-09-29,2026-10-05,1
20260929,16001,Ada County,ID,0.00,100.00,68.24,14.71,0.00,0.00,2026-09-29,2026-10-05,1
20260929,16003,Adams County,ID,0.00,100.00,94.22,26.09,0.00,0.00,2026-09-29,2026-10-05,1
20260929,16005,Bannock County,ID,0.00,100.00,100.00,100.00,87.84,0.00,2026-09-29,2026-10-05,1
20260929,16007,Bear Lake County,ID,0.00,100.00,100.00,72.97,0.00,0.00,2026-09-29,2026-10-05,1
20260929,16009,Benewah County,ID,0.00,100.00,100.00,100.00,0.00,0.00,2026-09-29,2026-10-05,1
20260929,16011,Bingham County,ID,0.00,100.00,100.00,100.00,100.00,0.00,2026-09-29,2026-10-05,1
20260929,16013,Blaine County,ID,0.00,100.00,68.82,44.81,27.19,0.00,2026-09-29,2026-10-05,1
20260929,16015,Boise County,ID,10.44,89.56,16.99,0.00,0.00,0.00,2026-09-29,2026-10-05,1
20260929,16017,Bonner County,ID,0.00,100.00,100.00,68.86,0.00,0.00,2026-09-29,2026-10-05,1
20260929,16019,Bonneville County,ID,0.00,100.00,100.00,100.00,85.20,0.00,2026-09-29,2026-10-05,1
20260929,16021,Boundary County,ID,0.00,100.00,100.00,44.32,0.00,0.00,2026-09-29,2026-10-05,1
20260929,16023,Butte County,ID,0.00,100.00,94.73,83.03,44.25,0.00,2026-09-29,2026-10-05,1
20260929,16025,Camas County,ID,0.00,100.00,75.49,55.59,38.00,0.00,2026-09-29,2026-10-05,1
20260929,16027,Canyon County,ID,0.00,100.00,11.28,0.00,0.00,0.00,2026-09-29,2026-10-05,1
20260929,16029,Caribou County,ID,0.00,100.00,100.00,100.00,49.49,0.00,2026-09-29,2026-10-05,1
20260929,16031,Cassia County,ID,0.00,100.00,100.00,100.00,100.00,17.08,2026-09-29,2026-10-05,1
20260929,16033,Clark County,ID,0.00,100.00,100.00,44.02,0.40,0.00,2026-09-29,2026-10-05,1
20260929,16035,Clearwater County,ID,12.40,87.60,51.03,24.47,0.00,0.00,2026-09-29,2026-10-05,1
20260929,16037,Custer County,ID,45.71,54.29,3.55,1.07,0.00,0.00,2026-09-29,2026-10-05,1
20260929,16039,Elmore County,ID,0.00,100.00,85.47,48.09,33.24,0.00,2026-09-29,2026-10-05,1
20260929,16041,Franklin County,ID,0.00,100.00,100.00,87.16,6.47,0.00,2026-09-29,2026-10-05,1
20260929,16043,Fremont County,ID,0.00,100.00,100.00,66.12,16.14,0.00,2026-09-29,2026-10-05,1
20260929,16045,Gem County,ID,0.00,100.00,2.20,0.00,0.00,0.00,2026-09-29,2026-10-05,1
20260929,16047,Gooding County,ID,0.00,100.00,100.00,100.00,100.00,0.00,2026-09-29,2026-10-05,1
20260929,16049,Idaho County,ID,46.28,53.72,18.61,1.28,0.00,0.00,2026-09-29,2026-10-05,1
20260929,16051,Jefferson County,ID,0.00,100.00,100.00,100.00,94.39,0.00,2026-09-29,2026-10-05,1
20260929,16053,Jerome County,ID,0.00,100.00,100.00,100.00,100.00,0.00,2026-09-29,2026-10-05,1
20260929,16055,Kootenai County,ID,0.00,100.00,100.00,100.00,18.66,0.00,2026-09-29,2026-10-05,1
20260929,16057,Latah County,ID,0.00,100.00,100.00,100.00,0.00,0.00,2026-09-29,2026-10-05,1
20260929,16059,Lemhi County,ID,73.28,26.72,1.53,0.00,0.00,0.00,2026-09-29,2026-10-05,1
20260929,16061,Lewis County,ID,0.00,100.00,100.00,74.30,0.00,0.00,2026-09-29,2026-10-05,1
20260929,16063,Lincoln County,ID,0.00,100.00,100.00,100.00,100.00,0.00,2026-09-29,2026-10-05,1
20260929,16065,Madison County,ID,0.00,100.00,100.00,100.00,100.00,0.00,2026-09-29,2026-10-05,1
20260929,16067,Minidoka County,ID,0.00,100.00,100.00,100.00,100.00,0.00,2026-09-29,2026-10-05,1
20260929,16069,Nez Perce County,ID,0.00,100.00,100.00,100.00,0.00,0.00,2026-09-29,2026-10-05,1
20260929,16071,Oneida County,ID,0.00,100.00,100.00,100.00,99.80,0.00,2026-09-29,2026-10-05,1
20260929,16073,Owyhee County,ID,0.00,100.00,98.78,92.95,85.84,53.21,2026-09-29,2026-10-05,1
20260929,16075,Payette County,ID,0.00,100.00,28.90,0.00,0.00,0.00,2026-09-29,2026-10-05,1
20260929,16077,Power County,ID,0.00,100.00,100.00,100.00,100.00,0.00,2026-09-29,2026-10-05,1
20260929,16079,Shoshone County,ID,0.08,99.92,88.26,33.13,0.00,0.00,2026-09-29,2026-10-05,1
20260929,16081,Teton County,ID,0.00,100.00,100.00,99.33,47.77,0.00,2026-09-29,2026-10-05,1
20260929,16083,Twin Falls County,ID,0.00,100.00,100.00,100.00,100.00,55.73,2026-09-29,2026-10-05,1
20260929,16085,Valley County,ID,48.60,51.40,1.92,0.00,0.00,0.00,2026-09-29,2026-10-05,1
20260929,16087,Washington County,ID,0.00,100.00,95.15,63.59,0.00,0.00,2026-09-29,2026-10-05,1
20260929,17001,Adams County,IL,100.00,0.00,0.00,0.00,0.00,0.00,2026-09-29,2026-10-05,1
20260929,17003,Alexander County,IL,30.31,69.69,24.09,0.00,0.00,0.00,2026-09-29,2026-10-05,1
20260929,17005,Bond County,IL,0.00,100.00,100.00,0.00,0.00,0.00,2026-09-29,2026-10-05,1
20260929,17007,Boone County,IL,100.00,0.00,0.00,0.00,0.00,0.00,2026-09-29,2026-10-05,1
20260929,17009,Brown County,IL,100.00,0.00,0.00,0.00,0.00,0.00,2026-09-29,2026-10-05,1
20260929,17011,Bureau County,IL,100.00,0.00,0.00,0.00,0.00,0.00,2026-09-29,2026-10-05,1
20260929,17013,Calhoun County,IL,0.00,100.00,85.96,0.00,0.00,0.00,2026-09-29,2026-10-05,1
20260929,17015,Carroll County,IL,100.00,0.00,0.00,0.00,0.00,0.00,2026-09-29,2026-10-05,1
20260929,17017,Cass County,IL,100.00,0.00,0.00,0.00,0.00,0.00,2026-09-29,2026-10-05,1
20260929,17019,Champaign County,IL,100.00,0.00,0.00,0.00,0.00,0.00,2026-09-29,2026-10-05,1
20260929,17021,Christian County,IL,50.15,49.85,0.00,0.00,0.00,0.00,2026-09-29,2026-10-05,1
20260929,17023,Clark County,IL,80.96,19.04,0.00,0.00,0.00,0.00,2026-09-29,2026-10-05,1
20260929,17025,Clay County,IL,0.00,100.00,99.14,0.00,0.00,0.00,2026-09-29,2026-10-05,1
20260929,17027,Clinton County,IL,0.00,100.00,29.71,0.00,0.00,0.00,2026-09-29,2026-10-05,1
20260929,17029,Coles County,IL,100.00,0.00,0.00,0.00,0.00,0.00,2026-09-29,2026-10-05,1
20260929,17031,Cook County,IL,100.00,0.00,0.00,0.00,0.00,0.00,2026-09-29,2026-10-05,1
20260929,17033,Crawford County,IL,0.00,100.00,0.00,0.00,0.00,0.00,2026-09-29,2026-10-05,1
20260929,17035,Cumberland County,IL,53.30,46.70,0.00,0.00,0.00,0.00,2026-09-29,2026-10-05,1
20260929,17039,De Witt County,IL,100.00,0.00,0.00,0.00,0.00,0.00,2026-09-29,2026-10-05,1
20260929,17037,DeKalb County,IL,100.00,0.00,0.00,0.00,0.00,0.00,2026-09-29,2026-10-05,1
20260929,17041,Douglas County,IL,100.00,0.00,0.00,0.00,0.00,0.00,2026-09-29,2026-10-05,1
20260929,17043,DuPage County,IL,100.00,0.00,0.00,0.00,0.00,0.00,2026-09-29,2026-10-05,1
20260929,17045,Edgar County,IL,100.00,0.00,0.00,0.00,0.00,0.00,2026-09-29,2026-10-05,1
20260929,17047,Edwards County,IL,0.00,100.00,9.88,0.00,0.00,0.00,2026-09-29,2026-10-05,1
20260929,17049,Effingham County,IL,0.00,100.00,6.43,0.00,0.00,0.00,2026-09-29,2026-10-05,1
20260929,17051,Fayette County,IL,0.00,100.00,54.19,0.00,0.00,0.00,2026-09-29,2026-10-05,1
20260929,17053,Ford County,IL,100.00,0.00,0.00,0.00,0.00,0.00,2026-09-29,2026-10-05,1
20260929,17055,Franklin County,IL,0.00,100.00,0.00,0.00,0.00,0.00,2026-09-29,2026-10-05,1
20260929,17057,Fulton County,IL,100.00,0.00,0.00,0.00,0.00,0.00,2026-09-29,2026-10-05,1
20260929,17059,Gallatin County,IL,0.00,100.00,0.00,0.00,0.00,0.00,2026-09-29,2026-10-05,1
20260929,17061,Greene County,IL,0.00,100.00,77.26,0.00,0.00,0.00,2026-09-29,2026-10-05,1
20260929,17063,Grundy County,IL,100.00,0.00,0.00,0.00,0.00,0.00,2026-09-29,2026-10-05,1
20260929,17065,Hamilton County,IL,0.00,100.00,0.00,0.00,0.00,0.00,2026-09-29,2026-10-05,1
20260929,17067,Hancock County,IL,100.00,0.00,0.00,0.00,0.00,0.00,2026-09-29,2026-10-05,1
20260929,17069,Hardin County,IL,0.00,100.00,0.00,0.00,0.00,0.00,2026-09-29,2026-10-05,1
20260929,17071,Henderson County,IL,100.00,0.00,0.00,0.00,0.00,0.00,2026-09-29,2026-10-05,1
20260929,17073,Henry County,IL,100.00,0.00,0.00,0.00,0.00,0.00,2026-09-29,2026-10-05,1
20260929,17075,Iroquois County,IL,100.00,0.00,0.00,0.00,0.00,0.00,2026-09-29,2026-10-05,1
20260929,17077,Jackson County,IL,0.00,100.00,0.00,0.00,0.00,0.00,2026-09-29,2026-10-05,1
20260929,17079,Jasper County,IL,0.00,100.00,4.58,0.00,0.00,0.00,2026-09-29,2026-10-05,1
20260929,17081,Jefferson County,IL,0.00,100.00,0.00,0.00,0.00,0.00,2026-09-29,2026-10-05,1
20260929,17083,Jersey County,IL,0.00,100.00,100.00,0.00,0.00,0.00,2026-09-29,2026-10-05,1
20260929,17085,Jo Daviess County,IL,100.00,0.00,0.00,0.00,0.00,0.00,2026-09-29,2026-10-05,1
20260929,17087,Johnson County,IL,0.00,100.00,29.89,0.00,0.00,0.00,2026-09-29,2026-10-05,1
20260929,17089,Kane County,IL,100.00,0.00,0.00,0.00,0.00,0.00,2026-09-29,2026-10-05,1
20260929,17091,Kankakee County,IL,100.00,0.00,0.00,0.00,0.00,0.00,2026-09-29,2026-10-05,1
20260929,17093,Kendall County,IL,100.00,0.00,0.00,0.00,0.00,0.00,2026-09-29,2026-10-05,1
20260929,17095,Knox County,IL,100.00,0.00,0.00,0.00,0.00,0.00,2026-09-29,2026-10-05,1
20260929,17099,La Salle County,IL,100.00,0.00,0.00,0.00,0.00,0.00,2026-09-29,2026-10-05,1
20260929,17097,Lake County,IL,100.00,0.00,0.00,0.00,0.00,0.00,2026-09-29,2026-10-05,1
20260929,17101,Lawrence County,IL,0.00,100.00,68.02,0.00,0.00,0.00,2026-09-29,2026-10-05,1
20260929,17103,Lee County,IL,100.00,0.00,0.00,0.00,0.00,0.00,2026-09-29,2026-10-05,1
20260929,17105,Livingston County,IL,100.00,0.00,0.00,0.00,0.00,0.00,2026-09-29,2026-10-05,1
20260929,17107,Logan County,IL,100.00,0.00,0.00,0.00,0.00,0.00,2026-09-29,2026-10-05,1
20260929,17115,Macon County,IL,100.00,0.00,0.00,0.00,0.00,0.00,2026-09-29,2026-10-05,1
20260929,17117,Macoupin County,IL,0.00,100.00,42.18,0.00,0.00,0.00,2026-09-29,2026-10-05,1
20260929,17119,Madison County,IL,0.00,100.00,69.56,0.00,0.00,0.00,2026-09-29,2026-10-05,1
20260929,17121,Marion County,IL,0.00,100.00,67.50,0.00,0.00,0.00,2026-09-29,2026-10-05,1
20260929,17123,Marshall County,IL,100.00,0.00,0.00,0.00,0.00,0.00,2026-09-29,2026-10-05,1
20260929,17125,Mason County,IL,100.00,0.00,0.00,0.00,0.00,0.00,2026-09-29,2026-10-05,1
20260929,17127,Massac County,IL,0.00,100.00,0.02,0.00,0.00,0.00,2026-09-29,2026-10-05,1
20260929,17109,McDonough County,IL,100.00,0.00,0.00,0.00,0.00,0.00,2026-09-29,2026-10-05,1
20260929,17111,McHenry County,IL,100.00,0.00,0.00,0.00,0.00,0.00,2026-09-29,2026-10-05,1
20260929,17113,McLean County,IL,100.00,0.00,0.00,0.00,0.00,0.00,2026-09-29,2026-10-05,1
20260929,17129,Menard County,IL,100.00,0.00,0.00,0.00,0.00,0.00,2026-09-29,2026-10-05,1
20260929,17131,Mercer County,IL,100.00,0.00,0.00,0.00,0.00,0.00,2026-09-29,2026-10-05,1
20260929,17133,Monroe County,IL,0.00,100.00,0.00,0.00,0.00,0.00,2026-09-29,2026-10-05,1
20260929,17135,Montgomery County,IL,0.00,100.00,21.13,0.00,0.00,0.00,2026-09-29,2026-10-05,1
20260929,17137,Morgan County,IL,72.58,27.42,0.00,0.00,0.00,0.00,2026-09-29,2026-10-05,1
20260929,17139,Moultrie County,IL,100.00,0.00,0.00,0.00,0.00,0.00,2026-09-29,2026-10-05,1
20260929,17141,Ogle County,IL,100.00,0.00,0.00,0.00,0.00,0.00,2026-09-29,2026-10-05,1
20260929,17143,Peoria County,IL,100.00,0.00,0.00,0.00,0.00,0.00,2026-09-29,2026-10-05,1
20260929,17145,Perry County,IL,0.00,100.00,0.00,0.00,0.00,0.00,2026-09-29,2026-10-05,1
20260929,17147,Piatt County,IL,100.00,0.00,0.00,0.00,0.00,0.00,2026-09-29,2026-10-05,1
20260929,17149,Pike County,IL,34.28,65.72,37.38,0.00,0.00,0.00,2026-09-29,2026-10-05,1
20260929,17151,Pope County,IL,0.00,100.00,0.00,0.00,0.00,0.00,2026-09-29,2026-10-05,1
20260929,17153,Pulaski County,IL,16.71,83.29,5.16,0.00,0.00,0.00,2026-09-29,2026-10-05,1
20260929,17155,Putnam County,IL,100.00,0.00,0.00,0.00,0.00,0.00,2026-09-29,2026-10-05,1
20260929,17157,Randolph County,IL,0.00,100.00,0.00,0.00,0.00,0.00,2026-09-29,2026-10-05,1
20260929,17159,Richland County,IL,0.00,100.00,98.48,0.00,0.00,0.00,2026-09-29,2026-10-05,1
20260929,17161,Rock Island County,IL,100.00,0.00,0.00,0.00,0.00,0.00,2026-09-29,2026-10-05,1
20260929,17163,Saint Clair County,IL,0.00,100.00,0.00,0.00,0.00,0.00,2026-09-29,2026-10-05,1
20260929,17165,Saline County,IL,0.00,100.00,0.00,0.00,0.00,0.00,2026-09-29,2026-10-05,1
20260929,17167,Sangamon County,IL,89.98,10.02,0.00,0.00,0.00,0.00,2026-09-29,2026-10-05,1
20260929,17169,Schuyler County,IL,100.00,0.00,0.00,0.00,0.00,0.00,2026-09-29,2026-10-05,1
20260929,17171,Scott County,IL,30.69,69.31,3.56,0.00,0.00,0.00,2026-09-29,2026-10-05,1
20260929,17173,Shelby County,IL,43.37,56.63,0.00,0.00,0.00,0.00,2026-09-29,2026-10-05,1
20260929,17175,Stark County,IL,100.00,0.00,0.00,0.00,0.00,0.00,2026-09-29,2026-10-05,1
20260929,17177,Stephenson County,IL,100.00,0.00,0.00,0.00,0.00,0.00,2026-09-29,2026-10-05,1
20260929,17179,Tazewell County,IL,100.00,0.00,0.00,0.00,0.00,0.00,2026-09-29,2026-10-05,1
20260929,17181,Union County,IL,0.00,100.00,50.84,0.00,0.00,0.00,2026-09-29,2026-10-05,1
20260929,17183,Vermilion County,IL,100.00,0.00,0.00,0.00,0.00,0.00,2026-09-29,2026-10-05,1
20260929,17185,Wabash County,IL,0.00,100.00,10.12,0.00,0.00,0.00,2026-09-29,2026-10-05,1
20260929,17187,Warren County,IL,100.00,0.00,0.00,0.00,0.00,0.00,2026-09-29,2026-10-05,1
20260929,17189,Washington County,IL,0.00,100.00,0.00,0.00,0.00,0.00,2026-09-29,2026-10-05,1
20260929,17191,Wayne County,IL,0.00,100.00,19.05,0.00,0.00,0.00,2026-09-29,2026-10-05,1
20260929,17193,White County,IL,0.00,100.00,0.00,0.00,0.00,0.00,2026-09-29,2026-10-05,1
20260929,17195,Whiteside County,IL,100.00,0.00,0.00,0.00,0.00,0.00,2026-09-29,2026-10-05,1
20260929,17197,Will County,IL,100.00,0.00,0.00,0.00,0.00,0.00,2026-09-29,2026-10-05,1
20260929,17199,Williamson County,IL,0.00,100.00,0.00,0.00,0.00,0.00,2026-09-29,2026-10-05,1
20260929,17201,Winnebago County,IL,100.00,0.00,0.00,0.00,0.00,0.00,2026-09-29,2026-10-05,1
20260929,17203,Woodford County,IL,100.00,0.00,0.00,0.00,0.00,0.00,2026-09-29,2026-10-05,1
20260929,18001,Adams County,IN,100.00,0.00,0.00,0.00,0.00,0.00,2026-09-29,2026-10-05,1
20260929,18003,Allen County,IN,100.00,0.00,0.00,0.00,0.00,0.00,2026-09-29,2026-10-05,1
20260929,18005,Bartholomew County,IN,100.00,0.00,0.00,0.00,0.00,0.00,2026-09-29,2026-10-05,1
20260929,18007,Benton County,IN,100.00,0.00,0.00,0.00,0.00,0.00,2026-09-29,2026-10-05,1
20260929,18009,Blackford County,IN,100.00,0.00,0.00,0.00,0.00,0.00,2026-09-29,2026-10-05,1
20260929,18011,Boone County,IN,100.00,0.00,0.00,0.00,0.00,0.00,2026-09-29,2026-10-05,1
20260929,18013,Brown County,IN,100.00,0.00,0.00,0.00,0.00,0.00,2026-09-29,2026-10-05,1
20260929,18015,Carroll County,IN,100.00,0.00,0.00,0.00,0.00,0.00,2026-09-29,2026-10-05,1
20260929,18017,Cass County,IN,100.00,0.00,0.00,0.00,0.00,0.00,2026-09-29,2026-10-05,1
20260929,18019,Clark County,IN,81.23,18.77,0.00,0.00,0.00,0.00,2026-09-29,2026-10-05,1
20260929,18021,Clay County,IN,100.00,0.00,0.00,0.00,0.00,0.00,2026-09-29,2026-10-05,1
20260929,18023,Clinton County,IN,100.00,0.00,0.00,0.00,0.00,0.00,2026-09-29,2026-10-05,1
20260929,18025,Crawford County,IN,56.09,43.91,0.00,0.00,0.00,0.00,2026-09-29,2026-10-05,1
20260929,18027,Daviess County,IN,84.49,15.51,0.00,0.00,0.00,0.00,2026-09-29,2026-10-05,1
20260929,18029,Dearborn County,IN,100.00,0.00,0.00,0.00,0.00,0.00,2026-09-29,2026-10-05,1
20260929,18031,Decatur County,IN,100.00,0.00,0.00,0.00,0.00,0.00,2026-09-29,2026-10-05,1
20260929,18033,DeKalb County,IN,100.00,0.00,0.00,0.00,0.00,0.00,2026-09-29,2026-10-05,1
20260929,18035,Delaware County,IN,100.00,0.00,0.00,0.00,0.00,0.00,2026-09-29,2026-10-05,1
20260929,18037,Dubois County,IN,100.00,0.00,0.00,0.00,0.00,0.00,2026-09-29,2026-10-05,1
20260929,18039,Elkhart County,IN,100.00,0.00,0.00,0.00,0.00,0.00,2026-09-29,2026-10-05,1
20260929,18041,Fayette County,IN,100.00,0.00,0.00,0.00,0.00,0.00,2026-09-29,2026-10-05,1
20260929,18043,Floyd County,IN,0.00,100.00,0.00,0.00,0.00,0.00,2026-09-29,2026-10-05,1
20260929,18045,Fountain County,IN,100.00,0.00,0.00,0.00,0.00,0.00,2026-09-29,2026-10-05,1
20260929,18047,Franklin County,IN,100.00,0.00,0.00,0.00,0.00,0.00,2026-09-29,2026-10-05,1
20260929,18049,Fulton County,IN,100.00,0.00,0.00,0.00,0.00,0.00,2026-09-29,2026-10-05,1
20260929,18051,Gibson County,IN,0.00,100.00,0.00,0.00,0.00,0.00,2026-09-29,2026-10-05,1
20260929,18053,Grant County,IN,100.00,0.00,0.00,0.00,0.00,0.00,2026-09-29,2026-10-05,1
20260929,18055,Greene County,IN,99.06,0.94,0.00,0.00,0.00,0.00,2026-09-29,2026-10-05,1
20260929,18057,Hamilton County,IN,100.00,0.00,0.00,0.00,0.00,0.00,2026-09-29,2026-10-05,1
20260929,18059,Hancock County,IN,100.00,0.00,0.00,0.00,0.00,0.00,2026-09-29,2026-10-05,1
20260929,18061,Harrison County,IN,0.58,99.42,0.00,0.00,0.00,0.00,2026-09-29,2026-10-05,1
20260929,18063,Hendricks County,IN,100.00,0.00,0.00,0.00,0.00,0.00,2026-09-29,2026-10-05,1
20260929,18065,Henry County,IN,100.00,0.00,0.00,0.00,0.00,0.00,2026-09-29,2026-10-05,1
20260929,18067,Howard County,IN,100.00,0.00,0.00,0.00,0.00,0.00,2026-09-29,2026-10-05,1
20260929,18069,Huntington County,IN,100.00,0.00,0.00,0.00,0.00,0.00,2026-09-29,2026-10-05,1
20260929,18071,Jackson County,IN,100.00,0.00,0.00,0.00,0.00,0.00,2026-09-29,2026-10-05,1
20260929,18073,Jasper County,IN,100.00,0.00,0.00,0.00,0.00,0.00,2026-09-29,2026-10-05,1
20260929,18075,Jay County,IN,100.00,0.00,0.00,0.00,0.00,0.00,2026-09-29,2026-10-05,1
20260929,18077,Jefferson County,IN,100.00,0.00,0.00,0.00,0.00,0.00,2026-09-29,2026-10-05,1
20260929,18079,Jennings County,IN,100.00,0.00,0.00,0.00,0.00,0.00,2026-09-29,2026-10-05,1
20260929,18081,Johnson County,IN,100.00,0.00,0.00,0.00,0.00,0.00,2026-09-29,2026-10-05,1
20260929,18083,Knox County,IN,2.44,97.56,0.00,0.00,0.00,0.00,2026-09-29,2026-10-05,1
20260929,18085,Kosciusko County,IN,100.00,0.00,0.00,0.00,0.00,0.00,2026-09-29,2026-10-05,1
20260929,18087,LaGrange County,IN,100.00,0.00,0.00,0.00,0.00,0.00,2026-09-29,2026-10-05,1
20260929,18089,Lake County,IN,100.00,0.00,0.00,0.00,0.00,0.00,2026-09-29,2026-10-05,1
20260929,18091,LaPorte County,IN,100.00,0.00,0.00,0.00,0.00,0.00,2026-09-29,2026-10-05,1
20260929,18093,Lawrence County,IN,100.00,0.00,0.00,0.00,0.00,0.00,2026-09-29,2026-10-05,1
20260929,18095,Madison County,IN,100.00,0.00,0.00,0.00,0.00,0.00,2026-09-29,2026-10-05,1
20260929,18097,Marion County,IN,100.00,0.00,0.00,0.00,0.00,0.00,2026-09-29,2026-10-05,1
20260929,18099,Marshall County,IN,100.00,0.00,0.00,0.00,0.00,0.00,2026-09-29,2026-10-05,1
20260929,18101,Martin County,IN,100.00,0.00,0.00,0.00,0.00,0.00,2026-09-29,2026-10-05,1
20260929,18103,Miami County,IN,100.00,0.00,0.00,0.00,0.00,0.00,2026-09-29,2026-10-05,1
20260929,18105,Monroe County,IN,100.00,0.00,0.00,0.00,0.00,0.00,2026-09-29,2026-10-05,1
20260929,18107,Montgomery County,IN,100.00,0.00,0.00,0.00,0.00,0.00,2026-09-29,2026-10-05,1
20260929,18109,Morgan County,IN,100.00,0.00,0.00,0.00,0.00,0.00,2026-09-29,2026-10-05,1
20260929,18111,Newton County,IN,100.00,0.00,0.00,0.00,0.00,0.00,2026-09-29,2026-10-05,1
20260929,18113,Noble County,IN,100.00,0.00,0.00,0.00,0.00,0.00,2026-09-29,2026-10-05,1
20260929,18115,Ohio County,IN,100.00,0.00,0.00,0.00,0.00,0.00,2026-09-29,2026-10-05,1
20260929,18117,Orange County,IN,100.00,0.00,0.00,0.00,0.00,0.00,2026-09-29,2026-10-05,1
20260929,18119,Owen County,IN,100.00,0.00,0.00,0.00,0.00,0.00,2026-09-29,2026-10-05,1
20260929,18121,Parke County,IN,100.00,0.00,0.00,0.00,0.00,0.00,2026-09-29,2026-10-05,1
20260929,18123,Perry County,IN,87.60,12.40,0.00,0.00,0.00,0.00,2026-09-29,2026-10-05,1
20260929,18125,Pike County,IN,47.73,52.27,0.00,0.00,0.00,0.00,2026-09-29,2026-10-05,1
20260929,18127,Porter County,IN,100.00,0.00,0.00,0.00,0.00,0.00,2026-09-29,2026-10-05,1
20260929,18129,Posey County,IN,0.00,100.00,0.00,0.00,0.00,0.00,2026-09-29,2026-10-05,1
20260929,18131,Pulaski County,IN,100.00,0.00,0.00,0.00,0.00,0.00,2026-09-29,2026-10-05,1
20260929,18133,Putnam County,IN,100.00,0.00,0.00,0.00,0.00,0.00,2026-09-29,2026-10-05,1
20260929,18135,Randolph County,IN,100.00,0.00,0.00,0.00,0.00,0.00,2026-09-29,2026-10-05,1
20260929,18137,Ripley County,IN,100.00,0.00,0.00,0.00,0.00,0.00,2026-09-29,2026-10-05,1
20260929,18139,Rush County,IN,100.00,0.00,0.00,0.00,0.00,0.00,2026-09-29,2026-10-05,1
20260929,18141,Saint Joseph County,IN,100.00,0.00,0.00,0.00,0.00,0.00,2026-09-29,2026-10-05,1
20260929,18143,Scott County,IN,100.00,0.00,0.00,0.00,0.00,0.00,2026-09-29,2026-10-05,1
20260929,18145,Shelby County,IN,100.00,0.00,0.00,0.00,0.00,0.00,2026-09-29,2026-10-05,1
20260929,18147,Spencer County,IN,64.02,35.98,0.00,0.00,0.00,0.00,2026-09-29,2026-10-05,1
20260929,18149,Starke County,IN,100.00,0.00,0.00,0.00,0.00,0.00,2026-09-29,2026-10-05,1
20260929,18151,Steuben County,IN,100.00,0.00,0.00,0.00,0.00,0.00,2026-09-29,2026-10-05,1
20260929,18153,Sullivan County,IN,38.24,61.76,0.00,0.00,0.00,0.00,2026-09-29,2026-10-05,1
20260929,18155,Switzerland County,IN,100.00,0.00,0.00,0.00,0.00,0.00,2026-09-29,2026-10-05,1
20260929,18157,Tippecanoe County,IN,100.00,0.00,0.00,0.00,0.00,0.00,2026-09-29,2026-10-05,1
20260929,18159,Tipton County,IN,100.00,0.00,0.00,0.00,0.00,0.00,2026-09-29,2026-10-05,1
20260929,18161,Union County,IN,100.00,0.00,0.00,0.00,0.00,0.00,2026-09-29,2026-10-05,1
20260929,18163,Vanderburgh County,IN,0.00,100.00,0.00,0.00,0.00,0.00,2026-09-29,2026-10-05,1
20260929,18165,Vermillion County,IN,100.00,0.00,0.00,0.00,0.00,0.00,2026-09-29,2026-10-05,1
20260929,18167,Vigo County,IN,100.00,0.00,0.00,0.00,0.00,0.00,2026-09-29,2026-10-05,1
20260929,18169,Wabash County,IN,100.00,0.00,0.00,0.00,0.00,0.00,2026-09-29,2026-10-05,1
20260929,18171,Warren County,IN,100.00,0.00,0.00,0.00,0.00,0.00,2026-09-29,2026-10-05,1
20260929,18173,Warrick County,IN,14.74,85.26,0.00,0.00,0.00,0.00,2026-09-29,2026-10-05,1
20260929,18175,Washington County,IN,94.45,5.55,0.00,0.00,0.00,0.00,2026-09-29,2026-10-05,1
20260929,18177,Wayne County,IN,100.00,0.00,0.00,0.00,0.00,0.00,2026-09-29,2026-10-05,1
20260929,18179,Wells County,IN,100.00,0.00,0.00,0.00,0.00,0.00,2026-09-29,2026-10-05,1
20260929,18181,White County,IN,100.00,0.00,0.00,0.00,0.00,0.00,2026-09-29,2026-10-05,1
20260929,18183,Whitley County,IN,100.00,0.00,0.00,0.00,0.00,0.00,2026-09-29,2026-10-05,1
20260929,19001,Adair County,IA,100.00,0.00,0.00,0.00,0.00,0.00,2026-09-29,2026-10-05,1
20260929,19003,Adams County,IA,100.00,0.00,0.00,0.00,0.00,0.00,2026-09-29,2026-10-05,1
20260929,19005,Allamakee County,IA,100.00,0.00,0.00,0.00,0.00,0.00,2026-09-29,2026-10-05,1
20260929,19007,Appanoose County,IA,100.00,0.00,0.00,0.00,0.00,0.00,2026-09-29,2026-10-05,1
20260929,19009,Audubon County,IA,100.00,0.00,0.00,0.00,0.00,0.00,2026-09-29,2026-10-05,1
20260929,19011,Benton County,IA,100.00,0.00,0.00,0.00,0.00,0.00,2026-09-29,2026-10-05,1
20260929,19013,Black Hawk County,IA,100.00,0.00,0.00,0.00,0.00,0.00,2026-09-29,2026-10-05,1
20260929,19015,Boone County,IA,100.00,0.00,0.00,0.00,0.00,0.00,2026-09-29,2026-10-05,1
20260929,19017,Bremer County,IA,100.00,0.00,0.00,0.00,0.00,0.00,2026-09-29,2026-10-05,1
20260929,19019,Buchanan County,IA,100.00,0.00,0.00,0.00,0.00,0.00,2026-09-29,2026-10-05,1
20260929,19021,Buena Vista County,IA,100.00,0.00,0.00,0.00,0.00,0.00,2026-09-29,2026-10-05,1
20260929,19023,Butler County,IA,100.00,0.00,0.00,0.00,0.00,0.00,2026-09-29,2026-10-05,1
20260929,19025,Calhoun County,IA,100.00,0.00,0.00,0.00,0.00,0.00,2026-09-29,2026-10-05,1
20260929,19027,Carroll County,IA,100.00,0.00,0.00,0.00,0.00,0.00,2026-09-29,2026-10-05,1
20260929,19029,Cass County,IA,100.00,0.00,0.00,0.00,0.00,0.00,2026-09-29,2026-10-05,1
20260929,19031,Cedar County,IA,100.00,0.00,0.00,0.00,0.00,0.00,2026-09-29,2026-10-05,1
20260929,19033,Cerro Gordo County,IA,100.00,0.00,0.00,0.00,0.00,0.00,2026-09-29,2026-10-05,1
20260929,19035,Cherokee County,IA,100.00,0.00,0.00,0.00,0.00,0.00,2026-09-29,2026-10-05,1
20260929,19037,Chickasaw County,IA,100.00,0.00,0.00,0.00,0.00,0.00,2026-09-29,2026-10-05,1
20260929,19039,Clarke County,IA,100.00,0.00,0.00,0.00,0.00,0.00,2026-09-29,2026-10-05,1
20260929,19041,Clay County,IA,99.16,0.84,0.00,0.00,0.00,0.00,2026-09-29,2026-10-05,1
20260929,19043,Clayton County,IA,100.00,0.00,0.00,0.00,0.00,0.00,2026-09-29,2026-10-05,1
20260929,19045,Clinton County,IA,100.00,0.00,0.00,0.00,0.00,0.00,2026-09-29,2026-10-05,1
20260929,19047,Crawford County,IA,100.00,0.00,0.00,0.00,0.00,0.00,2026-09-29,2026-10-05,1
20260929,19049,Dallas County,IA,100.00,0.00,0.00,0.00,0.00,0.00,2026-09-29,2026-10-05,1
20260929,19051,Davis County,IA,100.00,0.00,0.00,0.00,0.00,0.00,2026-09-29,2026-10-05,1
20260929,19053,Decatur County,IA,100.00,0.00,0.00,0.00,0.00,0.00,2026-09-29,2026-10-05,1
20260929,19055,Delaware County,IA,100.00,0.00,0.00,0.00,0.00,0.00,2026-09-29,2026-10-05,1
20260929,19057,Des Moines County,IA,100.00,0.00,0.00,0.00,0.00,0.00,2026-09-29,2026-10-05,1
20260929,19059,Dickinson County,IA,26.13,73.87,0.00,0.00,0.00,0.00,2026-09-29,2026-10-05,1
20260929,19061,Dubuque County,IA,100.00,0.00,0.00,0.00,0.00,0.00,2026-09-29,2026-10-05,1
20260929,19063,Emmet County,IA,0.00,100.00,0.00,0.00,0.00,0.00,2026-09-29,2026-10-05,1
20260929,19065,Fayette County,IA,100.00,0.00,0.00,0.00,0.00,0.00,2026-09-29,2026-10-05,1
20260929,19067,Floyd County,IA,100.00,0.00,0.00,0.00,0.00,0.00,2026-09-29,2026-10-05,1
20260929,19069,Franklin County,IA,100.00,0.00,0.00,0.00,0.00,0.00,2026-09-29,2026-10-05,1
20260929,19071,Fremont County,IA,100.00,0.00,0.00,0.00,0.00,0.00,2026-09-29,2026-10-05,1
20260929,19073,Greene County,IA,100.00,0.00,0.00,0.00,0.00,0.00,2026-09-29,2026-10-05,1
20260929,19075,Grundy County,IA,100.00,0.00,0.00,0.00,0.00,0.00,2026-09-29,2026-10-05,1
20260929,19077,Guthrie County,IA,100.00,0.00,0.00,0.00,0.00,0.00,2026-09-29,2026-10-05,1
20260929,19079,Hamilton County,IA,100.00,0.00,0.00,0.00,0.00,0.00,2026-09-29,2026-10-05,1
20260929,19081,Hancock County,IA,29.16,70.84,0.00,0.00,0.00,0.00,2026-09-29,2026-10-05,1
20260929,19083,Hardin County,IA,100.00,0.00,0.00,0.00,0.00,0.00,2026-09-29,2026-10-05,1
20260929,19085,Harrison County,IA,94.28,5.72,0.00,0.00,0.00,0.00,2026-09-29,2026-10-05,1
20260929,19087,Henry County,IA,100.00,0.00,0.00,0.00,0.00,0.00,2026-09-29,2026-10-05,1
20260929,19089,Howard County,IA,100.00,0.00,0.00,0.00,0.00,0.00,2026-09-29,2026-10-05,1
20260929,19091,Humboldt County,IA,8.63,91.37,0.00,0.00,0.00,0.00,2026-09-29,2026-10-05,1
20260929,19093,Ida County,IA,100.00,0.00,0.00,0.00,0.00,0.00,2026-09-29,2026-10-05,1
20260929,19095,Iowa County,IA,100.00,0.00,0.00,0.00,0.00,0.00,2026-09-29,2026-10-05,1
20260929,19097,Jackson County,IA,100.00,0.00,0.00,0.00,0.00,0.00,2026-09-29,2026-10-05,1
20260929,19099,Jasper County,IA,100.00,0.00,0.00,0.00,0.00,0.00,2026-09-29,2026-10-05,1
20260929,19101,Jefferson County,IA,100.00,0.00,0.00,0.00,0.00,0.00,2026-09-29,2026-10-05,1
20260929,19103,Johnson County,IA,100.00,0.00,0.00,0.00,0.00,0.00,2026-09-29,2026-10-05,1
20260929,19105,Jones County,IA,100.00,0.00,0.00,0.00,0.00,0.00,2026-09-29,2026-10-05,1
20260929,19107,Keokuk County,IA,100.00,0.00,0.00,0.00,0.00,0.00,2026-09-29,2026-10-05,1
20260929,19109,Kossuth County,IA,2.26,97.74,0.00,0.00,0.00,0.00,2026-09-29,2026-10-05,1
20260929,19111,Lee County,IA,100.00,0.00,0.00,0.00,0.00,0.00,2026-09-29,2026-10-05,1
20260929,19113,Linn County,IA,100.00,0.00,0.00,0.00,0.00,0.00,2026-09-29,2026-10-05,1
20260929,19115,Louisa County,IA,100.00,0.00,0.00,0.00,0.00,0.00,2026-09-29,2026-10-05,1
20260929,19117,Lucas County,IA,100.00,0.00,0.00,0.00,0.00,0.00,2026-09-29,2026-10-05,1
20260929,19119,Lyon County,IA,63.54,36.46,1.82,0.00,0.00,0.00,2026-09-29,2026-10-05,1
20260929,19121,Madison County,IA,100.00,0.00,0.00,0.00,0.00,0.00,2026-09-29,2026-10-05,1
20260929,19123,Mahaska County,IA,100.00,0.00,0.00,0.00,0.00,0.00,2026-09-29,2026-10-05,1
20260929,19125,Marion County,IA,100.00,0.00,0.00,0.00,0.00,0.00,2026-09-29,2026-10-05,1
20260929,19127,Marshall County,IA,100.00,0.00,0.00,0.00,0.00,0.00,2026-09-29,2026-10-05,1
20260929,19129,Mills County,IA,100.00,0.00,0.00,0.00,0.00,0.00,2026-09-29,2026-10-05,1
20260929,19131,Mitchell County,IA,100.00,0.00,0.00,0.00,0.00,0.00,2026-09-29,2026-10-05,1
20260929,19133,Monona County,IA,37.57,62.43,0.75,0.00,0.00,0.00,2026-09-29,2026-10-05,1
20260929,19135,Monroe County,IA,100.00,0.00,0.00,0.00,0.00,0.00,2026-09-29,2026-10-05,1
20260929,19137,Montgomery County,IA,100.00,0.00,0.00,0.00,0.00,0.00,2026-09-29,2026-10-05,1
20260929,19139,Muscatine County,IA,100.00,0.00,0.00,0.00,0.00,0.00,2026-09-29,2026-10-05,1
20260929,19141,O'Brien County,IA,100.00,0.00,0.00,0.00,0.00,0.00,2026-09-29,2026-10-05,1
20260929,19143,Osceola County,IA,56.28,43.72,0.00,0.00,0.00,0.00,2026-09-29,2026-10-05,1
20260929,19145,Page County,IA,100.00,0.00,0.00,0.00,0.00,0.00,2026-09-29,2026-10-05,1
20260929,19147,Palo Alto County,IA,33.37,66.63,0.00,0.00,0.00,0.00,2026-09-29,2026-10-05,1
20260929,19149,Plymouth County,IA,99.80,0.20,0.00,0.00,0.00,0.00,2026-09-29,2026-10-05,1
20260929,19151,Pocahontas County,IA,95.40,4.60,0.00,0.00,0.00,0.00,2026-09-29,2026-10-05,1
20260929,19153,Polk County,IA,100.00,0.00,0.00,0.00,0.00,0.00,2026-09-29,2026-10-05,1
20260929,19155,Pottawattamie County,IA,100.00,0.00,0.00,0.00,0.00,0.00,2026-09-29,2026-10-05,1
20260929,19157,Poweshiek County,IA,100.00,0.00,0.00,0.00,0.00,0.00,2026-09-29,2026-10-05,1
20260929,19159,Ringgold County,IA,100.00,0.00,0.00,0.00,0.00,0.00,2026-09-29,2026-10-05,1
20260929,19161,Sac County,IA,100.00,0.00,0.00,0.00,0.00,0.00,2026-09-29,2026-10-05,1
20260929,19163,Scott County,IA,100.00,0.00,0.00,0.00,0.00,0.00,2026-09-29,2026-10-05,1
20260929,19165,Shelby County,IA,100.00,0.00,0.00,0.00,0.00,0.00,2026-09-29,2026-10-05,1
20260929,19167,Sioux County,IA,100.00,0.00,0.00,0.00,0.00,0.00,2026-09-29,2026-10-05,1
20260929,19169,Story County,IA,100.00,0.00,0.00,0.00,0.00,0.00,2026-09-29,2026-10-05,1
20260929,19171,Tama County,IA,100.00,0.00,0.00,0.00,0.00,0.00,2026-09-29,2026-10-05,1
20260929,19173,Taylor County,IA,100.00,0.00,0.00,0.00,0.00,0.00,2026-09-29,2026-10-05,1
20260929,19175,Union County,IA,100.00,0.00,0.00,0.00,0.00,0.00,2026-09-29,2026-10-05,1
20260929,19177,Van Buren County,IA,100.00,0.00,0.00,0.00,0.00,0.00,2026-09-29,2026-10-05,1
20260929,19179,Wapello County,IA,100.00,0.00,0.00,0.00,0.00,0.00,2026-09-29,2026-10-05,1
20260929,19181,Warren County,IA,100.00,0.00,0.00,0.00,0.00,0.00,2026-09-29,2026-10-05,1
20260929,19183,Washington County,IA,100.00,0.00,0.00,0.00,0.00,0.00,2026-09-29,2026-10-05,1
20260929,19185,Wayne County,IA,100.00,0.00,0.00,0.00,0.00,0.00,2026-09-29,2026-10-05,1
20260929,19187,Webster County,IA,90.53,9.47,0.00,0.00,0.00,0.00,2026-09-29,2026-10-05,1
20260929,19189,Winnebago County,IA,12.72,87.28,0.00,0.00,0.00,0.00,2026-09-29,2026-10-05,1
20260929,19191,Winneshiek County,IA,100.00,0.00,0.00,0.00,0.00,0.00,2026-09-29,2026-10-05,1
20260929,19193,Woodbury County,IA,56.77,43.23,0.58,0.00,0.00,0.00,2026-09-29,2026-10-05,1
20260929,19195,Worth County,IA,100.00,0.00,0.00,0.00,0.00,0.00,2026-09-29,2026-10-05,1
20260929,19197,Wright County,IA,60.95,39.05,0.00,0.00,0.00,0.00,2026-09-29,2026-10-05,1
20260929,20001,Allen County,KS,0.00,100.00,81.78,0.00,0.00,0.00,2026-09-29,2026-10-05,1
20260929,20003,Anderson County,KS,31.38,68.62,0.00,0.00,0.00,0.00,2026-09-29,2026-10-05,1
20260929,20005,Atchison County,KS,100.00,0.00,0.00,0.00,0.00,0.00,2026-09-29,2026-10-05,1
20260929,20007,Barber County,KS,0.00,100.00,100.00,100.00,0.00,0.00,2026-09-29,2026-10-05,1
20260929,20009,Barton County,KS,0.00,100.00,100.00,52.57,0.00,0.00,2026-09-29,2026-10-05,1
20260929,20011,Bourbon County,KS,0.00,100.00,70.24,0.75,0.00,0.00,2026-09-29,2026-10-05,1
20260929,20013,Brown County,KS,100.00,0.00,0.00,0.00,0.00,0.00,2026-09-29,2026-10-05,1
20260929,20015,Butler County,KS,0.06,99.94,89.99,0.00,0.00,0.00,2026-09-29,2026-10-05,1
20260929,20017,Chase County,KS,94.51,5.49,0.00,0.00,0.00,0.00,2026-09-29,2026-10-05,1
20260929,20019,Chautauqua County,KS,0.00,100.00,100.00,62.06,0.00,0.00,2026-09-29,2026-10-05,1
20260929,20021,Cherokee County,KS,0.00,100.00,100.00,95.69,0.00,0.00,2026-09-29,2026-10-05,1
20260929,20023,Cheyenne County,KS,0.00,100.00,4.67,0.00,0.00,0.00,2026-09-29,2026-10-05,1
20260929,20025,Clark County,KS,0.00,100.00,100.00,100.00,0.00,0.00,2026-09-29,2026-10-05,1
20260929,20027,Clay County,KS,55.33,44.67,0.00,0.00,0.00,0.00,2026-09-29,2026-10-05,1
20260929,20029,Cloud County,KS,29.50,70.50,0.00,0.00,0.00,0.00,2026-09-29,2026-10-05,1
20260929,20031,Coffey County,KS,14.28,85.72,0.00,0.00,0.00,0.00,2026-09-29,2026-10-05,1
20260929,20033,Comanche County,KS,0.00,100.00,100.00,100.00,0.00,0.00,2026-09-29,2026-10-05,1
20260929,20035,Cowley County,KS,0.00,100.00,100.00,76.07,0.00,0.00,2026-09-29,2026-10-05,1
20260929,20037,Crawford County,KS,0.00,100.00,100.00,6.97,0.00,0.00,2026-09-29,2026-10-05,1
20260929,20039,Decatur County,KS,0.00,100.00,17.52,0.00,0.00,0.00,2026-09-29,2026-10-05,1
20260929,20041,Dickinson County,KS,78.52,21.48,0.00,0.00,0.00,0.00,2026-09-29,2026-10-05,1
20260929,20043,Doniphan County,KS,100.00,0.00,0.00,0.00,0.00,0.00,2026-09-29,2026-10-05,1
20260929,20045,Douglas County,KS,100.00,0.00,0.00,0.00,0.00,0.00,2026-09-29,2026-10-05,1
20260929,20047,Edwards County,KS,0.00,100.00,100.00,60.50,0.00,0.00,2026-09-29,2026-10-05,1
20260929,20049,Elk County,KS,0.00,100.00,100.00,0.93,0.00,0.00,2026-09-29,2026-10-05,1
20260929,20051,Ellis County,KS,0.07,99.93,3.46,0.00,0.00,0.00,2026-09-29,2026-10-05,1
20260929,20053,Ellsworth County,KS,0.00,100.00,83.93,18.78,0.00,0.00,2026-09-29,2026-10-05,1
20260929,20055,Finney County,KS,10.25,89.75,84.13,34.81,0.00,0.00,2026-09-29,2026-10-05,1
20260929,20057,Ford County,KS,0.00,100.00,100.00,77.64,0.00,0.00,2026-09-29,2026-10-05,1
20260929,20059,Franklin County,KS,100.00,0.00,0.00,0.00,0.00,0.00,2026-09-29,2026-10-05,1
20260929,20061,Geary County,KS,100.00,0.00,0.00,0.00,0.00,0.00,2026-09-29,2026-10-05,1
20260929,20063,Gove County,KS,53.95,46.05,0.00,0.00,0.00,0.00,2026-09-29,2026-10-05,1
20260929,20065,Graham County,KS,0.00,100.00,0.00,0.00,0.00,0.00,2026-09-29,2026-10-05,1
20260929,20067,Grant County,KS,0.00,100.00,100.00,0.08,0.00,0.00,2026-09-29,2026-10-05,1
20260929,20069,Gray County,KS,0.00,100.00,100.00,95.76,0.00,0.00,2026-09-29,2026-10-05,1
20260929,20071,Greeley County,KS,14.66,85.34,42.22,0.00,0.00,0.00,2026-09-29,2026-10-05,1
20260929,20073,Greenwood County,KS,0.01,99.99,49.04,0.00,0.00,0.00,2026-09-29,2026-10-05,1
20260929,20075,Hamilton County,KS,0.00,100.00,100.00,0.00,0.00,0.00,2026-09-29,2026-10-05,1
20260929,20077,Harper County,KS,0.00,100.00,100.00,100.00,0.00,0.00,2026-09-29,2026-10-05,1
20260929,20079,Harvey County,KS,0.00,100.00,100.00,98.83,0.00,0.00,2026-09-29,2026-10-05,1
20260929,20081,Haskell County,KS,0.00,100.00,100.00,70.05,0.00,0.00,2026-09-29,2026-10-05,1
20260929,20083,Hodgeman County,KS,1.17,98.83,95.78,0.00,0.00,0.00,2026-09-29,2026-10-05,1
20260929,20085,Jackson County,KS,100.00,0.00,0.00,0.00,0.00,0.00,2026-09-29,2026-10-05,1
20260929,20087,Jefferson County,KS,100.00,0.00,0.00,0.00,0.00,0.00,2026-09-29,2026-10-05,1
20260929,20089,Jewell County,KS,100.00,0.00,0.00,0.00,0.00,0.00,2026-09-29,2026-10-05,1
20260929,20091,Johnson County,KS,96.95,3.05,0.00,0.00,0.00,0.00,2026-09-29,2026-10-05,1
20260929,20093,Kearny County,KS,0.00,100.00,100.00,1.22,0.00,0.00,2026-09-29,2026-10-05,1
20260929,20095,Kingman County,KS,0.00,100.00,100.00,45.49,0.00,0.00,2026-09-29,2026-10-05,1
20260929,20097,Kiowa County,KS,0.00,100.00,100.00,100.00,0.00,0.00,2026-09-29,2026-10-05,1
20260929,20099,Labette County,KS,0.00,100.00,100.00,94.91,0.00,0.00,2026-09-29,2026-10-05,1
20260929,20101,Lane County,KS,98.36,1.64,0.00,0.00,0.00,0.00,2026-09-29,2026-10-05,1
20260929,20103,Leavenworth County,KS,100.00,0.00,0.00,0.00,0.00,0.00,2026-09-29,2026-10-05,1
20260929,20105,Lincoln County,KS,0.00,100.00,6.47,0.00,0.00,0.00,2026-09-29,2026-10-05,1
20260929,20107,Linn County,KS,0.83,99.17,0.00,0.00,0.00,0.00,2026-09-29,2026-10-05,1
20260929,20109,Logan County,KS,99.22,0.78,0.00,0.00,0.00,0.00,2026-09-29,2026-10-05,1
20260929,20111,Lyon County,KS,83.32,16.68,0.00,0.00,0.00,0.00,2026-09-29,2026-10-05,1
20260929,20115,Marion County,KS,48.40,51.60,36.21,8.42,0.00,0.00,2026-09-29,2026-10-05,1
20260929,20117,Marshall County,KS,100.00,0.00,0.00,0.00,0.00,0.00,2026-09-29,2026-10-05,1
20260929,20113,McPherson County,KS,0.00,100.00,86.96,63.29,0.00,0.00,2026-09-29,2026-10-05,1
20260929,20119,Meade County,KS,0.00,100.00,100.00,100.00,0.00,0.00,2026-09-29,2026-10-05,1
20260929,20121,Miami County,KS,52.53,47.47,0.00,0.00,0.00,0.00,2026-09-29,2026-10-05,1
20260929,20123,Mitchell County,KS,29.84,70.16,0.00,0.00,0.00,0.00,2026-09-29,2026-10-05,1
20260929,20125,Montgomery County,KS,0.00,100.00,100.00,73.97,0.00,0.00,2026-09-29,2026-10-05,1
20260929,20127,Morris County,KS,100.00,0.00,0.00,0.00,0.00,0.00,2026-09-29,2026-10-05,1
20260929,20129,Morton County,KS,0.00,100.00,86.90,0.00,0.00,0.00,2026-09-29,2026-10-05,1
20260929,20131,Nemaha County,KS,100.00,0.00,0.00,0.00,0.00,0.00,2026-09-29,2026-10-05,1
20260929,20133,Neosho County,KS,0.00,100.00,100.00,0.07,0.00,0.00,2026-09-29,2026-10-05,1
20260929,20135,Ness County,KS,19.75,80.25,7.23,0.00,0.00,0.00,2026-09-29,2026-10-05,1
20260929,20137,Norton County,KS,0.00,100.00,44.37,0.00,0.00,0.00,2026-09-29,2026-10-05,1
20260929,20139,Osage County,KS,100.00,0.00,0.00,0.00,0.00,0.00,2026-09-29,2026-10-05,1
20260929,20141,Osborne County,KS,85.12,14.88,0.00,0.00,0.00,0.00,2026-09-29,2026-10-05,1
20260929,20143,Ottawa County,KS,0.00,100.00,0.00,0.00,0.00,0.00,2026-09-29,2026-10-05,1
20260929,20145,Pawnee County,KS,0.00,100.00,100.00,29.59,0.00,0.00,2026-09-29,2026-10-05,1
20260929,20147,Phillips County,KS,10.99,89.01,0.85,0.00,0.00,0.00,2026-09-29,2026-10-05,1
20260929,20149,Pottawatomie County,KS,100.00,0.00,0.00,0.00,0.00,0.00,2026-09-29,2026-10-05,1
20260929,20151,Pratt County,KS,0.00,100.00,100.00,90.79,0.00,0.00,2026-09-29,2026-10-05,1
20260929,20153,Rawlins County,KS,0.00,100.00,0.00,0.00,0.00,0.00,2026-09-29,2026-10-05,1
20260929,20155,Reno County,KS,0.00,100.00,100.00,76.02,0.00,0.00,2026-09-29,2026-10-05,1
20260929,20157,Republic County,KS,100.00,0.00,0.00,0.00,0.00,0.00,2026-09-29,2026-10-05,1
20260929,20159,Rice County,KS,0.00,100.00,100.00,100.00,0.00,0.00,2026-09-29,2026-10-05,1
20260929,20161,Riley County,KS,100.00,0.00,0.00,0.00,0.00,0.00,2026-09-29,2026-10-05,1
20260929,20163,Rooks County,KS,14.86,85.14,0.00,0.00,0.00,0.00,2026-09-29,2026-10-05,1
20260929,20165,Rush County,KS,0.00,100.00,58.23,0.00,0.00,0.00,2026-09-29,2026-10-05,1
20260929,20167,Russell County,KS,0.00,100.00,69.18,0.00,0.00,0.00,2026-09-29,2026-10-05,1
20260929,20169,Saline County,KS,0.00,100.00,6.87,0.00,0.00,0.00,2026-09-29,2026-10-05,1
20260929,20171,Scott County,KS,86.65,13.35,6.70,0.00,0.00,0.00,2026-09-29,2026-10-05,1
20260929,20173,Sedgwick County,KS,0.00,100.00,100.00,79.08,0.00,0.00,2026-09-29,2026-10-05,1
20260929,20175,Seward County,KS,0.00,100.00,100.00,63.07,0.00,0.00,2026-09-29,2026-10-05,1
20260929,20177,Shawnee County,KS,100.00,0.00,0.00,0.00,0.00,0.00,2026-09-29,2026-10-05,1
20260929,20179,Sheridan County,KS,4.40,95.60,0.00,0.00,0.00,0.00,2026-09-29,2026-10-05,1
20260929,20181,Sherman County,KS,0.39,99.61,23.74,0.00,0.00,0.00,2026-09-29,2026-10-05,1
20260929,20183,Smith County,KS,98.80,1.20,0.00,0.00,0.00,0.00,2026-09-29,2026-10-05,1
20260929,20185,Stafford County,KS,0.00,100.00,100.00,100.00,0.00,0.00,2026-09-29,2026-10-05,1
20260929,20187,Stanton County,KS,0.00,100.00,100.00,0.00,0.00,0.00,2026-09-29,2026-10-05,1
20260929,20189,Stevens County,KS,0.00,100.00,91.28,1.19,0.00,0.00,2026-09-29,2026-10-05,1
20260929,20191,Sumner County,KS,0.00,100.00,100.00,48.90,0.00,0.00,2026-09-29,2026-10-05,1
20260929,20193,Thomas County,KS,78.52,21.48,0.00,0.00,0.00,0.00,2026-09-29,2026-10-05,1
20260929,20195,Trego County,KS,10.16,89.84,0.00,0.00,0.00,0.00,2026-09-29,2026-10-05,1
20260929,20197,Wabaunsee County,KS,100.00,0.00,0.00,0.00,0.00,0.00,2026-09-29,2026-10-05,1
20260929,20199,Wallace County,KS,33.27,66.73,1.99,0.00,0.00,0.00,2026-09-29,2026-10-05,1
20260929,20201,Washington County,KS,100.00,0.00,0.00,0.00,0.00,0.00,2026-09-29,2026-10-05,1
20260929,20203,Wichita County,KS,31.45,68.55,57.39,0.00,0.00,0.00,2026-09-29,2026-10-05,1
20260929,20205,Wilson County,KS,0.00,100.00,100.00,0.00,0.00,0.00,2026-09-29,2026-10-05,1
20260929,20207,Woodson County,KS,0.00,100.00,81.34,0.00,0.00,0.00,2026-09-29,2026-10-05,1
20260929,20209,Wyandotte County,KS,100.00,0.00,0.00,0.00,0.00,0.00,2026-09-29,2026-10-05,1
20260929,21001,Adair County,KY,0.00,100.00,0.00,0.00,0.00,0.00,2026-09-29,2026-10-05,1
20260929,21003,Allen County,KY,0.00,100.00,87.98,0.00,0.00,0.00,2026-09-29,2026-10-05,1
20260929,21005,Anderson County,KY,100.00,0.00,0.00,0.00,0.00,0.00,2026-09-29,2026-10-05,1
20260929,21007,Ballard County,KY,75.44,24.56,0.00,0.00,0.00,0.00,2026-09-29,2026-10-05,1
20260929,21009,Barren County,KY,0.00,100.00,7.12,0.00,0.00,0.00,2026-09-29,2026-10-05,1
20260929,21011,Bath County,KY,100.00,0.00,0.00,0.00,0.00,0.00,2026-09-29,2026-10-05,1
20260929,21013,Bell County,KY,100.00,0.00,0.00,0.00,0.00,0.00,2026-09-29,2026-10-05,1
20260929,21015,Boone County,KY,50.35,49.65,0.00,0.00,0.00,0.00,2026-09-29,2026-10-05,1
20260929,21017,Bourbon County,KY,100.00,0.00,0.00,0.00,0.00,0.00,2026-09-29,2026-10-05,1
20260929,21019,Boyd County,KY,100.00,0.00,0.00,0.00,0.00,0.00,2026-09-29,2026-10-05,1
20260929,21021,Boyle County,KY,56.71,43.29,0.00,0.00,0.00,0.00,2026-09-29,2026-10-05,1
20260929,21023,Bracken County,KY,100.00,0.00,0.00,0.00,0.00,0.00,2026-09-29,2026-10-05,1
20260929,21025,Breathitt County,KY,81.87,18.13,0.00,0.00,0.00,0.00,2026-09-29,2026-10-05,1
20260929,21027,Breckinridge County,KY,28.65,71.35,0.00,0.00,0.00,0.00,2026-09-29,2026-10-05,1
20260929,21029,Bullitt County,KY,88.73,11.27,0.00,0.00,0.00,0.00,2026-09-29,2026-10-05,1
20260929,21031,Butler County,KY,0.00,100.00,79.12,0.00,0.00,0.00,2026-09-29,2026-10-05,1
20260929,21033,Caldwell County,KY,0.00,100.00,0.00,0.00,0.00,0.00,2026-09-29,2026-10-05,1
20260929,21035,Calloway County,KY,40.63,59.37,0.00,0.00,0.00,0.00,2026-09-29,2026-10-05,1
20260929,21037,Campbell County,KY,49.67,50.33,0.00,0.00,0.00,0.00,2026-09-29,2026-10-05,1
20260929,21039,Carlisle County,KY,100.00,0.00,0.00,0.00,0.00,0.00,2026-09-29,2026-10-05,1
20260929,21041,Carroll County,KY,100.00,0.00,0.00,0.00,0.00,0.00,2026-09-29,2026-10-05,1
20260929,21043,Carter County,KY,100.00,0.00,0.00,0.00,0.00,0.00,2026-09-29,2026-10-05,1
20260929,21045,Casey County,KY,0.00,100.00,0.00,0.00,0.00,0.00,2026-09-29,2026-10-05,1
20260929,21047,Christian County,KY,0.00,100.00,86.79,0.00,0.00,0.00,2026-09-29,2026-10-05,1
20260929,21049,Clark County,KY,10.60,89.40,0.00,0.00,0.00,0.00,2026-09-29,2026-10-05,1
20260929,21051,Clay County,KY,11.27,88.73,0.00,0.00,0.00,0.00,2026-09-29,2026-10-05,1
20260929,21053,Clinton County,KY,0.00,100.00,0.00,0.00,0.00,0.00,2026-09-29,2026-10-05,1
20260929,21055,Crittenden County,KY,0.00,100.00,0.00,0.00,0.00,0.00,2026-09-29,2026-10-05,1
20260929,21057,Cumberland County,KY,0.00,100.00,3.59,0.00,0.00,0.00,2026-09-29,2026-10-05,1
20260929,21059,Daviess County,KY,36.85,63.15,0.00,0.00,0.00,0.00,2026-09-29,2026-10-05,1
20260929,21061,Edmonson County,KY,0.00,100.00,0.00,0.00,0.00,0.00,2026-09-29,2026-10-05,1
20260929,21063,Elliott County,KY,100.00,0.00,0.00,0.00,0.00,0.00,2026-09-29,2026-10-05,1
20260929,21065,Estill County,KY,0.00,100.00,0.00,0.00,0.00,0.00,2026-09-29,2026-10-05,1
20260929,21067,Fayette County,KY,83.13,16.87,0.00,0.00,0.00,0.00,2026-09-29,2026-10-05,1
20260929,21069,Fleming County,KY,100.00,0.00,0.00,0.00,0.00,0.00,2026-09-29,2026-10-05,1
20260929,21071,Floyd County,KY,100.00,0.00,0.00,0.00,0.00,0.00,2026-09-29,2026-10-05,1
20260929,21073,Franklin County,KY,100.00,0.00,0.00,0.00,0.00,0.00,2026-09-29,2026-10-05,1
20260929,21075,Fulton County,KY,23.15,76.85,0.00,0.00,0.00,0.00,2026-09-29,2026-10-05,1
20260929,21077,Gallatin County,KY,100.00,0.00,0.00,0.00,0.00,0.00,2026-09-29,2026-10-05,1
20260929,21079,Garrard County,KY,16.47,83.53,0.00,0.00,0.00,0.00,2026-09-29,2026-10-05,1
20260929,21081,Grant County,KY,100.00,0.00,0.00,0.00,0.00,0.00,2026-09-29,2026-10-05,1
20260929,21083,Graves County,KY,95.93,4.07,0.00,0.00,0.00,0.00,2026-09-29,2026-10-05,1
20260929,21085,Grayson County,KY,0.00,100.00,0.00,0.00,0.00,0.00,2026-09-29,2026-10-05,1
20260929,21087,Green County,KY,0.00,100.00,0.00,0.00,0.00,0.00,2026-09-29,2026-10-05,1
20260929,21089,Greenup County,KY,100.00,0.00,0.00,0.00,0.00,0.00,2026-09-29,2026-10-05,1
20260929,21091,Hancock County,KY,100.00,0.00,0.00,0.00,0.00,0.00,2026-09-29,2026-10-05,1
20260929,21093,Hardin County,KY,7.57,92.43,0.00,0.00,0.00,0.00,2026-09-29,2026-10-05,1
20260929,21095,Harlan County,KY,100.00,0.00,0.00,0.00,0.00,0.00,2026-09-29,2026-10-05,1
20260929,21097,Harrison County,KY,100.00,0.00,0.00,0.00,0.00,0.00,2026-09-29,2026-10-05,1
20260929,21099,Hart County,KY,0.00,100.00,0.00,0.00,0.00,0.00,2026-09-29,2026-10-05,1
20260929,21101,Henderson County,KY,0.00,100.00,0.00,0.00,0.00,0.00,2026-09-29,2026-10-05,1
20260929,21103,Henry County,KY,100.00,0.00,0.00,0.00,0.00,0.00,2026-09-29,2026-10-05,1
20260929,21105,Hickman County,KY,83.28,16.72,0.00,0.00,0.00,0.00,2026-09-29,2026-10-05,1
20260929,21107,Hopkins County,KY,0.00,100.00,7.14,0.00,0.00,0.00,2026-09-29,2026-10-05,1
20260929,21109,Jackson County,KY,0.00,100.00,0.00,0.00,0.00,0.00,2026-09-29,2026-10-05,1
20260929,21111,Jefferson County,KY,49.45,50.55,0.00,0.00,0.00,0.00,2026-09-29,2026-10-05,1
20260929,21113,Jessamine County,KY,84.15,15.85,0.00,0.00,0.00,0.00,2026-09-29,2026-10-05,1
20260929,21115,Johnson County,KY,100.00,0.00,0.00,0.00,0.00,0.00,2026-09-29,2026-10-05,1
20260929,21117,Kenton County,KY,29.79,70.21,0.00,0.00,0.00,0.00,2026-09-29,2026-10-05,1
20260929,21119,Knott County,KY,100.00,0.00,0.00,0.00,0.00,0.00,2026-09-29,2026-10-05,1
20260929,21121,Knox County,KY,81.53,18.47,0.00,0.00,0.00,0.00,2026-09-29,2026-10-05,1
20260929,21123,Larue County,KY,0.00,100.00,0.00,0.00,0.00,0.00,2026-09-29,2026-10-05,1
20260929,21125,Laurel County,KY,0.00,100.00,0.00,0.00,0.00,0.00,2026-09-29,2026-10-05,1
20260929,21127,Lawrence County,KY,100.00,0.00,0.00,0.00,0.00,0.00,2026-09-29,2026-10-05,1
20260929,21129,Lee County,KY,0.00,100.00,0.00,0.00,0.00,0.00,2026-09-29,2026-10-05,1
20260929,21131,Leslie County,KY,92.46,7.54,0.00,0.00,0.00,0.00,2026-09-29,2026-10-05,1
20260929,21133,Letcher County,KY,100.00,0.00,0.00,0.00,0.00,0.00,2026-09-29,2026-10-05,1
20260929,21135,Lewis County,KY,100.00,0.00,0.00,0.00,0.00,0.00,2026-09-29,2026-10-05,1
20260929,21137,Lincoln County,KY,0.00,100.00,0.00,0.00,0.00,0.00,2026-09-29,2026-10-05,1
20260929,21139,Livingston County,KY,0.00,100.00,0.00,0.00,0.00,0.00,2026-09-29,2026-10-05,1
20260929,21141,Logan County,KY,0.00,100.00,100.00,0.00,0.00,0.00,2026-09-29,2026-10-05,1
20260929,21143,Lyon County,KY,0.00,100.00,0.00,0.00,0.00,0.00,2026-09-29,2026-10-05,1
20260929,21151,Madison County,KY,0.00,100.00,0.00,0.00,0.00,0.00,2026-09-29,2026-10-05,1
20260929,21153,Magoffin County,KY,100.00,0.00,0.00,0.00,0.00,0.00,2026-09-29,2026-10-05,1
20260929,21155,Marion County,KY,2.29,97.71,0.00,0.00,0.00,0.00,2026-09-29,2026-10-05,1
20260929,21157,Marshall County,KY,30.12,69.88,0.00,0.00,0.00,0.00,2026-09-29,2026-10-05,1
20260929,21159,Martin County,KY,100.00,0.00,0.00,0.00,0.00,0.00,2026-09-29,2026-10-05,1
20260929,21161,Mason County,KY,100.00,0.00,0.00,0.00,0.00,0.00,2026-09-29,2026-10-05,1
20260929,21145,McCracken County,KY,14.26,85.74,0.00,0.00,0.00,0.00,2026-09-29,2026-10-05,1
20260929,21147,McCreary County,KY,29.75,70.25,0.00,0.00,0.00,0.00,2026-09-29,2026-10-05,1
20260929,21149,McLean County,KY,0.00,100.00,5.38,0.00,0.00,0.00,2026-09-29,2026-10-05,1
20260929,21163,Meade County,KY,0.00,100.00,0.00,0.00,0.00,0.00,2026-09-29,2026-10-05,1
20260929,21165,Menifee County,KY,100.00,0.00,0.00,0.00,0.00,0.00,2026-09-29,2026-10-05,1
20260929,21167,Mercer County,KY,100.00,0.00,0.00,0.00,0.00,0.00,2026-09-29,2026-10-05,1
20260929,21169,Metcalfe County,KY,0.00,100.00,0.00,0.00,0.00,0.00,2026-09-29,2026-10-05,1
20260929,21171,Monroe County,KY,0.00,100.00,57.74,0.00,0.00,0.00,2026-09-29,2026-10-05,1
20260929,21173,Montgomery County,KY,67.65,32.35,0.00,0.00,0.00,0.00,2026-09-29,2026-10-05,1
20260929,21175,Morgan County,KY,100.00,0.00,0.00,0.00,0.00,0.00,2026-09-29,2026-10-05,1
20260929,21177,Muhlenberg County,KY,0.00,100.00,92.40,0.00,0.00,0.00,2026-09-29,2026-10-05,1
20260929,21179,Nelson County,KY,82.71,17.29,0.00,0.00,0.00,0.00,2026-09-29,2026-10-05,1
20260929,21181,Nicholas County,KY,100.00,0.00,0.00,0.00,0.00,0.00,2026-09-29,2026-10-05,1
20260929,21183,Ohio County,KY,9.74,90.26,59.05,0.00,0.00,0.00,2026-09-29,2026-10-05,1
20260929,21185,Oldham County,KY,100.00,0.00,0.00,0.00,0.00,0.00,2026-09-29,2026-10-05,1
20260929,21187,Owen County,KY,100.00,0.00,0.00,0.00,0.00,0.00,2026-09-29,2026-10-05,1
20260929,21189,Owsley County,KY,0.00,100.00,0.00,0.00,0.00,0.00,2026-09-29,2026-10-05,1
20260929,21191,Pendleton County,KY,100.00,0.00,0.00,0.00,0.00,0.00,2026-09-29,2026-10-05,1
20260929,21193,Perry County,KY,91.04,8.96,0.00,0.00,0.00,0.00,2026-09-29,2026-10-05,1
20260929,21195,Pike County,KY,100.00,0.00,0.00,0.00,0.00,0.00,2026-09-29,2026-10-05,1
20260929,21197,Powell County,KY,4.75,95.25,0.00,0.00,0.00,0.00,2026-09-29,2026-10-05,1
20260929,21199,Pulaski County,KY,0.00,100.00,0.00,0.00,0.00,0.00,2026-09-29,2026-10-05,1
20260929,21201,Robertson County,KY,100.00,0.00,0.00,0.00,0.00,0.00,2026-09-29,2026-10-05,1
20260929,21203,Rockcastle County,KY,0.00,100.00,0.00,0.00,0.00,0.00,2026-09-29,2026-10-05,1
20260929,21205,Rowan County,KY,100.00,0.00,0.00,0.00,0.00,0.00,2026-09-29,2026-10-05,1
20260929,21207,Russell County,KY,0.00,100.00,0.00,0.00,0.00,0.00,2026-09-29,2026-10-05,1
20260929,21209,Scott County,KY,100.00,0.00,0.00,0.00,0.00,0.00,2026-09-29,2026-10-05,1
20260929,21211,Shelby County,KY,100.00,0.00,0.00,0.00,0.00,0.00,2026-09-29,2026-10-05,1
20260929,21213,Simpson County,KY,0.00,100.00,100.00,0.00,0.00,0.00,2026-09-29,2026-10-05,1
20260929,21215,Spencer County,KY,100.00,0.00,0.00,0.00,0.00,0.00,2026-09-29,2026-10-05,1
20260929,21217,Taylor County,KY,0.00,100.00,0.00,0.00,0.00,0.00,2026-09-29,2026-10-05,1
20260929,21219,Todd County,KY,0.00,100.00,100.00,0.00,0.00,0.00,2026-09-29,2026-10-05,1
20260929,21221,Trigg County,KY,0.87,99.13,8.64,0.00,0.00,0.00,2026-09-29,2026-10-05,1
20260929,21223,Trimble County,KY,100.00,0.00,0.00,0.00,0.00,0.00,2026-09-29,2026-10-05,1
20260929,21225,Union County,KY,0.00,100.00,0.00,0.00,0.00,0.00,2026-09-29,2026-10-05,1
20260929,21227,Warren County,KY,0.00,100.00,56.34,0.00,0.00,0.00,2026-09-29,2026-10-05,1
20260929,21229,Washington County,KY,90.67,9.33,0.00,0.00,0.00,0.00,2026-09-29,2026-10-05,1
20260929,21231,Wayne County,KY,0.00,100.00,0.00,0.00,0.00,0.00,2026-09-29,2026-10-05,1
20260929,21233,Webster County,KY,0.00,100.00,0.00,0.00,0.00,0.00,2026-09-29,2026-10-05,1
20260929,21235,Whitley County,KY,87.89,12.11,0.00,0.00,0.00,0.00,2026-09-29,2026-10-05,1
20260929,21237,Wolfe County,KY,53.13,46.87,0.00,0.00,0.00,0.00,2026-09-29,2026-10-05,1
20260929,21239,Woodford County,KY,100.00,0.00,0.00,0.00,0.00,0.00,2026-09-29,2026-10-05,1
20260929,22001,Acadia Parish,LA,0.00,100.00,100.00,88.32,0.00,0.00,2026-09-29,2026-10-05,1
20260929,22003,Allen Parish,LA,0.00,100.00,100.00,99.27,0.00,0.00,2026-09-29,2026-10-05,1
20260929,22005,Ascension Parish,LA,0.00,100.00,70.68,0.00,0.00,0.00,2026-09-29,2026-10-05,1
20260929,22007,Assumption Parish,LA,0.00,100.00,0.00,0.00,0.00,0.00,2026-09-29,2026-10-05,1
20260929,22009,Avoyelles Parish,LA,0.00,100.00,100.00,12.70,0.00,0.00,2026-09-29,2026-10-05,1
20260929,22011,Beauregard Parish,LA,0.00,100.00,100.00,63.88,0.00,0.00,2026-09-29,2026-10-05,1
20260929,22013,Bienville Parish,LA,0.00,100.00,100.00,100.00,0.00,0.00,2026-09-29,2026-10-05,1
20260929,22015,Bossier Parish,LA,0.00,100.00,100.00,100.00,0.00,0.00,2026-09-29,2026-10-05,1
20260929,22017,Caddo Parish,LA,0.00,100.00,100.00,100.00,13.45,0.00,2026-09-29,2026-10-05,1
20260929,22019,Calcasieu Parish,LA,0.00,100.00,100.00,51.30,0.00,0.00,2026-09-29,2026-10-05,1
20260929,22021,Caldwell Parish,LA,0.00,100.00,100.00,100.00,0.00,0.00,2026-09-29,2026-10-05,1
20260929,22023,Cameron Parish,LA,0.00,100.00,98.60,55.63,0.00,0.00,2026-09-29,2026-10-05,1
20260929,22025,Catahoula Parish,LA,0.00,100.00,100.00,98.39,0.00,0.00,2026-09-29,2026-10-05,1
20260929,22027,Claiborne Parish,LA,0.00,100.00,100.00,100.00,33.71,0.00,2026-09-29,2026-10-05,1
20260929,22029,Concordia Parish,LA,0.00,100.00,100.00,99.71,0.00,0.00,2026-09-29,2026-10-05,1
20260929,22031,De Soto Parish,LA,0.00,100.00,100.00,100.00,0.11,0.00,2026-09-29,2026-10-05,1
20260929,22033,East Baton Rouge Parish,LA,0.00,100.00,100.00,42.93,0.00,0.00,2026-09-29,2026-10-05,1
20260929,22035,East Carroll Parish,LA,0.00,100.00,100.00,100.00,0.00,0.00,2026-09-29,2026-10-05,1
20260929,22037,East Feliciana Parish,LA,0.00,100.00,100.00,95.74,0.00,0.00,2026-09-29,2026-10-05,1
20260929,22039,Evangeline Parish,LA,0.00,100.00,100.00,27.65,0.00,0.00,2026-09-29,2026-10-05,1
20260929,22041,Franklin Parish,LA,0.00,100.00,100.00,100.00,0.00,0.00,2026-09-29,2026-10-05,1
20260929,22043,Grant Parish,LA,0.00,100.00,100.00,81.47,0.00,0.00,2026-09-29,2026-10-05,1
20260929,22045,Iberia Parish,LA,0.00,100.00,89.96,31.50,0.00,0.00,2026-09-29,2026-10-05,1
20260929,22047,Iberville Parish,LA,0.00,100.00,89.65,0.00,0.00,0.00,2026-09-29,2026-10-05,1
20260929,22049,Jackson Parish,LA,0.00,100.00,100.00,100.00,8.46,0.00,2026-09-29,2026-10-05,1
20260929,22053,Jefferson Davis Parish,LA,0.00,100.00,100.00,100.00,0.00,0.00,2026-09-29,2026-10-05,1
20260929,22051,Jefferson Parish,LA,0.00,100.00,62.44,0.00,0.00,0.00,2026-09-29,2026-10-05,1
20260929,22059,La Salle Parish,LA,0.00,100.00,100.00,98.81,0.00,0.00,2026-09-29,2026-10-05,1
20260929,22055,Lafayette Parish,LA,0.00,100.00,100.00,46.62,0.00,0.00,2026-09-29,2026-10-05,1
20260929,22057,Lafourche Parish,LA,0.00,100.00,50.94,0.00,0.00,0.00,2026-09-29,2026-10-05,1
20260929,22061,Lincoln Parish,LA,0.00,100.00,100.00,100.00,91.79,0.00,2026-09-29,2026-10-05,1
20260929,22063,Livingston Parish,LA,0.00,100.00,99.73,25.19,0.00,0.00,2026-09-29,2026-10-05,1
20260929,22065,Madison Parish,LA,0.00,100.00,100.00,100.00,0.00,0.00,2026-09-29,2026-10-05,1
20260929,22067,Morehouse Parish,LA,0.00,100.00,100.00,100.00,0.00,0.00,2026-09-29,2026-10-05,1
20260929,22069,Natchitoches Parish,LA,0.00,100.00,100.00,87.55,27.98,0.00,2026-09-29,2026-10-05,1
20260929,22071,Orleans Parish,LA,0.00,100.00,91.39,0.00,0.00,0.00,2026-09-29,2026-10-05,1
20260929,22073,Ouachita Parish,LA,0.00,100.00,100.00,100.00,1.55,0.00,2026-09-29,2026-10-05,1
20260929,22075,Plaquemines Parish,LA,0.00,100.00,100.00,0.00,0.00,0.00,2026-09-29,2026-10-05,1
20260929,22077,Pointe Coupee Parish,LA,0.00,100.00,100.00,0.00,0.00,0.00,2026-09-29,2026-10-05,1
20260929,22079,Rapides Parish,LA,0.00,100.00,100.00,3.35,0.00,0.00,2026-09-29,2026-10-05,1
20260929,22081,Red River Parish,LA,0.00,100.00,100.00,100.00,0.00,0.00,2026-09-29,2026-10-05,1
20260929,22083,Richland Parish,LA,0.00,100.00,100.00,100.00,0.00,0.00,2026-09-29,2026-10-05,1
20260929,22085,Sabine Parish,LA,0.00,100.00,100.00,87.05,0.00,0.00,2026-09-29,2026-10-05,1
20260929,22087,Saint Bernard Parish,LA,0.00,100.00,100.00,0.00,0.00,0.00,2026-09-29,2026-10-05,1
20260929,22089,Saint Charles Parish,LA,0.00,100.00,19.04,0.00,0.00,0.00,2026-09-29,2026-10-05,1
20260929,22091,Saint Helena Parish,LA,0.00,100.00,100.00,99.78,0.00,0.00,2026-09-29,2026-10-05,1
20260929,22093,Saint James Parish,LA,0.00,100.00,0.00,0.00,0.00,0.00,2026-09-29,2026-10-05,1
20260929,22095,Saint John the Baptist Parish,LA,0.00,100.00,3.99,0.00,0.00,0.00,2026-09-29,2026-10-05,1
20260929,22097,Saint Landry Parish,LA,0.00,100.00,100.00,2.21,0.00,0.00,2026-09-29,2026-10-05,1
20260929,22099,Saint Martin Parish,LA,0.00,100.00,73.98,0.17,0.00,0.00,2026-09-29,2026-10-05,1
20260929,22101,Saint Mary Parish,LA,0.00,100.00,18.92,1.83,0.00,0.00,2026-09-29,2026-10-05,1
20260929,22103,Saint Tammany Parish,LA,0.00,100.00,10.06,0.00,0.00,0.00,2026-09-29,2026-10-05,1
20260929,22105,Tangipahoa Parish,LA,0.00,100.00,81.94,6.93,0.00,0.00,2026-09-29,2026-10-05,1
20260929,22107,Tensas Parish,LA,0.00,100.00,100.00,100.00,0.00,0.00,2026-09-29,2026-10-05,1
20260929,22109,Terrebonne Parish,LA,0.00,100.00,3.85,0.00,0.00,0.00,2026-09-29,2026-10-05,1
20260929,22111,Union Parish,LA,0.00,100.00,100.00,100.00,34.71,0.00,2026-09-29,2026-10-05,1
20260929,22113,Vermilion Parish,LA,0.00,100.00,100.00,95.90,0.00,0.00,2026-09-29,2026-10-05,1
20260929,22115,Vernon Parish,LA,0.00,100.00,100.00,28.78,0.00,0.00,2026-09-29,2026-10-05,1
20260929,22117,Washington Parish,LA,0.00,100.00,81.05,0.00,0.00,0.00,2026-09-29,2026-10-05,1
20260929,22119,Webster Parish,LA,0.00,100.00,100.00,100.00,0.00,0.00,2026-09-29,2026-10-05,1
20260929,22121,West Baton Rouge Parish,LA,0.00,100.00,100.00,0.00,0.00,0.00,2026-09-29,2026-10-05,1
20260929,22123,West Carroll Parish,LA,0.00,100.00,100.00,100.00,0.00,0.00,2026-09-29,2026-10-05,1
20260929,22125,West Feliciana Parish,LA,0.00,100.00,100.00,44.08,0.00,0.00,2026-09-29,2026-10-05,1
20260929,22127,Winn Parish,LA,0.00,100.00,100.00,100.00,0.00,0.00,2026-09-29,2026-10-05,1
20260929,23001,Androscoggin County,ME,0.00,100.00,100.00,68.04,0.00,0.00,2026-09-29,2026-10-05,1
20260929,23003,Aroostook County,ME,0.00,100.00,100.00,0.00,0.00,0.00,2026-09-29,2026-10-05,1
20260929,23005,Cumberland County,ME,0.00,100.00,100.00,89.96,13.87,0.00,2026-09-29,2026-10-05,1
20260929,23007,Franklin County,ME,0.00,100.00,100.00,0.00,0.00,0.00,2026-09-29,2026-10-05,1
20260929,23009,Hancock County,ME,0.00,100.00,100.00,47.40,16.20,0.00,2026-09-29,2026-10-05,1
20260929,23011,Kennebec County,ME,0.00,100.00,100.00,81.42,7.72,0.00,2026-09-29,2026-10-05,1
20260929,23013,Knox County,ME,0.00,100.00,100.00,100.00,98.52,0.00,2026-09-29,2026-10-05,1
20260929,23015,Lincoln County,ME,0.00,100.00,100.00,100.00,97.99,0.00,2026-09-29,2026-10-05,1
20260929,23017,Oxford County,ME,0.00,100.00,100.00,1.92,0.00,0.00,2026-09-29,2026-10-05,1
20260929,23019,Penobscot County,ME,0.00,100.00,100.00,21.39,0.00,0.00,2026-09-29,2026-10-05,1
20260929,23021,Piscataquis County,ME,0.00,100.00,100.00,0.03,0.00,0.00,2026-09-29,2026-10-05,1
20260929,23023,Sagadahoc County,ME,0.00,100.00,100.00,100.00,75.78,0.00,2026-09-29,2026-10-05,1
20260929,23025,Somerset County,ME,0.00,100.00,100.00,12.36,0.00,0.00,2026-09-29,2026-10-05,1
20260929,23027,Waldo County,ME,0.00,100.00,100.00,100.00,12.04,0.00,2026-09-29,2026-10-05,1
20260929,23029,Washington County,ME,0.00,100.00,100.00,0.00,0.00,0.00,2026-09-29,2026-10-05,1
20260929,23031,York County,ME,0.00,100.00,100.00,33.83,0.00,0.00,2026-09-29,2026-10-05,1
20260929,24001,Allegany County,MD,100.00,0.00,0.00,0.00,0.00,0.00,2026-09-29,2026-10-05,1
20260929,24003,Anne Arundel County,MD,0.00,100.00,0.00,0.00,0.00,0.00,2026-09-29,2026-10-05,1
20260929,24510,Baltimore City,MD,0.00,100.00,0.00,0.00,0.00,0.00,2026-09-29,2026-10-05,1
20260929,24005,Baltimore County,MD,0.32,99.68,13.10,0.00,0.00,0.00,2026-09-29,2026-10-05,1
20260929,24009,Calvert County,MD,0.00,100.00,0.00,0.00,0.00,0.00,2026-09-29,2026-10-05,1
20260929,24011,Caroline County,MD,0.00,100.00,56.82,0.00,0.00,0.00,2026-09-29,2026-10-05,1
20260929,24013,Carroll County,MD,0.00,100.00,97.81,0.00,0.00,0.00,2026-09-29,2026-10-05,1
20260929,24015,Cecil County,MD,94.24,5.76,0.00,0.00,0.00,0.00,2026-09-29,2026-10-05,1
20260929,24017,Charles County,MD,0.00,100.00,0.00,0.00,0.00,0.00,2026-09-29,2026-10-05,1
20260929,24019,Dorchester County,MD,0.00,100.00,36.59,0.00,0.00,0.00,2026-09-29,2026-10-05,1
20260929,24021,Frederick County,MD,0.00,100.00,100.00,0.00,0.00,0.00,2026-09-29,2026-10-05,1
20260929,24023,Garrett County,MD,100.00,0.00,0.00,0.00,0.00,0.00,2026-09-29,2026-10-05,1
20260929,24025,Harford County,MD,4.37,95.63,0.00,0.00,0.00,0.00,2026-09-29,2026-10-05,1
20260929,24027,Howard County,MD,0.00,100.00,7.98,0.00,0.00,0.00,2026-09-29,2026-10-05,1
20260929,24029,Kent County,MD,31.18,68.82,0.00,0.00,0.00,0.00,2026-09-29,2026-10-05,1
20260929,24031,Montgomery County,MD,0.00,100.00,3.85,0.00,0.00,0.00,2026-09-29,2026-10-05,1
20260929,24033,Prince George's County,MD,0.00,100.00,0.00,0.00,0.00,0.00,2026-09-29,2026-10-05,1
20260929,24035,Queen Anne's County,MD,4.23,95.77,0.00,0.00,0.00,0.00,2026-09-29,2026-10-05,1
20260929,24037,Saint Mary's County,MD,0.00,100.00,0.00,0.00,0.00,0.00,2026-09-29,2026-10-05,1
20260929,24039,Somerset County,MD,0.00,100.00,0.00,0.00,0.00,0.00,2026-09-29,2026-10-05,1
20260929,24041,Talbot County,MD,0.00,100.00,0.00,0.00,0.00,0.00,2026-09-29,2026-10-05,1
20260929,24043,Washington County,MD,9.84,90.16,75.88,0.00,0.00,0.00,2026-09-29,2026-10-05,1
20260929,24045,Wicomico County,MD,0.00,100.00,6.52,0.00,0.00,0.00,2026-09-29,2026-10-05,1
20260929,24047,Worcester County,MD,0.00,100.00,0.00,0.00,0.00,0.00,2026-09-29,2026-10-05,1
20260929,25001,Barnstable County,MA,0.00,100.00,45.75,0.00,0.00,0.00,2026-09-29,2026-10-05,1
20260929,25003,Berkshire County,MA,91.96,8.04,0.00,0.00,0.00,0.00,2026-09-29,2026-10-05,1
20260929,25005,Bristol County,MA,72.87,27.13,0.00,0.00,0.00,0.00,2026-09-29,2026-10-05,1
20260929,25007,Dukes County,MA,0.00,100.00,0.00,0.00,0.00,0.00,2026-09-29,2026-10-05,1
20260929,25009,Essex County,MA,0.00,100.00,42.62,0.00,0.00,0.00,2026-09-29,2026-10-05,1
20260929,25011,Franklin County,MA,51.67,48.33,0.00,0.00,0.00,0.00,2026-09-29,2026-10-05,1
20260929,25013,Hampden County,MA,33.73,66.27,0.00,0.00,0.00,0.00,2026-09-29,2026-10-05,1
20260929,25015,Hampshire County,MA,31.26,68.74,0.00,0.00,0.00,0.00,2026-09-29,2026-10-05,1
20260929,25017,Middlesex County,MA,19.06,80.94,31.39,0.00,0.00,0.00,2026-09-29,2026-10-05,1
20260929,25019,Nantucket County,MA,0.00,100.00,63.91,0.00,0.00,0.00,2026-09-29,2026-10-05,1
20260929,25021,Norfolk County,MA,100.00,0.00,0.00,0.00,0.00,0.00,2026-09-29,2026-10-05,1
20260929,25023,Plymouth County,MA,57.39,42.61,14.73,0.00,0.00,0.00,2026-09-29,2026-10-05,1
20260929,25025,Suffolk County,MA,76.14,23.86,0.00,0.00,0.00,0.00,2026-09-29,2026-10-05,1
20260929,25027,Worcester County,MA,94.47,5.53,0.00,0.00,0.00,0.00,2026-09-29,2026-10-05,1
20260929,26001,Alcona County,MI,100.00,0.00,0.00,0.00,0.00,0.00,2026-09-29,2026-10-05,1
20260929,26003,Alger County,MI,0.00,100.00,45.20,0.00,0.00,0.00,2026-09-29,2026-10-05,1
20260929,26005,Allegan County,MI,100.00,0.00,0.00,0.00,0.00,0.00,2026-09-29,2026-10-05,1
20260929,26007,Alpena County,MI,100.00,0.00,0.00,0.00,0.00,0.00,2026-09-29,2026-10-05,1
20260929,26009,Antrim County,MI,80.67,19.33,0.00,0.00,0.00,0.00,2026-09-29,2026-10-05,1
20260929,26011,Arenac County,MI,97.67,2.33,0.00,0.00,0.00,0.00,2026-09-29,2026-10-05,1
20260929,26013,Baraga County,MI,0.00,100.00,9.78,0.00,0.00,0.00,2026-09-29,2026-10-05,1
20260929,26015,Barry County,MI,100.00,0.00,0.00,0.00,0.00,0.00,2026-09-29,2026-10-05,1
20260929,26017,Bay County,MI,3.91,96.09,0.00,0.00,0.00,0.00,2026-09-29,2026-10-05,1
20260929,26019,Benzie County,MI,100.00,0.00,0.00,0.00,0.00,0.00,2026-09-29,2026-10-05,1
20260929,26021,Berrien County,MI,100.00,0.00,0.00,0.00,0.00,0.00,2026-09-29,2026-10-05,1
20260929,26023,Branch County,MI,100.00,0.00,0.00,0.00,0.00,0.00,2026-09-29,2026-10-05,1
20260929,26025,Calhoun County,MI,100.00,0.00,0.00,0.00,0.00,0.00,2026-09-29,2026-10-05,1
20260929,26027,Cass County,MI,100.00,0.00,0.00,0.00,0.00,0.00,2026-09-29,2026-10-05,1
20260929,26029,Charlevoix County,MI,0.42,99.58,0.00,0.00,0.00,0.00,2026-09-29,2026-10-05,1
20260929,26031,Cheboygan County,MI,31.10,68.90,0.00,0.00,0.00,0.00,2026-09-29,2026-10-05,1
20260929,26033,Chippewa County,MI,2.10,97.90,76.86,0.00,0.00,0.00,2026-09-29,2026-10-05,1
20260929,26035,Clare County,MI,43.28,56.72,7.87,0.00,0.00,0.00,2026-09-29,2026-10-05,1
20260929,26037,Clinton County,MI,39.07,60.93,3.71,0.00,0.00,0.00,2026-09-29,2026-10-05,1
20260929,26039,Crawford County,MI,100.00,0.00,0.00,0.00,0.00,0.00,2026-09-29,2026-10-05,1
20260929,26041,Delta County,MI,0.00,100.00,0.02,0.00,0.00,0.00,2026-09-29,2026-10-05,1
20260929,26043,Dickinson County,MI,0.00,100.00,100.00,20.71,8.86,0.00,2026-09-29,2026-10-05,1
20260929,26045,Eaton County,MI,100.00,0.00,0.00,0.00,0.00,0.00,2026-09-29,2026-10-05,1
20260929,26047,Emmet County,MI,0.00,100.00,0.00,0.00,0.00,0.00,2026-09-29,2026-10-05,1
20260929,26049,Genesee County,MI,0.00,100.00,80.95,0.00,0.00,0.00,2026-09-29,2026-10-05,1
20260929,26051,Gladwin County,MI,49.69,50.31,1.04,0.00,0.00,0.00,2026-09-29,2026-10-05,1
20260929,26053,Gogebic County,MI,0.00,100.00,100.00,80.40,22.80,0.00,2026-09-29,2026-10-05,1
20260929,26055,Grand Traverse County,MI,100.00,0.00,0.00,0.00,0.00,0.00,2026-09-29,2026-10-05,1
20260929,26057,Gratiot County,MI,0.00,100.00,13.89,0.00,0.00,0.00,2026-09-29,2026-10-05,1
20260929,26059,Hillsdale County,MI,100.00,0.00,0.00,0.00,0.00,0.00,2026-09-29,2026-10-05,1
20260929,26061,Houghton County,MI,0.00,100.00,13.11,0.00,0.00,0.00,2026-09-29,2026-10-05,1
20260929,26063,Huron County,MI,0.05,99.95,0.00,0.00,0.00,0.00,2026-09-29,2026-10-05,1
20260929,26065,Ingham County,MI,100.00,0.00,0.00,0.00,0.00,0.00,2026-09-29,2026-10-05,1
20260929,26067,Ionia County,MI,29.21,70.79,0.00,0.00,0.00,0.00,2026-09-29,2026-10-05,1
20260929,26069,Iosco County,MI,100.00,0.00,0.00,0.00,0.00,0.00,2026-09-29,2026-10-05,1
20260929,26071,Iron County,MI,0.00,100.00,100.00,29.65,13.50,0.00,2026-09-29,2026-10-05,1
20260929,26073,Isabella County,MI,0.00,100.00,24.66,0.00,0.00,0.00,2026-09-29,2026-10-05,1
20260929,26075,Jackson County,MI,100.00,0.00,0.00,0.00,0.00,0.00,2026-09-29,2026-10-05,1
20260929,26077,Kalamazoo County,MI,100.00,0.00,0.00,0.00,0.00,0.00,2026-09-29,2026-10-05,1
20260929,26079,Kalkaska County,MI,100.00,0.00,0.00,0.00,0.00,0.00,2026-09-29,2026-10-05,1
20260929,26081,Kent County,MI,58.22,41.78,0.00,0.00,0.00,0.00,2026-09-29,2026-10-05,1
20260929,26083,Keweenaw County,MI,0.00,100.00,32.70,0.00,0.00,0.00,2026-09-29,2026-10-05,1
20260929,26085,Lake County,MI,0.00,100.00,0.00,0.00,0.00,0.00,2026-09-29,2026-10-05,1
20260929,26087,Lapeer County,MI,0.00,100.00,9.04,0.00,0.00,0.00,2026-09-29,2026-10-05,1
20260929,26089,Leelanau County,MI,79.48,20.52,0.00,0.00,0.00,0.00,2026-09-29,2026-10-05,1
20260929,26091,Lenawee County,MI,100.00,0.00,0.00,0.00,0.00,0.00,2026-09-29,2026-10-05,1
20260929,26093,Livingston County,MI,22.24,77.76,0.09,0.00,0.00,0.00,2026-09-29,2026-10-05,1
20260929,26095,Luce County,MI,0.00,100.00,87.53,0.00,0.00,0.00,2026-09-29,2026-10-05,1
20260929,26097,Mackinac County,MI,0.00,100.00,76.63,0.00,0.00,0.00,2026-09-29,2026-10-05,1
20260929,26099,Macomb County,MI,0.00,100.00,0.13,0.00,0.00,0.00,2026-09-29,2026-10-05,1
20260929,26101,Manistee County,MI,47.46,52.54,0.00,0.00,0.00,0.00,2026-09-29,2026-10-05,1
20260929,26103,Marquette County,MI,0.00,100.00,71.42,0.00,0.00,0.00,2026-09-29,2026-10-05,1
20260929,26105,Mason County,MI,0.00,100.00,0.00,0.00,0.00,0.00,2026-09-29,2026-10-05,1
20260929,26107,Mecosta County,MI,0.00,100.00,0.00,0.00,0.00,0.00,2026-09-29,2026-10-05,1
20260929,26109,Menominee County,MI,0.00,100.00,81.41,48.74,18.68,0.00,2026-09-29,2026-10-05,1
20260929,26111,Midland County,MI,0.00,100.00,4.09,0.00,0.00,0.00,2026-09-29,2026-10-05,1
20260929,26113,Missaukee County,MI,100.00,0.00,0.00,0.00,0.00,0.00,2026-09-29,2026-10-05,1
20260929,26115,Monroe County,MI,79.42,20.58,0.00,0.00,0.00,0.00,2026-09-29,2026-10-05,1
20260929,26117,Montcalm County,MI,0.00,100.00,0.00,0.00,0.00,0.00,2026-09-29,2026-10-05,1
20260929,26119,Montmorency County,MI,100.00,0.00,0.00,0.00,0.00,0.00,2026-09-29,2026-10-05,1
20260929,26121,Muskegon County,MI,20.43,79.57,0.00,0.00,0.00,0.00,2026-09-29,2026-10-05,1
20260929,26123,Newaygo County,MI,0.00,100.00,0.00,0.00,0.00,0.00,2026-09-29,2026-10-05,1
20260929,26125,Oakland County,MI,0.00,100.00,40.70,0.00,0.00,0.00,2026-09-29,2026-10-05,1
20260929,26127,Oceana County,MI,0.00,100.00,0.00,0.00,0.00,0.00,2026-09-29,2026-10-05,1
20260929,26129,Ogemaw County,MI,100.00,0.00,0.00,0.00,0.00,0.00,2026-09-29,2026-10-05,1
20260929,26131,Ontonagon County,MI,0.00,100.00,84.11,23.10,0.00,0.00,2026-09-29,2026-10-05,1
20260929,26133,Osceola County,MI,39.09,60.91,0.00,0.00,0.00,0.00,2026-09-29,2026-10-05,1
20260929,26135,Oscoda County,MI,100.00,0.00,0.00,0.00,0.00,0.00,2026-09-29,2026-10-05,1
20260929,26137,Otsego County,MI,98.60,1.40,0.00,0.00,0.00,0.00,2026-09-29,2026-10-05,1
20260929,26139,Ottawa County,MI,99.57,0.43,0.00,0.00,0.00,0.00,2026-09-29,2026-10-05,1
20260929,26141,Presque Isle County,MI,64.09,35.91,0.00,0.00,0.00,0.00,2026-09-29,2026-10-05,1
20260929,26143,Roscommon County,MI,100.00,0.00,0.00,0.00,0.00,0.00,2026-09-29,2026-10-05,1
20260929,26145,Saginaw County,MI,0.00,100.00,18.71,0.00,0.00,0.00,2026-09-29,2026-10-05,1
20260929,26147,Saint Clair County,MI,0.00,100.00,0.00,0.00,0.00,0.00,2026-09-29,2026-10-05,1
20260929,26149,Saint Joseph County,MI,100.00,0.00,0.00,0.00,0.00,0.00,2026-09-29,2026-10-05,1
20260929,26151,Sanilac County,MI,0.00,100.00,0.00,0.00,0.00,0.00,2026-09-29,2026-10-05,1
20260929,26153,Schoolcraft County,MI,0.00,100.00,9.04,0.00,0.00,0.00,2026-09-29,2026-10-05,1
20260929,26155,Shiawassee County,MI,16.06,83.94,33.54,0.00,0.00,0.00,2026-09-29,2026-10-05,1
20260929,26157,Tuscola County,MI,0.00,100.00,0.00,0.00,0.00,0.00,2026-09-29,2026-10-05,1
20260929,26159,Van Buren County,MI,100.00,0.00,0.00,0.00,0.00,0.00,2026-09-29,2026-10-05,1
20260929,26161,Washtenaw County,MI,50.47,49.53,5.63,0.00,0.00,0.00,2026-09-29,2026-10-05,1
20260929,26163,Wayne County,MI,0.00,100.00,38.66,0.00,0.00,0.00,2026-09-29,2026-10-05,1
20260929,26165,Wexford County,MI,89.83,10.17,0.00,0.00,0.00,0.00,2026-09-29,2026-10-05,1
20260929,27001,Aitkin County,MN,0.00,100.00,100.00,100.00,0.00,0.00,2026-09-29,2026-10-05,1
20260929,27003,Anoka County,MN,0.00,100.00,100.00,100.00,0.00,0.00,2026-09-29,2026-10-05,1
20260929,27005,Becker County,MN,0.00,100.00,100.00,4.42,0.00,0.00,2026-09-29,2026-10-05,1
20260929,27007,Beltrami County,MN,26.41,73.59,29.81,0.00,0.00,0.00,2026-09-29,2026-10-05,1
20260929,27009,Benton County,MN,0.00,100.00,100.00,98.12,0.00,0.00,2026-09-29,2026-10-05,1
20260929,27011,Big Stone County,MN,0.00,100.00,100.00,6.45,0.00,0.00,2026-09-29,2026-10-05,1
20260929,27013,Blue Earth County,MN,100.00,0.00,0.00,0.00,0.00,0.00,2026-09-29,2026-10-05,1
20260929,27015,Brown County,MN,50.40,49.60,0.00,0.00,0.00,0.00,2026-09-29,2026-10-05,1
20260929,27017,Carlton County,MN,0.00,100.00,100.00,100.00,58.87,0.00,2026-09-29,2026-10-05,1
20260929,27019,Carver County,MN,0.00,100.00,74.33,0.00,0.00,0.00,2026-09-29,2026-10-05,1
20260929,27021,Cass County,MN,0.00,100.00,100.00,96.35,0.00,0.00,2026-09-29,2026-10-05,1
20260929,27023,Chippewa County,MN,0.00,100.00,20.62,2.49,0.00,0.00,2026-09-29,2026-10-05,1
20260929,27025,Chisago County,MN,0.00,100.00,100.00,100.00,4.63,0.00,2026-09-29,2026-10-05,1
20260929,27027,Clay County,MN,0.00,100.00,100.00,86.37,21.73,0.00,2026-09-29,2026-10-05,1
20260929,27029,Clearwater County,MN,16.12,83.88,36.85,0.00,0.00,0.00,2026-09-29,2026-10-05,1
20260929,27031,Cook County,MN,0.00,100.00,100.00,53.14,0.00,0.00,2026-09-29,2026-10-05,1
20260929,27033,Cottonwood County,MN,0.00,100.00,13.17,0.00,0.00,0.00,2026-09-29,2026-10-05,1
20260929,27035,Crow Wing County,MN,0.00,100.00,100.00,100.00,0.00,0.00,2026-09-29,2026-10-05,1
20260929,27037,Dakota County,MN,0.00,100.00,100.00,65.20,0.00,0.00,2026-09-29,2026-10-05,1
20260929,27039,Dodge County,MN,31.45,68.55,0.00,0.00,0.00,0.00,2026-09-29,2026-10-05,1
20260929,27041,Douglas County,MN,0.00,100.00,92.29,0.00,0.00,0.00,2026-09-29,2026-10-05,1
20260929,27043,Faribault County,MN,100.00,0.00,0.00,0.00,0.00,0.00,2026-09-29,2026-10-05,1
20260929,27045,Fillmore County,MN,100.00,0.00,0.00,0.00,0.00,0.00,2026-09-29,2026-10-05,1
20260929,27047,Freeborn County,MN,100.00,0.00,0.00,0.00,0.00,0.00,2026-09-29,2026-10-05,1
20260929,27049,Goodhue County,MN,0.00,100.00,87.52,33.64,0.00,0.00,2026-09-29,2026-10-05,1
20260929,27051,Grant County,MN,0.00,100.00,95.26,0.00,0.00,0.00,2026-09-29,2026-10-05,1
20260929,27053,Hennepin County,MN,0.00,100.00,100.00,84.06,0.00,0.00,2026-09-29,2026-10-05,1
20260929,27055,Houston County,MN,100.00,0.00,0.00,0.00,0.00,0.00,2026-09-29,2026-10-05,1
20260929,27057,Hubbard County,MN,0.00,100.00,100.00,54.85,0.00,0.00,2026-09-29,2026-10-05,1
20260929,27059,Isanti County,MN,0.00,100.00,100.00,100.00,0.00,0.00,2026-09-29,2026-10-05,1
20260929,27061,Itasca County,MN,0.00,100.00,100.00,38.97,0.00,0.00,2026-09-29,2026-10-05,1
20260929,27063,Jackson County,MN,0.00,100.00,0.00,0.00,0.00,0.00,2026-09-29,2026-10-05,1
20260929,27065,Kanabec County,MN,0.00,100.00,100.00,100.00,0.00,0.00,2026-09-29,2026-10-05,1
20260929,27067,Kandiyohi County,MN,0.00,100.00,7.50,0.00,0.00,0.00,2026-09-29,2026-10-05,1
20260929,27069,Kittson County,MN,100.00,0.00,0.00,0.00,0.00,0.00,2026-09-29,2026-10-05,1
20260929,27071,Koochiching County,MN,0.00,100.00,93.88,0.00,0.00,0.00,2026-09-29,2026-10-05,1
20260929,27073,Lac qui Parle County,MN,0.00,100.00,100.00,40.87,0.00,0.00,2026-09-29,2026-10-05,1
20260929,27075,Lake County,MN,0.00,100.00,100.00,47.57,0.00,0.00,2026-09-29,2026-10-05,1
20260929,27077,Lake of the Woods County,MN,26.74,73.26,0.00,0.00,0.00,0.00,2026-09-29,2026-10-05,1
20260929,27079,Le Sueur County,MN,61.03,38.97,0.00,0.00,0.00,0.00,2026-09-29,2026-10-05,1
20260929,27081,Lincoln County,MN,0.00,100.00,100.00,0.00,0.00,0.00,2026-09-29,2026-10-05,1
20260929,27083,Lyon County,MN,0.00,100.00,100.00,0.00,0.00,0.00,2026-09-29,2026-10-05,1
20260929,27087,Mahnomen County,MN,0.00,100.00,90.88,0.00,0.00,0.00,2026-09-29,2026-10-05,1
20260929,27089,Marshall County,MN,100.00,0.00,0.00,0.00,0.00,0.00,2026-09-29,2026-10-05,1
20260929,27091,Martin County,MN,84.48,15.52,0.00,0.00,0.00,0.00,2026-09-29,2026-10-05,1
20260929,27085,McLeod County,MN,5.35,94.65,6.39,0.00,0.00,0.00,2026-09-29,2026-10-05,1
20260929,27093,Meeker County,MN,0.00,100.00,35.88,0.00,0.00,0.00,2026-09-29,2026-10-05,1
20260929,27095,Mille Lacs County,MN,0.00,100.00,100.00,100.00,0.00,0.00,2026-09-29,2026-10-05,1
20260929,27097,Morrison County,MN,0.00,100.00,100.00,85.51,0.00,0.00,2026-09-29,2026-10-05,1
20260929,27099,Mower County,MN,100.00,0.00,0.00,0.00,0.00,0.00,2026-09-29,2026-10-05,1
20260929,27101,Murray County,MN,0.00,100.00,95.24,0.00,0.00,0.00,2026-09-29,2026-10-05,1
20260929,27103,Nicollet County,MN,100.00,0.00,0.00,0.00,0.00,0.00,2026-09-29,2026-10-05,1
20260929,27105,Nobles County,MN,0.00,100.00,34.24,0.00,0.00,0.00,2026-09-29,2026-10-05,1
20260929,27107,Norman County,MN,0.00,100.00,100.00,41.18,0.00,0.00,2026-09-29,2026-10-05,1
20260929,27109,Olmsted County,MN,62.01,37.99,0.00,0.00,0.00,0.00,2026-09-29,2026-10-05,1
20260929,27111,Otter Tail County,MN,0.00,100.00,45.73,0.68,0.00,0.00,2026-09-29,2026-10-05,1
20260929,27113,Pennington County,MN,100.00,0.00,0.00,0.00,0.00,0.00,2026-09-29,2026-10-05,1
20260929,27115,Pine County,MN,0.00,100.00,100.00,100.00,76.62,0.00,2026-09-29,2026-10-05,1
20260929,27117,Pipestone County,MN,0.00,100.00,100.00,0.00,0.00,0.00,2026-09-29,2026-10-05,1
20260929,27119,Polk County,MN,21.30,78.70,48.54,0.01,0.00,0.00,2026-09-29,2026-10-05,1
20260929,27121,Pope County,MN,0.00,100.00,73.46,0.00,0.00,0.00,2026-09-29,2026-10-05,1
20260929,27123,Ramsey County,MN,0.00,100.00,100.00,100.00,0.00,0.00,2026-09-29,2026-10-05,1
20260929,27125,Red Lake County,MN,67.39,32.61,6.21,0.00,0.00,0.00,2026-09-29,2026-10-05,1
20260929,27127,Redwood County,MN,0.39,99.61,37.29,0.00,0.00,0.00,2026-09-29,2026-10-05,1
20260929,27129,Renville County,MN,53.08,46.92,0.00,0.00,0.00,0.00,2026-09-29,2026-10-05,1
20260929,27131,Rice County,MN,3.20,96.80,25.71,0.00,0.00,0.00,2026-09-29,2026-10-05,1
20260929,27133,Rock County,MN,0.00,100.00,73.30,0.00,0.00,0.00,2026-09-29,2026-10-05,1
20260929,27135,Roseau County,MN,99.07,0.93,0.00,0.00,0.00,0.00,2026-09-29,2026-10-05,1
20260929,27137,Saint Louis County,MN,0.00,100.00,100.00,35.13,0.62,0.00,2026-09-29,2026-10-05,1
20260929,27139,Scott County,MN,0.00,100.00,68.54,0.20,0.00,0.00,2026-09-29,2026-10-05,1
20260929,27141,Sherburne County,MN,0.00,100.00,100.00,93.93,0.00,0.00,2026-09-29,2026-10-05,1
20260929,27143,Sibley County,MN,59.93,40.07,0.00,0.00,0.00,0.00,2026-09-29,2026-10-05,1
20260929,27145,Stearns County,MN,0.00,100.00,99.98,1.99,0.00,0.00,2026-09-29,2026-10-05,1
20260929,27147,Steele County,MN,67.54,32.46,0.00,0.00,0.00,0.00,2026-09-29,2026-10-05,1
20260929,27149,Stevens County,MN,0.00,100.00,63.34,0.00,0.00,0.00,2026-09-29,2026-10-05,1
20260929,27151,Swift County,MN,0.00,100.00,19.96,3.05,0.00,0.00,2026-09-29,2026-10-05,1
20260929,27153,Todd County,MN,0.00,100.00,100.00,3.83,0.00,0.00,2026-09-29,2026-10-05,1
20260929,27155,Traverse County,MN,0.00,100.00,100.00,25.09,0.00,0.00,2026-09-29,2026-10-05,1
20260929,27157,Wabasha County,MN,2.87,97.13,43.39,3.67,0.00,0.00,2026-09-29,2026-10-05,1
20260929,27159,Wadena County,MN,0.00,100.00,100.00,39.49,0.00,0.00,2026-09-29,2026-10-05,1
20260929,27161,Waseca County,MN,99.96,0.04,0.00,0.00,0.00,0.00,2026-09-29,2026-10-05,1
20260929,27163,Washington County,MN,0.00,100.00,100.00,100.00,0.00,0.00,2026-09-29,2026-10-05,1
20260929,27165,Watonwan County,MN,77.66,22.34,0.00,0.00,0.00,0.00,2026-09-29,2026-10-05,1
20260929,27167,Wilkin County,MN,0.00,100.00,100.00,69.97,31.59,0.00,2026-09-29,2026-10-05,1
20260929,27169,Winona County,MN,95.66,4.34,0.00,0.00,0.00,0.00,2026-09-29,2026-10-05,1
20260929,27171,Wright County,MN,0.00,100.00,99.15,24.07,0.00,0.00,2026-09-29,2026-10-05,1
20260929,27173,Yellow Medicine County,MN,0.00,100.00,88.12,0.00,0.00,0.00,2026-09-29,2026-10-05,1
20260929,28001,Adams County,MS,0.00,100.00,100.00,100.00,0.00,0.00,2026-09-29,2026-10-05,1
20260929,28003,Alcorn County,MS,0.00,100.00,100.00,100.00,0.00,0.00,2026-09-29,2026-10-05,1
20260929,28005,Amite County,MS,0.00,100.00,100.00,81.76,0.00,0.00,2026-09-29,2026-10-05,1
20260929,28007,Attala County,MS,0.00,100.00,22.84,0.00,0.00,0.00,2026-09-29,2026-10-05,1
20260929,28009,Benton County,MS,0.00,100.00,100.00,56.17,0.00,0.00,2026-09-29,2026-10-05,1
20260929,28011,Bolivar County,MS,0.00,100.00,100.00,100.00,92.37,41.72,2026-09-29,2026-10-05,1
20260929,28013,Calhoun County,MS,0.00,100.00,97.82,0.00,0.00,0.00,2026-09-29,2026-10-05,1
20260929,28015,Carroll County,MS,0.00,100.00,100.00,76.20,33.97,0.00,2026-09-29,2026-10-05,1
20260929,28017,Chickasaw County,MS,0.00,100.00,46.65,0.00,0.00,0.00,2026-09-29,2026-10-05,1
20260929,28019,Choctaw County,MS,0.00,100.00,63.35,0.00,0.00,0.00,2026-09-29,2026-10-05,1
20260929,28021,Claiborne County,MS,0.00,100.00,100.00,52.98,0.00,0.00,2026-09-29,2026-10-05,1
20260929,28023,Clarke County,MS,0.00,100.00,15.59,0.00,0.00,0.00,2026-09-29,2026-10-05,1
20260929,28025,Clay County,MS,0.00,100.00,99.03,0.00,0.00,0.00,2026-09-29,2026-10-05,1
20260929,28027,Coahoma County,MS,0.00,100.00,100.00,100.00,4.53,0.00,2026-09-29,2026-10-05,1
20260929,28029,Copiah County,MS,0.00,100.00,100.00,0.00,0.00,0.00,2026-09-29,2026-10-05,1
20260929,28031,Covington County,MS,0.00,100.00,100.00,37.70,0.00,0.00,2026-09-29,2026-10-05,1
20260929,28033,DeSoto County,MS,0.00,100.00,100.00,92.51,0.00,0.00,2026-09-29,2026-10-05,1
20260929,28035,Forrest County,MS,0.00,100.00,100.00,84.16,0.00,0.00,2026-09-29,2026-10-05,1
20260929,28037,Franklin County,MS,0.00,100.00,100.00,58.57,0.00,0.00,2026-09-29,2026-10-05,1
20260929,28039,George County,MS,0.00,100.00,99.80,0.00,0.00,0.00,2026-09-29,2026-10-05,1
20260929,28041,Greene County,MS,0.00,100.00,100.00,0.22,0.00,0.00,2026-09-29,2026-10-05,1
20260929,28043,Grenada County,MS,0.00,100.00,100.00,64.18,16.39,0.00,2026-09-29,2026-10-05,1
20260929,28045,Hancock County,MS,0.00,100.00,0.00,0.00,0.00,0.00,2026-09-29,2026-10-05,1
20260929,28047,Harrison County,MS,0.00,100.00,1.02,0.00,0.00,0.00,2026-09-29,2026-10-05,1
20260929,28049,Hinds County,MS,0.00,100.00,100.00,20.81,0.00,0.00,2026-09-29,2026-10-05,1
20260929,28051,Holmes County,MS,0.00,100.00,99.99,54.41,11.14,0.00,2026-09-29,2026-10-05,1
20260929,28053,Humphreys County,MS,0.00,100.00,100.00,95.67,38.77,0.00,2026-09-29,2026-10-05,1
20260929,28055,Issaquena County,MS,0.00,100.00,100.00,100.00,0.00,0.00,2026-09-29,2026-10-05,1
20260929,28057,Itawamba County,MS,0.00,100.00,62.46,0.00,0.00,0.00,2026-09-29,2026-10-05,1
20260929,28059,Jackson County,MS,0.00,100.00,71.07,0.00,0.00,0.00,2026-09-29,2026-10-05,1
20260929,28061,Jasper County,MS,0.00,100.00,16.11,0.00,0.00,0.00,2026-09-29,2026-10-05,1
20260929,28063,Jefferson County,MS,0.00,100.00,100.00,41.03,0.00,0.00,2026-09-29,2026-10-05,1
20260929,28065,Jefferson Davis County,MS,0.00,100.00,100.00,45.81,0.00,0.00,2026-09-29,2026-10-05,1
20260929,28067,Jones County,MS,0.00,100.00,100.00,40.03,0.00,0.00,2026-09-29,2026-10-05,1
20260929,28069,Kemper County,MS,0.00,100.00,0.01,0.00,0.00,0.00,2026-09-29,2026-10-05,1
20260929,28071,Lafayette County,MS,0.00,100.00,100.00,0.00,0.00,0.00,2026-09-29,2026-10-05,1
20260929,28073,Lamar County,MS,0.00,100.00,100.00,78.40,0.00,0.00,2026-09-29,2026-10-05,1
20260929,28075,Lauderdale County,MS,0.00,100.00,0.00,0.00,0.00,0.00,2026-09-29,2026-10-05,1
20260929,28077,Lawrence County,MS,0.00,100.00,100.00,0.00,0.00,0.00,2026-09-29,2026-10-05,1
20260929,28079,Leake County,MS,0.00,100.00,0.00,0.00,0.00,0.00,2026-09-29,2026-10-05,1
20260929,28081,Lee County,MS,0.00,100.00,66.64,0.00,0.00,0.00,2026-09-29,2026-10-05,1
20260929,28083,Leflore County,MS,0.00,100.00,100.00,100.00,98.47,0.00,2026-09-29,2026-10-05,1
20260929,28085,Lincoln County,MS,0.00,100.00,100.00,0.00,0.00,0.00,2026-09-29,2026-10-05,1
20260929,28087,Lowndes County,MS,0.00,100.00,49.85,0.00,0.00,0.00,2026-09-29,2026-10-05,1
20260929,28089,Madison County,MS,0.00,100.00,37.35,0.00,0.00,0.00,2026-09-29,2026-10-05,1
20260929,28091,Marion County,MS,0.00,100.00,100.00,17.15,0.00,0.00,2026-09-29,2026-10-05,1
20260929,28093,Marshall County,MS,0.00,100.00,100.00,44.14,0.00,0.00,2026-09-29,2026-10-05,1
20260929,28095,Monroe County,MS,0.00,100.00,47.24,0.00,0.00,0.00,2026-09-29,2026-10-05,1
20260929,28097,Montgomery County,MS,0.00,100.00,71.54,3.35,0.00,0.00,2026-09-29,2026-10-05,1
20260929,28099,Neshoba County,MS,0.00,100.00,0.00,0.00,0.00,0.00,2026-09-29,2026-10-05,1
20260929,28101,Newton County,MS,0.00,100.00,0.00,0.00,0.00,0.00,2026-09-29,2026-10-05,1
20260929,28103,Noxubee County,MS,0.00,100.00,28.45,0.00,0.00,0.00,2026-09-29,2026-10-05,1
20260929,28105,Oktibbeha County,MS,0.00,100.00,100.00,0.00,0.00,0.00,2026-09-29,2026-10-05,1
20260929,28107,Panola County,MS,0.00,100.00,100.00,0.00,0.00,0.00,2026-09-29,2026-10-05,1
20260929,28109,Pearl River County,MS,0.00,100.00,38.68,0.03,0.00,0.00,2026-09-29,2026-10-05,1
20260929,28111,Perry County,MS,0.00,100.00,100.00,65.54,0.00,0.00,2026-09-29,2026-10-05,1
20260929,28113,Pike County,MS,0.00,100.00,100.00,0.21,0.00,0.00,2026-09-29,2026-10-05,1
20260929,28115,Pontotoc County,MS,0.00,100.00,99.81,0.00,0.00,0.00,2026-09-29,2026-10-05,1
20260929,28117,Prentiss County,MS,0.00,100.00,100.00,24.20,0.00,0.00,2026-09-29,2026-10-05,1
20260929,28119,Quitman County,MS,0.00,100.00,100.00,28.38,0.00,0.00,2026-09-29,2026-10-05,1
20260929,28121,Rankin County,MS,0.00,100.00,76.43,0.00,0.00,0.00,2026-09-29,2026-10-05,1
20260929,28123,Scott County,MS,0.00,100.00,4.71,0.00,0.00,0.00,2026-09-29,2026-10-05,1
20260929,28125,Sharkey County,MS,0.00,100.00,100.00,100.00,0.00,0.00,2026-09-29,2026-10-05,1
20260929,28127,Simpson County,MS,0.00,100.00,100.00,0.00,0.00,0.00,2026-09-29,2026-10-05,1
20260929,28129,Smith County,MS,0.00,100.00,54.54,0.00,0.00,0.00,2026-09-29,2026-10-05,1
20260929,28131,Stone County,MS,0.00,100.00,43.52,0.00,0.00,0.00,2026-09-29,2026-10-05,1
20260929,28133,Sunflower County,MS,0.00,100.00,100.00,100.00,90.46,0.00,2026-09-29,2026-10-05,1
20260929,28135,Tallahatchie County,MS,0.00,100.00,100.00,76.86,6.97,0.00,2026-09-29,2026-10-05,1
20260929,28137,Tate County,MS,0.00,100.00,100.00,6.85,0.00,0.00,2026-09-29,2026-10-05,1
20260929,28139,Tippah County,MS,0.00,100.00,100.00,45.52,0.00,0.00,2026-09-29,2026-10-05,1
20260929,28141,Tishomingo County,MS,0.00,100.00,100.00,45.75,0.00,0.00,2026-09-29,2026-10-05,1
20260929,28143,Tunica County,MS,0.00,100.00,100.00,94.29,0.00,0.00,2026-09-29,2026-10-05,1
20260929,28145,Union County,MS,0.00,100.00,100.00,0.00,0.00,0.00,2026-09-29,2026-10-05,1
20260929,28147,Walthall County,MS,0.00,100.00,100.00,0.00,0.00,0.00,2026-09-29,2026-10-05,1
20260929,28149,Warren County,MS,0.00,100.00,100.00,100.00,0.00,0.00,2026-09-29,2026-10-05,1
20260929,28151,Washington County,MS,0.00,100.00,100.00,100.00,67.00,4.88,2026-09-29,2026-10-05,1
20260929,28153,Wayne County,MS,0.00,100.00,99.99,0.00,0.00,0.00,2026-09-29,2026-10-05,1
20260929,28155,Webster County,MS,0.00,100.00,39.98,0.00,0.00,0.00,2026-09-29,2026-10-05,1
20260929,28157,Wilkinson County,MS,0.00,100.00,100.00,99.95,0.00,0.00,2026-09-29,2026-10-05,1
20260929,28159,Winston County,MS,0.00,100.00,32.06,0.00,0.00,0.00,2026-09-29,2026-10-05,1
20260929,28161,Yalobusha County,MS,0.00,100.00,100.00,7.28,0.00,0.00,2026-09-29,2026-10-05,1
20260929,28163,Yazoo County,MS,0.00,100.00,97.80,31.00,0.00,0.00,2026-09-29,2026-10-05,1
20260929,29001,Adair County,MO,100.00,0.00,0.00,0.00,0.00,0.00,2026-09-29,2026-10-05,1
20260929,29003,Andrew County,MO,100.00,0.00,0.00,0.00,0.00,0.00,2026-09-29,2026-10-05,1
20260929,29005,Atchison County,MO,100.00,0.00,0.00,0.00,0.00,0.00,2026-09-29,2026-10-05,1
20260929,29007,Audrain County,MO,0.00,100.00,88.49,0.00,0.00,0.00,2026-09-29,2026-10-05,1
20260929,29009,Barry County,MO,0.00,100.00,100.00,100.00,100.00,0.00,2026-09-29,2026-10-05,1
20260929,29011,Barton County,MO,0.00,100.00,100.00,79.94,2.00,0.00,2026-09-29,2026-10-05,1
20260929,29013,Bates County,MO,0.00,100.00,15.45,0.00,0.00,0.00,2026-09-29,2026-10-05,1
20260929,29015,Benton County,MO,32.80,67.20,52.23,0.00,0.00,0.00,2026-09-29,2026-10-05,1
20260929,29017,Bollinger County,MO,0.00,100.00,62.69,0.00,0.00,0.00,2026-09-29,2026-10-05,1
20260929,29019,Boone County,MO,17.22,82.78,1.22,0.00,0.00,0.00,2026-09-29,2026-10-05,1
20260929,29021,Buchanan County,MO,100.00,0.00,0.00,0.00,0.00,0.00,2026-09-29,2026-10-05,1
20260929,29023,Butler County,MO,0.00,100.00,58.74,12.44,0.00,0.00,2026-09-29,2026-10-05,1
20260929,29025,Caldwell County,MO,100.00,0.00,0.00,0.00,0.00,0.00,2026-09-29,2026-10-05,1
20260929,29027,Callaway County,MO,11.23,88.77,2.43,0.00,0.00,0.00,2026-09-29,2026-10-05,1
20260929,29029,Camden County,MO,0.00,100.00,96.14,53.83,7.44,0.00,2026-09-29,2026-10-05,1
20260929,29031,Cape Girardeau County,MO,0.00,100.00,82.90,0.00,0.00,0.00,2026-09-29,2026-10-05,1
20260929,29033,Carroll County,MO,100.00,0.00,0.00,0.00,0.00,0.00,2026-09-29,2026-10-05,1
20260929,29035,Carter County,MO,0.00,100.00,99.88,47.35,0.00,0.00,2026-09-29,2026-10-05,1
20260929,29037,Cass County,MO,0.20,99.80,0.00,0.00,0.00,0.00,2026-09-29,2026-10-05,1
20260929,29039,Cedar County,MO,0.00,100.00,100.00,62.99,0.00,0.00,2026-09-29,2026-10-05,1
20260929,29041,Chariton County,MO,100.00,0.00,0.00,0.00,0.00,0.00,2026-09-29,2026-10-05,1
20260929,29043,Christian County,MO,0.00,100.00,100.00,100.00,53.13,0.00,2026-09-29,2026-10-05,1
20260929,29045,Clark County,MO,100.00,0.00,0.00,0.00,0.00,0.00,2026-09-29,2026-10-05,1
20260929,29047,Clay County,MO,100.00,0.00,0.00,0.00,0.00,0.00,2026-09-29,2026-10-05,1
20260929,29049,Clinton County,MO,100.00,0.00,0.00,0.00,0.00,0.00,2026-09-29,2026-10-05,1
20260929,29051,Cole County,MO,99.86,0.14,0.00,0.00,0.00,0.00,2026-09-29,2026-10-05,1
20260929,29053,Cooper County,MO,100.00,0.00,0.00,0.00,0.00,0.00,2026-09-29,2026-10-05,1
20260929,29055,Crawford County,MO,0.00,100.00,69.53,0.00,0.00,0.00,2026-09-29,2026-10-05,1
20260929,29057,Dade County,MO,0.00,100.00,100.00,100.00,45.91,0.00,2026-09-29,2026-10-05,1
20260929,29059,Dallas County,MO,0.00,100.00,100.00,99.97,60.58,0.00,2026-09-29,2026-10-05,1
20260929,29061,Daviess County,MO,100.00,0.00,0.00,0.00,0.00,0.00,2026-09-29,2026-10-05,1
20260929,29063,DeKalb County,MO,100.00,0.00,0.00,0.00,0.00,0.00,2026-09-29,2026-10-05,1
20260929,29065,Dent County,MO,0.00,100.00,100.00,0.15,0.00,0.00,2026-09-29,2026-10-05,1
20260929,29067,Douglas County,MO,0.00,100.00,100.00,100.00,82.10,0.00,2026-09-29,2026-10-05,1
20260929,29069,Dunklin County,MO,0.00,100.00,69.64,30.07,0.00,0.00,2026-09-29,2026-10-05,1
20260929,29071,Franklin County,MO,68.55,31.45,0.00,0.00,0.00,0.00,2026-09-29,2026-10-05,1
20260929,29073,Gasconade County,MO,50.73,49.27,0.00,0.00,0.00,0.00,2026-09-29,2026-10-05,1
20260929,29075,Gentry County,MO,100.00,0.00,0.00,0.00,0.00,0.00,2026-09-29,2026-10-05,1
20260929,29077,Greene County,MO,0.00,100.00,100.00,100.00,55.92,0.00,2026-09-29,2026-10-05,1
20260929,29079,Grundy County,MO,100.00,0.00,0.00,0.00,0.00,0.00,2026-09-29,2026-10-05,1
20260929,29081,Harrison County,MO,100.00,0.00,0.00,0.00,0.00,0.00,2026-09-29,2026-10-05,1
20260929,29083,Henry County,MO,5.79,94.21,35.51,0.00,0.00,0.00,2026-09-29,2026-10-05,1
20260929,29085,Hickory County,MO,0.00,100.00,100.00,32.45,0.00,0.00,2026-09-29,2026-10-05,1
20260929,29087,Holt County,MO,100.00,0.00,0.00,0.00,0.00,0.00,2026-09-29,2026-10-05,1
20260929,29089,Howard County,MO,86.00,14.00,0.00,0.00,0.00,0.00,2026-09-29,2026-10-05,1
20260929,29091,Howell County,MO,0.00,100.00,100.00,91.06,9.18,0.00,2026-09-29,2026-10-05,1
20260929,29093,Iron County,MO,0.00,100.00,100.00,0.00,0.00,0.00,2026-09-29,2026-10-05,1
20260929,29095,Jackson County,MO,80.61,19.39,0.00,0.00,0.00,0.00,2026-09-29,2026-10-05,1
20260929,29097,Jasper County,MO,0.00,100.00,100.00,89.39,64.35,0.00,2026-09-29,2026-10-05,1
20260929,29099,Jefferson County,MO,50.34,49.66,2.41,0.00,0.00,0.00,2026-09-29,2026-10-05,1
20260929,29101,Johnson County,MO,79.31,20.69,0.00,0.00,0.00,0.00,2026-09-29,2026-10-05,1
20260929,29103,Knox County,MO,100.00,0.00,0.00,0.00,0.00,0.00,2026-09-29,2026-10-05,1
20260929,29105,Laclede County,MO,0.00,100.00,100.00,100.00,93.63,0.00,2026-09-29,2026-10-05,1
20260929,29107,Lafayette County,MO,100.00,0.00,0.00,0.00,0.00,0.00,2026-09-29,2026-10-05,1
20260929,29109,Lawrence County,MO,0.00,100.00,100.00,100.00,100.00,0.00,2026-09-29,2026-10-05,1
20260929,29111,Lewis County,MO,100.00,0.00,0.00,0.00,0.00,0.00,2026-09-29,2026-10-05,1
20260929,29113,Lincoln County,MO,0.00,100.00,56.58,0.00,0.00,0.00,2026-09-29,2026-10-05,1
20260929,29115,Linn County,MO,100.00,0.00,0.00,0.00,0.00,0.00,2026-09-29,2026-10-05,1
20260929,29117,Livingston County,MO,100.00,0.00,0.00,0.00,0.00,0.00,2026-09-29,2026-10-05,1
20260929,29121,Macon County,MO,100.00,0.00,0.00,0.00,0.00,0.00,2026-09-29,2026-10-05,1
20260929,29123,Madison County,MO,0.00,100.00,100.00,0.00,0.00,0.00,2026-09-29,2026-10-05,1
20260929,29125,Maries County,MO,0.00,100.00,6.75,0.00,0.00,0.00,2026-09-29,2026-10-05,1
20260929,29127,Marion County,MO,100.00,0.00,0.00,0.00,0.00,0.00,2026-09-29,2026-10-05,1
20260929,29119,McDonald County,MO,0.00,100.00,100.00,100.00,100.00,0.00,2026-09-29,2026-10-05,1
20260929,29129,Mercer County,MO,100.00,0.00,0.00,0.00,0.00,0.00,2026-09-29,2026-10-05,1
20260929,29131,Miller County,MO,19.12,80.88,18.64,0.28,0.00,0.00,2026-09-29,2026-10-05,1
20260929,29133,Mississippi County,MO,87.38,12.62,0.00,0.00,0.00,0.00,2026-09-29,2026-10-05,1
20260929,29135,Moniteau County,MO,100.00,0.00,0.00,0.00,0.00,0.00,2026-09-29,2026-10-05,1
20260929,29137,Monroe County,MO,15.68,84.32,50.39,0.00,0.00,0.00,2026-09-29,2026-10-05,1
20260929,29139,Montgomery County,MO,0.00,100.00,11.77,0.00,0.00,0.00,2026-09-29,2026-10-05,1
20260929,29141,Morgan County,MO,79.96,20.04,1.94,0.00,0.00,0.00,2026-09-29,2026-10-05,1
20260929,29143,New Madrid County,MO,17.01,82.99,0.00,0.00,0.00,0.00,2026-09-29,2026-10-05,1
20260929,29145,Newton County,MO,0.00,100.00,100.00,100.00,97.58,0.00,2026-09-29,2026-10-05,1
20260929,29147,Nodaway County,MO,100.00,0.00,0.00,0.00,0.00,0.00,2026-09-29,2026-10-05,1
20260929,29149,Oregon County,MO,0.00,100.00,100.00,42.08,0.00,0.00,2026-09-29,2026-10-05,1
20260929,29151,Osage County,MO,74.66,25.34,0.00,0.00,0.00,0.00,2026-09-29,2026-10-05,1
20260929,29153,Ozark County,MO,0.00,100.00,100.00,100.00,45.03,0.00,2026-09-29,2026-10-05,1
20260929,29155,Pemiscot County,MO,0.00,100.00,72.62,15.12,0.00,0.00,2026-09-29,2026-10-05,1
20260929,29157,Perry County,MO,0.00,100.00,53.82,0.00,0.00,0.00,2026-09-29,2026-10-05,1
20260929,29159,Pettis County,MO,100.00,0.00,0.00,0.00,0.00,0.00,2026-09-29,2026-10-05,1
20260929,29161,Phelps County,MO,0.00,100.00,94.76,18.74,0.37,0.00,2026-09-29,2026-10-05,1
20260929,29163,Pike County,MO,0.00,100.00,99.43,0.00,0.00,0.00,2026-09-29,2026-10-05,1
20260929,29165,Platte County,MO,100.00,0.00,0.00,0.00,0.00,0.00,2026-09-29,2026-10-05,1
20260929,29167,Polk County,MO,0.00,100.00,100.00,100.00,22.76,0.00,2026-09-29,2026-10-05,1
20260929,29169,Pulaski County,MO,0.00,100.00,100.00,93.29,73.27,0.00,2026-09-29,2026-10-05,1
20260929,29171,Putnam County,MO,100.00,0.00,0.00,0.00,0.00,0.00,2026-09-29,2026-10-05,1
20260929,29173,Ralls County,MO,24.76,75.24,53.82,0.00,0.00,0.00,2026-09-29,2026-10-05,1
20260929,29175,Randolph County,MO,52.96,47.04,0.00,0.00,0.00,0.00,2026-09-29,2026-10-05,1
20260929,29177,Ray County,MO,100.00,0.00,0.00,0.00,0.00,0.00,2026-09-29,2026-10-05,1
20260929,29179,Reynolds County,MO,0.00,100.00,100.00,0.00,0.00,0.00,2026-09-29,2026-10-05,1
20260929,29181,Ripley County,MO,0.00,100.00,100.00,32.25,0.00,0.00,2026-09-29,2026-10-05,1
20260929,29183,Saint Charles County,MO,14.74,85.26,11.28,0.00,0.00,0.00,2026-09-29,2026-10-05,1
20260929,29185,Saint Clair County,MO,0.00,100.00,100.00,1.52,0.00,0.00,2026-09-29,2026-10-05,1
20260929,29187,Saint Francois County,MO,0.00,100.00,98.86,0.00,0.00,0.00,2026-09-29,2026-10-05,1
20260929,29510,Saint Louis City,MO,0.00,100.00,0.00,0.00,0.00,0.00,2026-09-29,2026-10-05,1
20260929,29189,Saint Louis County,MO,44.74,55.26,0.60,0.00,0.00,0.00,2026-09-29,2026-10-05,1
20260929,29186,Sainte Genevieve County,MO,0.00,100.00,58.81,0.00,0.00,0.00,2026-09-29,2026-10-05,1
20260929,29195,Saline County,MO,100.00,0.00,0.00,0.00,0.00,0.00,2026-09-29,2026-10-05,1
20260929,29197,Schuyler County,MO,100.00,0.00,0.00,0.00,0.00,0.00,2026-09-29,2026-10-05,1
20260929,29199,Scotland County,MO,100.00,0.00,0.00,0.00,0.00,0.00,2026-09-29,2026-10-05,1
20260929,29201,Scott County,MO,49.48,50.52,0.15,0.00,0.00,0.00,2026-09-29,2026-10-05,1
20260929,29203,Shannon County,MO,0.00,100.00,100.00,0.00,0.00,0.00,2026-09-29,2026-10-05,1
20260929,29205,Shelby County,MO,99.47,0.53,0.00,0.00,0.00,0.00,2026-09-29,2026-10-05,1
20260929,29207,Stoddard County,MO,21.77,78.23,0.00,0.00,0.00,0.00,2026-09-29,2026-10-05,1
20260929,29209,Stone County,MO,0.00,100.00,100.00,100.00,95.48,0.00,2026-09-29,2026-10-05,1
20260929,29211,Sullivan County,MO,100.00,0.00,0.00,0.00,0.00,0.00,2026-09-29,2026-10-05,1
20260929,29213,Taney County,MO,0.00,100.00,100.00,100.00,75.31,0.00,2026-09-29,2026-10-05,1
20260929,29215,Texas County,MO,0.00,100.00,100.00,89.28,71.69,0.00,2026-09-29,2026-10-05,1
20260929,29217,Vernon County,MO,0.00,100.00,98.19,64.39,0.00,0.00,2026-09-29,2026-10-05,1
20260929,29219,Warren County,MO,14.12,85.88,0.00,0.00,0.00,0.00,2026-09-29,2026-10-05,1
20260929,29221,Washington County,MO,0.12,99.88,73.26,0.00,0.00,0.00,2026-09-29,2026-10-05,1
20260929,29223,Wayne County,MO,0.00,100.00,74.42,0.00,0.00,0.00,2026-09-29,2026-10-05,1
20260929,29225,Webster County,MO,0.00,100.00,100.00,100.00,19.91,0.00,2026-09-29,2026-10-05,1
20260929,29227,Worth County,MO,100.00,0.00,0.00,0.00,0.00,0.00,2026-09-29,2026-10-05,1
20260929,29229,Wright County,MO,0.00,100.00,100.00,100.00,68.85,0.00,2026-09-29,2026-10-05,1
20260929,30001,Beaverhead County,MT,14.56,85.44,29.04,0.00,0.00,0.00,2026-09-29,2026-10-05,1
20260929,30003,Big Horn County,MT,0.00,100.00,100.00,51.82,0.01,0.00,2026-09-29,2026-10-05,1
20260929,30005,Blaine County,MT,2.25,97.75,20.95,0.00,0.00,0.00,2026-09-29,2026-10-05,1
20260929,30007,Broadwater County,MT,8.37,91.63,0.00,0.00,0.00,0.00,2026-09-29,2026-10-05,1
20260929,30009,Carbon County,MT,0.00,100.00,95.72,52.02,0.00,0.00,2026-09-29,2026-10-05,1
20260929,30011,Carter County,MT,0.00,100.00,100.00,99.69,73.67,0.00,2026-09-29,2026-10-05,1
20260929,30013,Cascade County,MT,91.92,8.08,0.27,0.00,0.00,0.00,2026-09-29,2026-10-05,1
20260929,30015,Chouteau County,MT,97.37,2.63,0.00,0.00,0.00,0.00,2026-09-29,2026-10-05,1
20260929,30017,Custer County,MT,0.00,100.00,96.82,57.63,19.86,0.00,2026-09-29,2026-10-05,1
20260929,30019,Daniels County,MT,100.00,0.00,0.00,0.00,0.00,0.00,2026-09-29,2026-10-05,1
20260929,30021,Dawson County,MT,0.00,100.00,87.29,43.76,0.00,0.00,2026-09-29,2026-10-05,1
20260929,30023,Deer Lodge County,MT,27.43,72.57,0.00,0.00,0.00,0.00,2026-09-29,2026-10-05,1
20260929,30025,Fallon County,MT,0.00,100.00,100.00,100.00,70.24,0.00,2026-09-29,2026-10-05,1
20260929,30027,Fergus County,MT,1.41,98.59,83.85,0.00,0.00,0.00,2026-09-29,2026-10-05,1
20260929,30029,Flathead County,MT,97.14,2.86,0.00,0.00,0.00,0.00,2026-09-29,2026-10-05,1
20260929,30031,Gallatin County,MT,0.00,100.00,27.44,0.00,0.00,0.00,2026-09-29,2026-10-05,1
20260929,30033,Garfield County,MT,57.30,42.70,10.60,0.00,0.00,0.00,2026-09-29,2026-10-05,1
20260929,30035,Glacier County,MT,100.00,0.00,0.00,0.00,0.00,0.00,2026-09-29,2026-10-05,1
20260929,30037,Golden Valley County,MT,0.00,100.00,100.00,22.85,0.00,0.00,2026-09-29,2026-10-05,1
20260929,30039,Granite County,MT,83.41,16.59,0.00,0.00,0.00,0.00,2026-09-29,2026-10-05,1
20260929,30041,Hill County,MT,73.79,26.21,0.00,0.00,0.00,0.00,2026-09-29,2026-10-05,1
20260929,30043,Jefferson County,MT,8.10,91.90,0.00,0.00,0.00,0.00,2026-09-29,2026-10-05,1
20260929,30045,Judith Basin County,MT,6.03,93.97,62.93,0.00,0.00,0.00,2026-09-29,2026-10-05,1
20260929,30047,Lake County,MT,93.64,6.36,0.00,0.00,0.00,0.00,2026-09-29,2026-10-05,1
20260929,30049,Lewis and Clark County,MT,99.56,0.44,0.00,0.00,0.00,0.00,2026-09-29,2026-10-05,1
20260929,30051,Liberty County,MT,100.00,0.00,0.00,0.00,0.00,0.00,2026-09-29,2026-10-05,1
20260929,30053,Lincoln County,MT,42.24,57.76,3.38,0.00,0.00,0.00,2026-09-29,2026-10-05,1
20260929,30057,Madison County,MT,0.00,100.00,88.90,0.00,0.00,0.00,2026-09-29,2026-10-05,1
20260929,30055,McCone County,MT,16.39,83.61,0.69,0.00,0.00,0.00,2026-09-29,2026-10-05,1
20260929,30059,Meagher County,MT,5.54,94.46,41.07,0.00,0.00,0.00,2026-09-29,2026-10-05,1
20260929,30061,Mineral County,MT,38.63,61.37,3.84,0.00,0.00,0.00,2026-09-29,2026-10-05,1
20260929,30063,Missoula County,MT,98.90,1.10,0.00,0.00,0.00,0.00,2026-09-29,2026-10-05,1
20260929,30065,Musselshell County,MT,0.00,100.00,100.00,0.00,0.00,0.00,2026-09-29,2026-10-05,1
20260929,30067,Park County,MT,0.00,100.00,24.25,0.00,0.00,0.00,2026-09-29,2026-10-05,1
20260929,30069,Petroleum County,MT,27.85,72.15,40.49,0.00,0.00,0.00,2026-09-29,2026-10-05,1
20260929,30071,Phillips County,MT,58.69,41.31,7.00,0.00,0.00,0.00,2026-09-29,2026-10-05,1
20260929,30073,Pondera County,MT,100.00,0.00,0.00,0.00,0.00,0.00,2026-09-29,2026-10-05,1
20260929,30075,Powder River County,MT,0.00,100.00,100.00,96.66,84.08,0.00,2026-09-29,2026-10-05,1
20260929,30077,Powell County,MT,85.52,14.48,0.00,0.00,0.00,0.00,2026-09-29,2026-10-05,1
20260929,30079,Prairie County,MT,0.00,100.00,67.85,52.63,0.00,0.00,2026-09-29,2026-10-05,1
20260929,30081,Ravalli County,MT,100.00,0.00,0.00,0.00,0.00,0.00,2026-09-29,2026-10-05,1
20260929,30083,Richland County,MT,0.00,100.00,62.68,26.67,0.01,0.00,2026-09-29,2026-10-05,1
20260929,30085,Roosevelt County,MT,46.67,53.33,1.40,0.00,0.00,0.00,2026-09-29,2026-10-05,1
20260929,30087,Rosebud County,MT,0.00,100.00,96.83,9.95,0.00,0.00,2026-09-29,2026-10-05,1
20260929,30089,Sanders County,MT,8.76,91.24,5.39,0.00,0.00,0.00,2026-09-29,2026-10-05,1
20260929,30091,Sheridan County,MT,90.36,9.64,0.00,0.00,0.00,0.00,2026-09-29,2026-10-05,1
20260929,30093,Silver Bow County,MT,0.00,100.00,0.00,0.00,0.00,0.00,2026-09-29,2026-10-05,1
20260929,30095,Stillwater County,MT,0.00,100.00,91.31,10.95,0.00,0.00,2026-09-29,2026-10-05,1
20260929,30097,Sweet Grass County,MT,0.00,100.00,90.68,40.52,0.00,0.00,2026-09-29,2026-10-05,1
20260929,30099,Teton County,MT,100.00,0.00,0.00,0.00,0.00,0.00,2026-09-29,2026-10-05,1
20260929,30101,Toole County,MT,100.00,0.00,0.00,0.00,0.00,0.00,2026-09-29,2026-10-05,1
20260929,30103,Treasure County,MT,0.00,100.00,100.00,0.00,0.00,0.00,2026-09-29,2026-10-05,1
20260929,30105,Valley County,MT,100.00,0.00,0.00,0.00,0.00,0.00,2026-09-29,2026-10-05,1
20260929,30107,Wheatland County,MT,0.00,100.00,100.00,9.32,0.00,0.00,2026-09-29,2026-10-05,1
20260929,30109,Wibaux County,MT,0.00,100.00,100.00,100.00,16.29,0.00,2026-09-29,2026-10-05,1
20260929,30111,Yellowstone County,MT,0.00,100.00,100.00,0.00,0.00,0.00,2026-09-29,2026-10-05,1
20260929,31001,Adams County,NE,100.00,0.00,0.00,0.00,0.00,0.00,2026-09-29,2026-10-05,1
20260929,31003,Antelope County,NE,0.00,100.00,80.50,0.00,0.00,0.00,2026-09-29,2026-10-05,1
20260929,31005,Arthur County,NE,0.00,100.00,100.00,96.54,0.00,0.00,2026-09-29,2026-10-05,1
20260929,31007,Banner County,NE,0.00,100.00,100.00,100.00,100.00,19.24,2026-09-29,2026-10-05,1
20260929,31009,Blaine County,NE,0.00,100.00,5.77,0.00,0.00,0.00,2026-09-29,2026-10-05,1
20260929,31011,Boone County,NE,57.85,42.15,19.00,0.00,0.00,0.00,2026-09-29,2026-10-05,1
20260929,31013,Box Butte County,NE,0.00,100.00,100.00,100.00,53.25,2.09,2026-09-29,2026-10-05,1
20260929,31015,Boyd County,NE,0.00,100.00,1.18,0.00,0.00,0.00,2026-09-29,2026-10-05,1
20260929,31017,Brown County,NE,13.81,86.19,21.00,0.00,0.00,0.00,2026-09-29,2026-10-05,1
20260929,31019,Buffalo County,NE,58.58,41.42,0.00,0.00,0.00,0.00,2026-09-29,2026-10-05,1
20260929,31021,Burt County,NE,19.20,80.80,56.44,0.00,0.00,0.00,2026-09-29,2026-10-05,1
20260929,31023,Butler County,NE,100.00,0.00,0.00,0.00,0.00,0.00,2026-09-29,2026-10-05,1
20260929,31025,Cass County,NE,100.00,0.00,0.00,0.00,0.00,0.00,2026-09-29,2026-10-05,1
20260929,31027,Cedar County,NE,0.00,100.00,100.00,0.00,0.00,0.00,2026-09-29,2026-10-05,1
20260929,31029,Chase County,NE,0.00,100.00,98.19,16.21,0.00,0.00,2026-09-29,2026-10-05,1
20260929,31031,Cherry County,NE,17.37,82.63,31.30,0.00,0.00,0.00,2026-09-29,2026-10-05,1
20260929,31033,Cheyenne County,NE,0.00,100.00,100.00,67.24,36.98,11.65,2026-09-29,2026-10-05,1
20260929,31035,Clay County,NE,100.00,0.00,0.00,0.00,0.00,0.00,2026-09-29,2026-10-05,1
20260929,31037,Colfax County,NE,99.26,0.74,0.00,0.00,0.00,0.00,2026-09-29,2026-10-05,1
20260929,31039,Cuming County,NE,5.57,94.43,89.58,0.00,0.00,0.00,2026-09-29,2026-10-05,1
20260929,31041,Custer County,NE,0.00,100.00,16.94,5.50,0.00,0.00,2026-09-29,2026-10-05,1
20260929,31043,Dakota County,NE,0.00,100.00,91.92,0.00,0.00,0.00,2026-09-29,2026-10-05,1
20260929,31045,Dawes County,NE,0.00,100.00,100.00,70.30,27.76,11.21,2026-09-29,2026-10-05,1
20260929,31047,Dawson County,NE,0.00,100.00,46.14,22.23,0.00,0.00,2026-09-29,2026-10-05,1
20260929,31049,Deuel County,NE,0.00,100.00,100.00,57.62,0.00,0.00,2026-09-29,2026-10-05,1
20260929,31051,Dixon County,NE,0.00,100.00,99.07,0.00,0.00,0.00,2026-09-29,2026-10-05,1
20260929,31053,Dodge County,NE,100.00,0.00,0.00,0.00,0.00,0.00,2026-09-29,2026-10-05,1
20260929,31055,Douglas County,NE,100.00,0.00,0.00,0.00,0.00,0.00,2026-09-29,2026-10-05,1
20260929,31057,Dundy County,NE,0.00,100.00,66.19,0.00,0.00,0.00,2026-09-29,2026-10-05,1
20260929,31059,Fillmore County,NE,100.00,0.00,0.00,0.00,0.00,0.00,2026-09-29,2026-10-05,1
20260929,31061,Franklin County,NE,54.66,45.34,15.36,0.00,0.00,0.00,2026-09-29,2026-10-05,1
20260929,31063,Frontier County,NE,0.00,100.00,94.40,5.29,0.00,0.00,2026-09-29,2026-10-05,1
20260929,31065,Furnas County,NE,0.00,100.00,20.31,0.00,0.00,0.00,2026-09-29,2026-10-05,1
20260929,31067,Gage County,NE,100.00,0.00,0.00,0.00,0.00,0.00,2026-09-29,2026-10-05,1
20260929,31069,Garden County,NE,0.00,100.00,100.00,87.10,0.00,0.00,2026-09-29,2026-10-05,1
20260929,31071,Garfield County,NE,0.97,99.03,16.17,0.00,0.00,0.00,2026-09-29,2026-10-05,1
20260929,31073,Gosper County,NE,0.00,100.00,62.36,0.58,0.00,0.00,2026-09-29,2026-10-05,1
20260929,31075,Grant County,NE,0.00,100.00,100.00,9.15,0.00,0.00,2026-09-29,2026-10-05,1
20260929,31077,Greeley County,NE,100.00,0.00,0.00,0.00,0.00,0.00,2026-09-29,2026-10-05,1
20260929,31079,Hall County,NE,100.00,0.00,0.00,0.00,0.00,0.00,2026-09-29,2026-10-05,1
20260929,31081,Hamilton County,NE,100.00,0.00,0.00,0.00,0.00,0.00,2026-09-29,2026-10-05,1
20260929,31083,Harlan County,NE,0.06,99.94,58.14,0.00,0.00,0.00,2026-09-29,2026-10-05,1
20260929,31085,Hayes County,NE,0.00,100.00,94.43,5.55,0.00,0.00,2026-09-29,2026-10-05,1
20260929,31087,Hitchcock County,NE,0.00,100.00,3.15,0.00,0.00,0.00,2026-09-29,2026-10-05,1
20260929,31089,Holt County,NE,0.00,100.00,41.67,0.00,0.00,0.00,2026-09-29,2026-10-05,1
20260929,31091,Hooker County,NE,0.00,100.00,100.00,39.47,0.00,0.00,2026-09-29,2026-10-05,1
20260929,31093,Howard County,NE,100.00,0.00,0.00,0.00,0.00,0.00,2026-09-29,2026-10-05,1
20260929,31095,Jefferson County,NE,100.00,0.00,0.00,0.00,0.00,0.00,2026-09-29,2026-10-05,1
20260929,31097,Johnson County,NE,100.00,0.00,0.00,0.00,0.00,0.00,2026-09-29,2026-10-05,1
20260929,31099,Kearney County,NE,98.19,1.81,0.00,0.00,0.00,0.00,2026-09-29,2026-10-05,1
20260929,31101,Keith County,NE,0.00,100.00,100.00,100.00,0.00,0.00,2026-09-29,2026-10-05,1
20260929,31103,Keya Paha County,NE,30.67,69.33,40.84,0.00,0.00,0.00,2026-09-29,2026-10-05,1
20260929,31105,Kimball County,NE,0.00,100.00,100.00,95.95,76.21,21.43,2026-09-29,2026-10-05,1
20260929,31107,Knox County,NE,0.00,100.00,80.08,0.00,0.00,0.00,2026-09-29,2026-10-05,1
20260929,31109,Lancaster County,NE,100.00,0.00,0.00,0.00,0.00,0.00,2026-09-29,2026-10-05,1
20260929,31111,Lincoln County,NE,0.00,100.00,100.00,75.52,0.00,0.00,2026-09-29,2026-10-05,1
20260929,31113,Logan County,NE,0.00,100.00,92.16,49.96,0.00,0.00,2026-09-29,2026-10-05,1
20260929,31115,Loup County,NE,0.00,100.00,70.29,0.00,0.00,0.00,2026-09-29,2026-10-05,1
20260929,31119,Madison County,NE,0.00,100.00,34.28,0.00,0.00,0.00,2026-09-29,2026-10-05,1
20260929,31117,McPherson County,NE,0.00,100.00,100.00,45.16,0.00,0.00,2026-09-29,2026-10-05,1
20260929,31121,Merrick County,NE,100.00,0.00,0.00,0.00,0.00,0.00,2026-09-29,2026-10-05,1
20260929,31123,Morrill County,NE,0.00,100.00,100.00,100.00,30.79,0.74,2026-09-29,2026-10-05,1
20260929,31125,Nance County,NE,100.00,0.00,0.00,0.00,0.00,0.00,2026-09-29,2026-10-05,1
20260929,31127,Nemaha County,NE,100.00,0.00,0.00,0.00,0.00,0.00,2026-09-29,2026-10-05,1
20260929,31129,Nuckolls County,NE,100.00,0.00,0.00,0.00,0.00,0.00,2026-09-29,2026-10-05,1
20260929,31131,Otoe County,NE,100.00,0.00,0.00,0.00,0.00,0.00,2026-09-29,2026-10-05,1
20260929,31133,Pawnee County,NE,100.00,0.00,0.00,0.00,0.00,0.00,2026-09-29,2026-10-05,1
20260929,31135,Perkins County,NE,0.00,100.00,100.00,87.79,0.00,0.00,2026-09-29,2026-10-05,1
20260929,31137,Phelps County,NE,19.14,80.86,29.21,0.00,0.00,0.00,2026-09-29,2026-10-05,1
20260929,31139,Pierce County,NE,0.00,100.00,92.62,0.00,0.00,0.00,2026-09-29,2026-10-05,1
20260929,31141,Platte County,NE,90.74,9.26,2.76,0.00,0.00,0.00,2026-09-29,2026-10-05,1
20260929,31143,Polk County,NE,100.00,0.00,0.00,0.00,0.00,0.00,2026-09-29,2026-10-05,1
20260929,31145,Red Willow County,NE,0.00,100.00,8.58,0.00,0.00,0.00,2026-09-29,2026-10-05,1
20260929,31147,Richardson County,NE,100.00,0.00,0.00,0.00,0.00,0.00,2026-09-29,2026-10-05,1
20260929,31149,Rock County,NE,0.00,100.00,63.96,0.00,0.00,0.00,2026-09-29,2026-10-05,1
20260929,31151,Saline County,NE,100.00,0.00,0.00,0.00,0.00,0.00,2026-09-29,2026-10-05,1
20260929,31153,Sarpy County,NE,100.00,0.00,0.00,0.00,0.00,0.00,2026-09-29,2026-10-05,1
20260929,31155,Saunders County,NE,100.00,0.00,0.00,0.00,0.00,0.00,2026-09-29,2026-10-05,1
20260929,31157,Scotts Bluff County,NE,0.00,100.00,100.00,100.00,99.93,0.00,2026-09-29,2026-10-05,1
20260929,31159,Seward County,NE,100.00,0.00,0.00,0.00,0.00,0.00,2026-09-29,2026-10-05,1
20260929,31161,Sheridan County,NE,0.00,100.00,100.00,59.52,0.00,0.00,2026-09-29,2026-10-05,1
20260929,31163,Sherman County,NE,70.98,29.02,0.00,0.00,0.00,0.00,2026-09-29,2026-10-05,1
20260929,31165,Sioux County,NE,0.00,100.00,100.00,81.33,44.14,2.15,2026-09-29,2026-10-05,1
20260929,31167,Stanton County,NE,0.28,99.72,94.31,0.00,0.00,0.00,2026-09-29,2026-10-05,1
20260929,31169,Thayer County,NE,100.00,0.00,0.00,0.00,0.00,0.00,2026-09-29,2026-10-05,1
20260929,31171,Thomas County,NE,0.00,100.00,38.37,2.97,0.00,0.00,2026-09-29,2026-10-05,1
20260929,31173,Thurston County,NE,0.00,100.00,98.08,0.00,0.00,0.00,2026-09-29,2026-10-05,1
20260929,31175,Valley County,NE,45.47,54.53,0.00,0.00,0.00,0.00,2026-09-29,2026-10-05,1
20260929,31177,Washington County,NE,100.00,0.00,0.00,0.00,0.00,0.00,2026-09-29,2026-10-05,1
20260929,31179,Wayne County,NE,0.00,100.00,100.00,0.00,0.00,0.00,2026-09-29,2026-10-05,1
20260929,31181,Webster County,NE,100.00,0.00,0.00,0.00,0.00,0.00,2026-09-29,2026-10-05,1
20260929,31183,Wheeler County,NE,11.62,88.38,8.72,0.00,0.00,0.00,2026-09-29,2026-10-05,1
20260929,31185,York County,NE,100.00,0.00,0.00,0.00,0.00,0.00,2026-09-29,2026-10-05,1
20260929,32510,Carson City,NV,0.00,100.00,94.79,0.00,0.00,0.00,2026-09-29,2026-10-05,1
20260929,32001,Churchill County,NV,0.00,100.00,100.00,11.12,0.00,0.00,2026-09-29,2026-10-05,1
20260929,32003,Clark County,NV,0.00,100.00,100.00,60.57,0.00,0.00,2026-09-29,2026-10-05,1
20260929,32005,Douglas County,NV,0.00,100.00,24.62,0.00,0.00,0.00,2026-09-29,2026-10-05,1
20260929,32007,Elko County,NV,0.00,100.00,100.00,100.00,39.29,4.71,2026-09-29,2026-10-05,1
20260929,32009,Esmeralda County,NV,0.00,100.00,77.64,0.00,0.00,0.00,2026-09-29,2026-10-05,1
20260929,32011,Eureka County,NV,0.00,100.00,100.00,100.00,0.00,0.00,2026-09-29,2026-10-05,1
20260929,32013,Humboldt County,NV,0.00,100.00,100.00,53.75,10.66,0.00,2026-09-29,2026-10-05,1
20260929,32015,Lander County,NV,0.00,100.00,100.00,94.19,0.00,0.00,2026-09-29,2026-10-05,1
20260929,32017,Lincoln County,NV,0.00,100.00,100.00,96.97,0.00,0.00,2026-09-29,2026-10-05,1
20260929,32019,Lyon County,NV,0.00,100.00,36.28,0.00,0.00,0.00,2026-09-29,2026-10-05,1
20260929,32021,Mineral County,NV,0.00,100.00,46.82,0.00,0.00,0.00,2026-09-29,2026-10-05,1
20260929,32023,Nye County,NV,0.00,100.00,100.00,29.79,0.00,0.00,2026-09-29,2026-10-05,1
20260929,32027,Pershing County,NV,0.00,100.00,100.00,63.50,0.00,0.00,2026-09-29,2026-10-05,1
20260929,32029,Storey County,NV,0.00,100.00,100.00,0.00,0.00,0.00,2026-09-29,2026-10-05,1
20260929,32031,Washoe County,NV,0.00,100.00,100.00,0.00,0.00,0.00,2026-09-29,2026-10-05,1
20260929,32033,White Pine County,NV,0.00,100.00,100.00,100.00,0.00,0.00,2026-09-29,2026-10-05,1
20260929,33001,Belknap County,NH,0.00,100.00,86.19,0.00,0.00,0.00,2026-09-29,2026-10-05,1
20260929,33003,Carroll County,NH,0.00,100.00,100.00,0.00,0.00,0.00,2026-09-29,2026-10-05,1
20260929,33005,Cheshire County,NH,39.88,60.12,0.00,0.00,0.00,0.00,2026-09-29,2026-10-05,1
20260929,33007,Coos County,NH,0.00,100.00,46.86,0.00,0.00,0.00,2026-09-29,2026-10-05,1
20260929,33009,Grafton County,NH,0.00,100.00,70.80,0.00,0.00,0.00,2026-09-29,2026-10-05,1
20260929,33011,Hillsborough County,NH,7.92,92.08,6.94,0.00,0.00,0.00,2026-09-29,2026-10-05,1
20260929,33013,Merrimack County,NH,0.00,100.00,30.68,0.00,0.00,0.00,2026-09-29,2026-10-05,1
20260929,33015,Rockingham County,NH,0.00,100.00,99.52,0.00,0.00,0.00,2026-09-29,2026-10-05,1
20260929,33017,Strafford County,NH,0.00,100.00,100.00,0.00,0.00,0.00,2026-09-29,2026-10-05,1
20260929,33019,Sullivan County,NH,1.10,98.90,0.00,0.00,0.00,0.00,2026-09-29,2026-10-05,1
20260929,34001,Atlantic County,NJ,5.56,94.44,0.00,0.00,0.00,0.00,2026-09-29,2026-10-05,1
20260929,34003,Bergen County,NJ,100.00,0.00,0.00,0.00,0.00,0.00,2026-09-29,2026-10-05,1
20260929,34005,Burlington County,NJ,61.97,38.03,0.00,0.00,0.00,0.00,2026-09-29,2026-10-05,1
20260929,34007,Camden County,NJ,100.00,0.00,0.00,0.00,0.00,0.00,2026-09-29,2026-10-05,1
20260929,34009,Cape May County,NJ,11.99,88.01,0.00,0.00,0.00,0.00,2026-09-29,2026-10-05,1
20260929,34011,Cumberland County,NJ,85.76,14.24,0.00,0.00,0.00,0.00,2026-09-29,2026-10-05,1
20260929,34013,Essex County,NJ,100.00,0.00,0.00,0.00,0.00,0.00,2026-09-29,2026-10-05,1
20260929,34015,Gloucester County,NJ,100.00,0.00,0.00,0.00,0.00,0.00,2026-09-29,2026-10-05,1
20260929,34017,Hudson County,NJ,100.00,0.00,0.00,0.00,0.00,0.00,2026-09-29,2026-10-05,1
20260929,34019,Hunterdon County,NJ,100.00,0.00,0.00,0.00,0.00,0.00,2026-09-29,2026-10-05,1
20260929,34021,Mercer County,NJ,100.00,0.00,0.00,0.00,0.00,0.00,2026-09-29,2026-10-05,1
20260929,34023,Middlesex County,NJ,100.00,0.00,0.00,0.00,0.00,0.00,2026-09-29,2026-10-05,1
20260929,34025,Monmouth County,NJ,100.00,0.00,0.00,0.00,0.00,0.00,2026-09-29,2026-10-05,1
20260929,34027,Morris County,NJ,100.00,0.00,0.00,0.00,0.00,0.00,2026-09-29,2026-10-05,1
20260929,34029,Ocean County,NJ,28.63,71.37,0.00,0.00,0.00,0.00,2026-09-29,2026-10-05,1
20260929,34031,Passaic County,NJ,100.00,0.00,0.00,0.00,0.00,0.00,2026-09-29,2026-10-05,1
20260929,34033,Salem County,NJ,100.00,0.00,0.00,0.00,0.00,0.00,2026-09-29,2026-10-05,1
20260929,34035,Somerset County,NJ,100.00,0.00,0.00,0.00,0.00,0.00,2026-09-29,2026-10-05,1
20260929,34037,Sussex County,NJ,100.00,0.00,0.00,0.00,0.00,0.00,2026-09-29,2026-10-05,1
20260929,34039,Union County,NJ,100.00,0.00,0.00,0.00,0.00,0.00,2026-09-29,2026-10-05,1
20260929,34041,Warren County,NJ,100.00,0.00,0.00,0.00,0.00,0.00,2026-09-29,2026-10-05,1
20260929,35001,Bernalillo County,NM,0.00,100.00,100.00,100.00,0.00,0.00,2026-09-29,2026-10-05,1
20260929,35003,Catron County,NM,0.00,100.00,71.92,0.86,0.00,0.00,2026-09-29,2026-10-05,1
20260929,35005,Chaves County,NM,0.00,100.00,100.00,24.99,0.00,0.00,2026-09-29,2026-10-05,1
20260929,35006,Cibola County,NM,0.00,100.00,61.36,11.82,0.00,0.00,2026-09-29,2026-10-05,1
20260929,35007,Colfax County,NM,0.00,100.00,100.00,100.00,94.58,0.00,2026-09-29,2026-10-05,1
20260929,35009,Curry County,NM,0.00,100.00,100.00,2.67,0.00,0.00,2026-09-29,2026-10-05,1
20260929,35011,DeBaca County,NM,0.00,100.00,100.00,7.69,0.00,0.00,2026-09-29,2026-10-05,1
20260929,35013,Dona Ana County,NM,46.03,53.97,29.49,0.00,0.00,0.00,2026-09-29,2026-10-05,1
20260929,35015,Eddy County,NM,0.00,100.00,100.00,17.38,0.00,0.00,2026-09-29,2026-10-05,1
20260929,35017,Grant County,NM,0.00,100.00,100.00,56.08,0.00,0.00,2026-09-29,2026-10-05,1
20260929,35019,Guadalupe County,NM,0.00,100.00,100.00,98.14,8.95,0.00,2026-09-29,2026-10-05,1
20260929,35021,Harding County,NM,0.00,100.00,100.00,100.00,67.63,0.00,2026-09-29,2026-10-05,1
20260929,35023,Hidalgo County,NM,0.00,100.00,87.06,73.06,0.00,0.00,2026-09-29,2026-10-05,1
20260929,35025,Lea County,NM,0.00,100.00,100.00,1.73,0.00,0.00,2026-09-29,2026-10-05,1
20260929,35027,Lincoln County,NM,0.00,100.00,99.68,70.20,26.65,0.00,2026-09-29,2026-10-05,1
20260929,35028,Los Alamos County,NM,0.00,100.00,100.00,100.00,100.00,0.00,2026-09-29,2026-10-05,1
20260929,35029,Luna County,NM,1.63,98.37,81.41,33.52,0.00,0.00,2026-09-29,2026-10-05,1
20260929,35031,McKinley County,NM,0.00,100.00,97.23,11.93,0.00,0.00,2026-09-29,2026-10-05,1
20260929,35033,Mora County,NM,0.00,100.00,100.00,100.00,35.86,0.00,2026-09-29,2026-10-05,1
20260929,35035,Otero County,NM,1.00,99.00,76.93,23.57,0.00,0.00,2026-09-29,2026-10-05,1
20260929,35037,Quay County,NM,0.00,100.00,100.00,93.66,0.00,0.00,2026-09-29,2026-10-05,1
20260929,35039,Rio Arriba County,NM,0.00,100.00,100.00,95.06,60.80,0.00,2026-09-29,2026-10-05,1
20260929,35041,Roosevelt County,NM,0.00,100.00,100.00,0.00,0.00,0.00,2026-09-29,2026-10-05,1
20260929,35045,San Juan County,NM,0.00,100.00,100.00,80.44,0.00,0.00,2026-09-29,2026-10-05,1
20260929,35047,San Miguel County,NM,0.00,100.00,100.00,100.00,20.18,0.00,2026-09-29,2026-10-05,1
20260929,35043,Sandoval County,NM,0.00,100.00,100.00,95.36,11.11,0.00,2026-09-29,2026-10-05,1
20260929,35049,Santa Fe County,NM,0.00,100.00,100.00,100.00,86.81,0.00,2026-09-29,2026-10-05,1
20260929,35051,Sierra County,NM,0.00,100.00,99.89,0.00,0.00,0.00,2026-09-29,2026-10-05,1
20260929,35053,Socorro County,NM,0.00,100.00,46.59,2.77,0.00,0.00,2026-09-29,2026-10-05,1
20260929,35055,Taos County,NM,0.00,100.00,100.00,100.00,69.54,0.00,2026-09-29,2026-10-05,1
20260929,35057,Torrance County,NM,0.00,100.00,100.00,98.01,62.10,0.00,2026-09-29,2026-10-05,1
20260929,35059,Union County,NM,0.00,100.00,100.00,98.46,48.54,0.00,2026-09-29,2026-10-05,1
20260929,35061,Valencia County,NM,0.00,100.00,100.00,98.79,0.00,0.00,2026-09-29,2026-10-05,1
20260929,36001,Albany County,NY,100.00,0.00,0.00,0.00,0.00,0.00,2026-09-29,2026-10-05,1
20260929,36003,Allegany County,NY,81.79,18.21,0.00,0.00,0.00,0.00,2026-09-29,2026-10-05,1
20260929,36005,Bronx County,NY,100.00,0.00,0.00,0.00,0.00,0.00,2026-09-29,2026-10-05,1
20260929,36007,Broome County,NY,100.00,0.00,0.00,0.00,0.00,0.00,2026-09-29,2026-10-05,1
20260929,36009,Cattaraugus County,NY,68.57,31.43,0.00,0.00,0.00,0.00,2026-09-29,2026-10-05,1
20260929,36011,Cayuga County,NY,37.11,62.89,0.00,0.00,0.00,0.00,2026-09-29,2026-10-05,1
20260929,36013,Chautauqua County,NY,43.37,56.63,0.00,0.00,0.00,0.00,2026-09-29,2026-10-05,1
20260929,36015,Chemung County,NY,100.00,0.00,0.00,0.00,0.00,0.00,2026-09-29,2026-10-05,1
20260929,36017,Chenango County,NY,100.00,0.00,0.00,0.00,0.00,0.00,2026-09-29,2026-10-05,1
20260929,36019,Clinton County,NY,8.91,91.09,0.00,0.00,0.00,0.00,2026-09-29,2026-10-05,1
20260929,36021,Columbia County,NY,100.00,0.00,0.00,0.00,0.00,0.00,2026-09-29,2026-10-05,1
20260929,36023,Cortland County,NY,100.00,0.00,0.00,0.00,0.00,0.00,2026-09-29,2026-10-05,1
20260929,36025,Delaware County,NY,100.00,0.00,0.00,0.00,0.00,0.00,2026-09-29,2026-10-05,1
20260929,36027,Dutchess County,NY,97.84,2.16,0.00,0.00,0.00,0.00,2026-09-29,2026-10-05,1
20260929,36029,Erie County,NY,24.12,75.88,0.00,0.00,0.00,0.00,2026-09-29,2026-10-05,1
20260929,36031,Essex County,NY,25.90,74.10,0.00,0.00,0.00,0.00,2026-09-29,2026-10-05,1
20260929,36033,Franklin County,NY,71.34,28.66,0.00,0.00,0.00,0.00,2026-09-29,2026-10-05,1
20260929,36035,Fulton County,NY,65.42,34.58,0.00,0.00,0.00,0.00,2026-09-29,2026-10-05,1
20260929,36037,Genesee County,NY,75.84,24.16,0.00,0.00,0.00,0.00,2026-09-29,2026-10-05,1
20260929,36039,Greene County,NY,100.00,0.00,0.00,0.00,0.00,0.00,2026-09-29,2026-10-05,1
20260929,36041,Hamilton County,NY,13.70,86.30,0.00,0.00,0.00,0.00,2026-09-29,2026-10-05,1
20260929,36043,Herkimer County,NY,9.54,90.46,0.00,0.00,0.00,0.00,2026-09-29,2026-10-05,1
20260929,36045,Jefferson County,NY,100.00,0.00,0.00,0.00,0.00,0.00,2026-09-29,2026-10-05,1
20260929,36047,Kings County,NY,100.00,0.00,0.00,0.00,0.00,0.00,2026-09-29,2026-10-05,1
20260929,36049,Lewis County,NY,66.13,33.87,0.00,0.00,0.00,0.00,2026-09-29,2026-10-05,1
20260929,36051,Livingston County,NY,5.99,94.01,0.00,0.00,0.00,0.00,2026-09-29,2026-10-05,1
20260929,36053,Madison County,NY,38.03,61.97,0.00,0.00,0.00,0.00,2026-09-29,2026-10-05,1
20260929,36055,Monroe County,NY,99.43,0.57,0.00,0.00,0.00,0.00,2026-09-29,2026-10-05,1
20260929,36057,Montgomery County,NY,98.63,1.37,0.00,0.00,0.00,0.00,2026-09-29,2026-10-05,1
20260929,36059,Nassau County,NY,100.00,0.00,0.00,0.00,0.00,0.00,2026-09-29,2026-10-05,1
20260929,36061,New York County,NY,100.00,0.00,0.00,0.00,0.00,0.00,2026-09-29,2026-10-05,1
20260929,36063,Niagara County,NY,100.00,0.00,0.00,0.00,0.00,0.00,2026-09-29,2026-10-05,1
20260929,36065,Oneida County,NY,0.00,100.00,0.00,0.00,0.00,0.00,2026-09-29,2026-10-05,1
20260929,36067,Onondaga County,NY,16.89,83.11,0.00,0.00,0.00,0.00,2026-09-29,2026-10-05,1
20260929,36069,Ontario County,NY,5.16,94.84,0.00,0.00,0.00,0.00,2026-09-29,2026-10-05,1
20260929,36071,Orange County,NY,100.00,0.00,0.00,0.00,0.00,0.00,2026-09-29,2026-10-05,1
20260929,36073,Orleans County,NY,100.00,0.00,0.00,0.00,0.00,0.00,2026-09-29,2026-10-05,1
20260929,36075,Oswego County,NY,14.88,85.12,0.00,0.00,0.00,0.00,2026-09-29,2026-10-05,1
20260929,36077,Otsego County,NY,97.60,2.40,0.00,0.00,0.00,0.00,2026-09-29,2026-10-05,1
20260929,36079,Putnam County,NY,100.00,0.00,0.00,0.00,0.00,0.00,2026-09-29,2026-10-05,1
20260929,36081,Queens County,NY,100.00,0.00,0.00,0.00,0.00,0.00,2026-09-29,2026-10-05,1
20260929,36083,Rensselaer County,NY,100.00,0.00,0.00,0.00,0.00,0.00,2026-09-29,2026-10-05,1
20260929,36085,Richmond County,NY,100.00,0.00,0.00,0.00,0.00,0.00,2026-09-29,2026-10-05,1
20260929,36087,Rockland County,NY,100.00,0.00,0.00,0.00,0.00,0.00,2026-09-29,2026-10-05,1
20260929,36089,Saint Lawrence County,NY,96.66,3.34,0.00,0.00,0.00,0.00,2026-09-29,2026-10-05,1
20260929,36091,Saratoga County,NY,100.00,0.00,0.00,0.00,0.00,0.00,2026-09-29,2026-10-05,1
20260929,36093,Schenectady County,NY,100.00,0.00,0.00,0.00,0.00,0.00,2026-09-29,2026-10-05,1
20260929,36095,Schoharie County,NY,100.00,0.00,0.00,0.00,0.00,0.00,2026-09-29,2026-10-05,1
20260929,36097,Schuyler County,NY,100.00,0.00,0.00,0.00,0.00,0.00,2026-09-29,2026-10-05,1
20260929,36099,Seneca County,NY,24.46,75.54,0.00,0.00,0.00,0.00,2026-09-29,2026-10-05,1
20260929,36101,Steuben County,NY,84.53,15.47,0.00,0.00,0.00,0.00,2026-09-29,2026-10-05,1
20260929,36103,Suffolk County,NY,76.66,23.34,0.00,0.00,0.00,0.00,2026-09-29,2026-10-05,1
20260929,36105,Sullivan County,NY,100.00,0.00,0.00,0.00,0.00,0.00,2026-09-29,2026-10-05,1
20260929,36107,Tioga County,NY,100.00,0.00,0.00,0.00,0.00,0.00,2026-09-29,2026-10-05,1
20260929,36109,Tompkins County,NY,100.00,0.00,0.00,0.00,0.00,0.00,2026-09-29,2026-10-05,1
20260929,36111,Ulster County,NY,100.00,0.00,0.00,0.00,0.00,0.00,2026-09-29,2026-10-05,1
20260929,36113,Warren County,NY,94.43,5.57,0.00,0.00,0.00,0.00,2026-09-29,2026-10-05,1
20260929,36115,Washington County,NY,100.00,0.00,0.00,0.00,0.00,0.00,2026-09-29,2026-10-05,1
20260929,36117,Wayne County,NY,34.39,65.61,0.00,0.00,0.00,0.00,2026-09-29,2026-10-05,1
20260929,36119,Westchester County,NY,100.00,0.00,0.00,0.00,0.00,0.00,2026-09-29,2026-10-05,1
20260929,36121,Wyoming County,NY,0.00,100.00,0.00,0.00,0.00,0.00,2026-09-29,2026-10-05,1
20260929,36123,Yates County,NY,5.09,94.91,0.00,0.00,0.00,0.00,2026-09-29,2026-10-05,1
20260929,37001,Alamance County,NC,0.00,100.00,97.34,27.54,0.03,0.00,2026-09-29,2026-10-05,1
20260929,37003,Alexander County,NC,27.48,72.52,0.00,0.00,0.00,0.00,2026-09-29,2026-10-05,1
20260929,37005,Alleghany County,NC,0.00,100.00,2.92,0.00,0.00,0.00,2026-09-29,2026-10-05,1
20260929,37007,Anson County,NC,0.00,100.00,100.00,0.00,0.00,0.00,2026-09-29,2026-10-05,1
20260929,37009,Ashe County,NC,0.00,100.00,0.00,0.00,0.00,0.00,2026-09-29,2026-10-05,1
20260929,37011,Avery County,NC,37.28,62.72,0.00,0.00,0.00,0.00,2026-09-29,2026-10-05,1
20260929,37013,Beaufort County,NC,41.24,58.76,21.36,0.00,0.00,0.00,2026-09-29,2026-10-05,1
20260929,37015,Bertie County,NC,0.00,100.00,78.55,3.42,0.00,0.00,2026-09-29,2026-10-05,1
20260929,37017,Bladen County,NC,0.00,100.00,86.82,71.86,0.00,0.00,2026-09-29,2026-10-05,1
20260929,37019,Brunswick County,NC,0.00,100.00,95.36,48.81,32.55,0.00,2026-09-29,2026-10-05,1
20260929,37021,Buncombe County,NC,16.20,83.80,0.06,0.00,0.00,0.00,2026-09-29,2026-10-05,1
20260929,37023,Burke County,NC,92.77,7.23,0.00,0.00,0.00,0.00,2026-09-29,2026-10-05,1
20260929,37025,Cabarrus County,NC,0.00,100.00,47.98,0.00,0.00,0.00,2026-09-29,2026-10-05,1
20260929,37027,Caldwell County,NC,99.49,0.51,0.00,0.00,0.00,0.00,2026-09-29,2026-10-05,1
20260929,37029,Camden County,NC,0.00,100.00,0.00,0.00,0.00,0.00,2026-09-29,2026-10-05,1
20260929,37031,Carteret County,NC,8.11,91.89,26.39,0.00,0.00,0.00,2026-09-29,2026-10-05,1
20260929,37033,Caswell County,NC,0.00,100.00,100.00,100.00,75.81,0.00,2026-09-29,2026-10-05,1
20260929,37035,Catawba County,NC,0.00,100.00,51.46,0.00,0.00,0.00,2026-09-29,2026-10-05,1
20260929,37037,Chatham County,NC,0.00,100.00,71.76,38.63,0.00,0.00,2026-09-29,2026-10-05,1
20260929,37039,Cherokee County,NC,2.42,97.58,11.09,0.00,0.00,0.00,2026-09-29,2026-10-05,1
20260929,37041,Chowan County,NC,0.00,100.00,0.00,0.00,0.00,0.00,2026-09-29,2026-10-05,1
20260929,37043,Clay County,NC,0.00,100.00,17.24,0.00,0.00,0.00,2026-09-29,2026-10-05,1
20260929,37045,Cleveland County,NC,7.73,92.27,17.43,0.00,0.00,0.00,2026-09-29,2026-10-05,1
20260929,37047,Columbus County,NC,0.00,100.00,100.00,95.20,2.14,0.00,2026-09-29,2026-10-05,1
20260929,37049,Craven County,NC,0.00,100.00,49.25,13.93,0.00,0.00,2026-09-29,2026-10-05,1
20260929,37051,Cumberland County,NC,0.00,100.00,17.14,1.10,0.00,0.00,2026-09-29,2026-10-05,1
20260929,37053,Currituck County,NC,0.00,100.00,0.00,0.00,0.00,0.00,2026-09-29,2026-10-05,1
20260929,37055,Dare County,NC,92.07,7.93,0.00,0.00,0.00,0.00,2026-09-29,2026-10-05,1
20260929,37057,Davidson County,NC,0.00,100.00,29.28,0.00,0.00,0.00,2026-09-29,2026-10-05,1
20260929,37059,Davie County,NC,0.00,100.00,37.12,0.08,0.00,0.00,2026-09-29,2026-10-05,1
20260929,37061,Duplin County,NC,0.00,100.00,99.11,56.95,0.00,0.00,2026-09-29,2026-10-05,1
20260929,37063,Durham County,NC,0.00,100.00,100.00,48.22,0.00,0.00,2026-09-29,2026-10-05,1
20260929,37065,Edgecombe County,NC,0.00,100.00,100.00,13.59,0.00,0.00,2026-09-29,2026-10-05,1
20260929,37067,Forsyth County,NC,0.00,100.00,100.00,64.37,4.58,0.00,2026-09-29,2026-10-05,1
20260929,37069,Franklin County,NC,0.00,100.00,100.00,98.30,0.00,0.00,2026-09-29,2026-10-05,1
20260929,37071,Gaston County,NC,0.00,100.00,1.80,0.00,0.00,0.00,2026-09-29,2026-10-05,1
20260929,37073,Gates County,NC,0.00,100.00,28.16,0.00,0.00,0.00,2026-09-29,2026-10-05,1
20260929,37075,Graham County,NC,15.10,84.90,0.54,0.00,0.00,0.00,2026-09-29,2026-10-05,1
20260929,37077,Granville County,NC,0.00,100.00,100.00,49.42,18.90,0.00,2026-09-29,2026-10-05,1
20260929,37079,Greene County,NC,0.00,100.00,100.00,100.00,38.68,0.00,2026-09-29,2026-10-05,1
20260929,37081,Guilford County,NC,0.00,100.00,100.00,55.94,33.23,9.65,2026-09-29,2026-10-05,1
20260929,37083,Halifax County,NC,0.00,100.00,100.00,56.22,37.84,0.00,2026-09-29,2026-10-05,1
20260929,37085,Harnett County,NC,0.00,100.00,94.24,54.61,0.00,0.00,2026-09-29,2026-10-05,1
20260929,37087,Haywood County,NC,0.06,99.94,70.14,4.05,0.00,0.00,2026-09-29,2026-10-05,1
20260929,37089,Henderson County,NC,32.84,67.16,54.30,1.56,0.00,0.00,2026-09-29,2026-10-05,1
20260929,37091,Hertford County,NC,0.00,100.00,94.82,49.63,0.00,0.00,2026-09-29,2026-10-05,1
20260929,37093,Hoke County,NC,0.00,100.00,4.87,0.00,0.00,0.00,2026-09-29,2026-10-05,1
20260929,37095,Hyde County,NC,100.00,0.00,0.00,0.00,0.00,0.00,2026-09-29,2026-10-05,1
20260929,37097,Iredell County,NC,0.00,100.00,4.76,0.00,0.00,0.00,2026-09-29,2026-10-05,1
20260929,37099,Jackson County,NC,0.00,100.00,100.00,0.61,0.00,0.00,2026-09-29,2026-10-05,1
20260929,37101,Johnston County,NC,0.00,100.00,100.00,46.81,0.00,0.00,2026-09-29,2026-10-05,1
20260929,37103,Jones County,NC,0.00,100.00,95.40,23.01,0.00,0.00,2026-09-29,2026-10-05,1
20260929,37105,Lee County,NC,0.00,100.00,100.00,26.99,0.00,0.00,2026-09-29,2026-10-05,1
20260929,37107,Lenoir County,NC,0.00,100.00,100.00,100.00,49.79,0.00,2026-09-29,2026-10-05,1
20260929,37109,Lincoln County,NC,0.00,100.00,43.33,0.00,0.00,0.00,2026-09-29,2026-10-05,1
20260929,37113,Macon County,NC,0.00,100.00,99.80,0.00,0.00,0.00,2026-09-29,2026-10-05,1
20260929,37115,Madison County,NC,34.49,65.51,0.09,0.00,0.00,0.00,2026-09-29,2026-10-05,1
20260929,37117,Martin County,NC,0.00,100.00,79.35,0.00,0.00,0.00,2026-09-29,2026-10-05,1
20260929,37111,McDowell County,NC,99.92,0.08,0.00,0.00,0.00,0.00,2026-09-29,2026-10-05,1
20260929,37119,Mecklenburg County,NC,0.00,100.00,22.58,0.00,0.00,0.00,2026-09-29,2026-10-05,1
20260929,37121,Mitchell County,NC,11.98,88.02,0.00,0.00,0.00,0.00,2026-09-29,2026-10-05,1
20260929,37123,Montgomery County,NC,0.00,100.00,100.00,0.00,0.00,0.00,2026-09-29,2026-10-05,1
20260929,37125,Moore County,NC,0.00,100.00,90.39,0.00,0.00,0.00,2026-09-29,2026-10-05,1
20260929,37127,Nash County,NC,0.00,100.00,100.00,44.21,2.73,0.00,2026-09-29,2026-10-05,1
20260929,37129,New Hanover County,NC,0.00,100.00,7.09,0.00,0.00,0.00,2026-09-29,2026-10-05,1
20260929,37131,Northampton County,NC,0.00,100.00,100.00,66.63,13.29,0.00,2026-09-29,2026-10-05,1
20260929,37133,Onslow County,NC,0.00,100.00,90.08,0.00,0.00,0.00,2026-09-29,2026-10-05,1
20260929,37135,Orange County,NC,0.00,100.00,100.00,34.43,0.00,0.00,2026-09-29,2026-10-05,1
20260929,37137,Pamlico County,NC,28.09,71.91,0.00,0.00,0.00,0.00,2026-09-29,2026-10-05,1
20260929,37139,Pasquotank County,NC,0.00,100.00,0.00,0.00,0.00,0.00,2026-09-29,2026-10-05,1
20260929,37141,Pender County,NC,0.00,100.00,46.15,15.82,0.00,0.00,2026-09-29,2026-10-05,1
20260929,37143,Perquimans County,NC,0.00,100.00,0.00,0.00,0.00,0.00,2026-09-29,2026-10-05,1
20260929,37145,Person County,NC,0.00,100.00,100.00,99.37,55.68,0.00,2026-09-29,2026-10-05,1
20260929,37147,Pitt County,NC,0.00,100.00,100.00,60.67,0.00,0.00,2026-09-29,2026-10-05,1
20260929,37149,Polk County,NC,81.94,18.06,6.84,0.00,0.00,0.00,2026-09-29,2026-10-05,1
20260929,37151,Randolph County,NC,0.00,100.00,23.75,0.00,0.00,0.00,2026-09-29,2026-10-05,1
20260929,37153,Richmond County,NC,0.00,100.00,77.72,0.00,0.00,0.00,2026-09-29,2026-10-05,1
20260929,37155,Robeson County,NC,0.00,100.00,76.41,59.74,0.00,0.00,2026-09-29,2026-10-05,1
20260929,37157,Rockingham County,NC,0.00,100.00,100.00,100.00,99.81,18.17,2026-09-29,2026-10-05,1
20260929,37159,Rowan County,NC,0.00,100.00,8.91,0.00,0.00,0.00,2026-09-29,2026-10-05,1
20260929,37161,Rutherford County,NC,85.87,14.13,0.00,0.00,0.00,0.00,2026-09-29,2026-10-05,1
20260929,37163,Sampson County,NC,0.00,100.00,89.29,24.96,0.00,0.00,2026-09-29,2026-10-05,1
20260929,37165,Scotland County,NC,0.00,100.00,26.46,2.24,0.00,0.00,2026-09-29,2026-10-05,1
20260929,37167,Stanly County,NC,0.00,100.00,100.00,0.00,0.00,0.00,2026-09-29,2026-10-05,1
20260929,37169,Stokes County,NC,0.00,100.00,100.00,65.33,32.23,0.00,2026-09-29,2026-10-05,1
20260929,37171,Surry County,NC,0.00,100.00,100.00,0.54,0.00,0.00,2026-09-29,2026-10-05,1
20260929,37173,Swain County,NC,0.00,100.00,71.33,0.00,0.00,0.00,2026-09-29,2026-10-05,1
20260929,37175,Transylvania County,NC,0.00,100.00,100.00,40.33,0.00,0.00,2026-09-29,2026-10-05,1
20260929,37177,Tyrrell County,NC,100.00,0.00,0.00,0.00,0.00,0.00,2026-09-29,2026-10-05,1
20260929,37179,Union County,NC,0.00,100.00,100.00,0.00,0.00,0.00,2026-09-29,2026-10-05,1
20260929,37181,Vance County,NC,0.00,100.00,100.00,62.81,0.00,0.00,2026-09-29,2026-10-05,1
20260929,37183,Wake County,NC,0.00,100.00,100.00,99.47,0.00,0.00,2026-09-29,2026-10-05,1
20260929,37185,Warren County,NC,0.00,100.00,100.00,100.00,32.25,0.00,2026-09-29,2026-10-05,1
20260929,37187,Washington County,NC,87.76,12.24,0.00,0.00,0.00,0.00,2026-09-29,2026-10-05,1
20260929,37189,Watauga County,NC,18.02,81.98,0.00,0.00,0.00,0.00,2026-09-29,2026-10-05,1
20260929,37191,Wayne County,NC,0.00,100.00,100.00,100.00,0.00,0.00,2026-09-29,2026-10-05,1
20260929,37193,Wilkes County,NC,33.67,66.33,8.16,0.00,0.00,0.00,2026-09-29,2026-10-05,1
20260929,37195,Wilson County,NC,0.00,100.00,100.00,68.34,0.00,0.00,2026-09-29,2026-10-05,1
20260929,37197,Yadkin County,NC,0.00,100.00,99.64,58.31,0.00,0.00,2026-09-29,2026-10-05,1
20260929,37199,Yancey County,NC,6.12,93.88,0.00,0.00,0.00,0.00,2026-09-29,2026-10-05,1
20260929,38001,Adams County,ND,0.00,100.00,21.55,0.30,0.00,0.00,2026-09-29,2026-10-05,1
20260929,38003,Barnes County,ND,0.00,100.00,100.00,85.00,0.10,0.00,2026-09-29,2026-10-05,1
20260929,38005,Benson County,ND,98.97,1.03,0.00,0.00,0.00,0.00,2026-09-29,2026-10-05,1
20260929,38007,Billings County,ND,0.00,100.00,100.00,100.00,17.70,0.00,2026-09-29,2026-10-05,1
20260929,38009,Bottineau County,ND,100.00,0.00,0.00,0.00,0.00,0.00,2026-09-29,2026-10-05,1
20260929,38011,Bowman County,ND,0.00,100.00,100.00,98.77,47.75,0.00,2026-09-29,2026-10-05,1
20260929,38013,Burke County,ND,100.00,0.00,0.00,0.00,0.00,0.00,2026-09-29,2026-10-05,1
20260929,38015,Burleigh County,ND,0.00,100.00,100.00,64.46,0.00,0.00,2026-09-29,2026-10-05,1
20260929,38017,Cass County,ND,0.00,100.00,100.00,100.00,13.38,0.00,2026-09-29,2026-10-05,1
20260929,38019,Cavalier County,ND,100.00,0.00,0.00,0.00,0.00,0.00,2026-09-29,2026-10-05,1
20260929,38021,Dickey County,ND,13.71,86.29,38.80,7.37,0.00,0.00,2026-09-29,2026-10-05,1
20260929,38023,Divide County,ND,100.00,0.00,0.00,0.00,0.00,0.00,2026-09-29,2026-10-05,1
20260929,38025,Dunn County,ND,0.00,100.00,99.82,97.15,0.00,0.00,2026-09-29,2026-10-05,1
20260929,38027,Eddy County,ND,10.04,89.96,59.29,0.00,0.00,0.00,2026-09-29,2026-10-05,1
20260929,38029,Emmons County,ND,0.00,100.00,89.34,10.87,0.00,0.00,2026-09-29,2026-10-05,1
20260929,38031,Foster County,ND,0.00,100.00,88.81,0.00,0.00,0.00,2026-09-29,2026-10-05,1
20260929,38033,Golden Valley County,ND,0.00,100.00,100.00,100.00,100.00,0.00,2026-09-29,2026-10-05,1
20260929,38035,Grand Forks County,ND,10.30,89.70,66.28,0.00,0.00,0.00,2026-09-29,2026-10-05,1
20260929,38037,Grant County,ND,0.00,100.00,99.62,14.73,0.00,0.00,2026-09-29,2026-10-05,1
20260929,38039,Griggs County,ND,0.00,100.00,100.00,59.26,0.00,0.00,2026-09-29,2026-10-05,1
20260929,38041,Hettinger County,ND,0.00,100.00,31.35,0.00,0.00,0.00,2026-09-29,2026-10-05,1
20260929,38043,Kidder County,ND,0.00,100.00,89.62,0.00,0.00,0.00,2026-09-29,2026-10-05,1
20260929,38045,LaMoure County,ND,0.00,100.00,98.86,26.90,2.84,0.00,2026-09-29,2026-10-05,1
20260929,38047,Logan County,ND,0.00,100.00,22.62,0.00,0.00,0.00,2026-09-29,2026-10-05,1
20260929,38049,McHenry County,ND,86.89,13.11,3.85,0.00,0.00,0.00,2026-09-29,2026-10-05,1
20260929,38051,McIntosh County,ND,1.51,98.49,13.30,0.00,0.00,0.00,2026-09-29,2026-10-05,1
20260929,38053,McKenzie County,ND,0.00,100.00,95.66,74.43,22.92,0.00,2026-09-29,2026-10-05,1
20260929,38055,McLean County,ND,0.00,100.00,96.23,41.76,0.00,0.00,2026-09-29,2026-10-05,1
20260929,38057,Mercer County,ND,0.00,100.00,100.00,99.99,0.00,0.00,2026-09-29,2026-10-05,1
20260929,38059,Morton County,ND,0.00,100.00,100.00,95.08,0.00,0.00,2026-09-29,2026-10-05,1
20260929,38061,Mountrail County,ND,31.81,68.19,9.15,0.02,0.00,0.00,2026-09-29,2026-10-05,1
20260929,38063,Nelson County,ND,10.67,89.33,50.94,0.00,0.00,0.00,2026-09-29,2026-10-05,1
20260929,38065,Oliver County,ND,0.00,100.00,100.00,100.00,0.00,0.00,2026-09-29,2026-10-05,1
20260929,38067,Pembina County,ND,100.00,0.00,0.00,0.00,0.00,0.00,2026-09-29,2026-10-05,1
20260929,38069,Pierce County,ND,99.67,0.33,0.00,0.00,0.00,0.00,2026-09-29,2026-10-05,1
20260929,38071,Ramsey County,ND,99.96,0.04,0.00,0.00,0.00,0.00,2026-09-29,2026-10-05,1
20260929,38073,Ransom County,ND,0.00,100.00,100.00,100.00,91.48,0.00,2026-09-29,2026-10-05,1
20260929,38075,Renville County,ND,100.00,0.00,0.00,0.00,0.00,0.00,2026-09-29,2026-10-05,1
20260929,38077,Richland County,ND,0.00,100.00,100.00,100.00,82.37,0.00,2026-09-29,2026-10-05,1
20260929,38079,Rolette County,ND,100.00,0.00,0.00,0.00,0.00,0.00,2026-09-29,2026-10-05,1
20260929,38081,Sargent County,ND,0.00,100.00,100.00,92.67,27.55,0.00,2026-09-29,2026-10-05,1
20260929,38083,Sheridan County,ND,0.11,99.89,93.04,39.06,0.00,0.00,2026-09-29,2026-10-05,1
20260929,38085,Sioux County,ND,0.00,100.00,100.00,23.60,0.00,0.00,2026-09-29,2026-10-05,1
20260929,38087,Slope County,ND,0.00,100.00,100.00,94.67,34.79,0.00,2026-09-29,2026-10-05,1
20260929,38089,Stark County,ND,0.00,100.00,100.00,18.89,0.00,0.00,2026-09-29,2026-10-05,1
20260929,38091,Steele County,ND,0.00,100.00,100.00,70.57,0.00,0.00,2026-09-29,2026-10-05,1
20260929,38093,Stutsman County,ND,0.00,100.00,79.18,0.00,0.00,0.00,2026-09-29,2026-10-05,1
20260929,38095,Towner County,ND,100.00,0.00,0.00,0.00,0.00,0.00,2026-09-29,2026-10-05,1
20260929,38097,Traill County,ND,0.00,100.00,100.00,58.33,0.00,0.00,2026-09-29,2026-10-05,1
20260929,38099,Walsh County,ND,100.00,0.00,0.00,0.00,0.00,0.00,2026-09-29,2026-10-05,1
20260929,38101,Ward County,ND,77.69,22.31,5.34,0.00,0.00,0.00,2026-09-29,2026-10-05,1
20260929,38103,Wells County,ND,6.66,93.34,31.86,0.00,0.00,0.00,2026-09-29,2026-10-05,1
20260929,38105,Williams County,ND,54.16,45.84,11.73,0.00,0.00,0.00,2026-09-29,2026-10-05,1
20260929,39001,Adams County,OH,100.00,0.00,0.00,0.00,0.00,0.00,2026-09-29,2026-10-05,1
20260929,39003,Allen County,OH,100.00,0.00,0.00,0.00,0.00,0.00,2026-09-29,2026-10-05,1
20260929,39005,Ashland County,OH,100.00,0.00,0.00,0.00,0.00,0.00,2026-09-29,2026-10-05,1
20260929,39007,Ashtabula County,OH,74.70,25.30,0.00,0.00,0.00,0.00,2026-09-29,2026-10-05,1
20260929,39009,Athens County,OH,100.00,0.00,0.00,0.00,0.00,0.00,2026-09-29,2026-10-05,1
20260929,39011,Auglaize County,OH,100.00,0.00,0.00,0.00,0.00,0.00,2026-09-29,2026-10-05,1
20260929,39013,Belmont County,OH,100.00,0.00,0.00,0.00,0.00,0.00,2026-09-29,2026-10-05,1
20260929,39015,Brown County,OH,100.00,0.00,0.00,0.00,0.00,0.00,2026-09-29,2026-10-05,1
20260929,39017,Butler County,OH,100.00,0.00,0.00,0.00,0.00,0.00,2026-09-29,2026-10-05,1
20260929,39019,Carroll County,OH,100.00,0.00,0.00,0.00,0.00,0.00,2026-09-29,2026-10-05,1
20260929,39021,Champaign County,OH,100.00,0.00,0.00,0.00,0.00,0.00,2026-09-29,2026-10-05,1
20260929,39023,Clark County,OH,100.00,0.00,0.00,0.00,0.00,0.00,2026-09-29,2026-10-05,1
20260929,39025,Clermont County,OH,100.00,0.00,0.00,0.00,0.00,0.00,2026-09-29,2026-10-05,1
20260929,39027,Clinton County,OH,100.00,0.00,0.00,0.00,0.00,0.00,2026-09-29,2026-10-05,1
20260929,39029,Columbiana County,OH,100.00,0.00,0.00,0.00,0.00,0.00,2026-09-29,2026-10-05,1
20260929,39031,Coshocton County,OH,100.00,0.00,0.00,0.00,0.00,0.00,2026-09-29,2026-10-05,1
20260929,39033,Crawford County,OH,100.00,0.00,0.00,0.00,0.00,0.00,2026-09-29,2026-10-05,1
20260929,39035,Cuyahoga County,OH,100.00,0.00,0.00,0.00,0.00,0.00,2026-09-29,2026-10-05,1
20260929,39037,Darke County,OH,100.00,0.00,0.00,0.00,0.00,0.00,2026-09-29,2026-10-05,1
20260929,39039,Defiance County,OH,100.00,0.00,0.00,0.00,0.00,0.00,2026-09-29,2026-10-05,1
20260929,39041,Delaware County,OH,100.00,0.00,0.00,0.00,0.00,0.00,2026-09-29,2026-10-05,1
20260929,39043,Erie County,OH,100.00,0.00,0.00,0.00,0.00,0.00,2026-09-29,2026-10-05,1
20260929,39045,Fairfield County,OH,100.00,0.00,0.00,0.00,0.00,0.00,2026-09-29,2026-10-05,1
20260929,39047,Fayette County,OH,100.00,0.00,0.00,0.00,0.00,0.00,2026-09-29,2026-10-05,1
20260929,39049,Franklin County,OH,100.00,0.00,0.00,0.00,0.00,0.00,2026-09-29,2026-10-05,1
20260929,39051,Fulton County,OH,100.00,0.00,0.00,0.00,0.00,0.00,2026-09-29,2026-10-05,1
20260929,39053,Gallia County,OH,100.00,0.00,0.00,0.00,0.00,0.00,2026-09-29,2026-10-05,1
20260929,39055,Geauga County,OH,100.00,0.00,0.00,0.00,0.00,0.00,2026-09-29,2026-10-05,1
20260929,39057,Greene County,OH,100.00,0.00,0.00,0.00,0.00,0.00,2026-09-29,2026-10-05,1
20260929,39059,Guernsey County,OH,100.00,0.00,0.00,0.00,0.00,0.00,2026-09-29,2026-10-05,1
20260929,39061,Hamilton County,OH,100.00,0.00,0.00,0.00,0.00,0.00,2026-09-29,2026-10-05,1
20260929,39063,Hancock County,OH,100.00,0.00,0.00,0.00,0.00,0.00,2026-09-29,2026-10-05,1
20260929,39065,Hardin County,OH,100.00,0.00,0.00,0.00,0.00,0.00,2026-09-29,2026-10-05,1
20260929,39067,Harrison County,OH,100.00,0.00,0.00,0.00,0.00,0.00,2026-09-29,2026-10-05,1
20260929,39069,Henry County,OH,100.00,0.00,0.00,0.00,0.00,0.00,2026-09-29,2026-10-05,1
20260929,39071,Highland County,OH,100.00,0.00,0.00,0.00,0.00,0.00,2026-09-29,2026-10-05,1
20260929,39073,Hocking County,OH,100.00,0.00,0.00,0.00,0.00,0.00,2026-09-29,2026-10-05,1
20260929,39075,Holmes County,OH,100.00,0.00,0.00,0.00,0.00,0.00,2026-09-29,2026-10-05,1
20260929,39077,Huron County,OH,100.00,0.00,0.00,0.00,0.00,0.00,2026-09-29,2026-10-05,1
20260929,39079,Jackson County,OH,100.00,0.00,0.00,0.00,0.00,0.00,2026-09-29,2026-10-05,1
20260929,39081,Jefferson County,OH,100.00,0.00,0.00,0.00,0.00,0.00,2026-09-29,2026-10-05,1
20260929,39083,Knox County,OH,100.00,0.00,0.00,0.00,0.00,0.00,2026-09-29,2026-10-05,1
20260929,39085,Lake County,OH,87.25,12.75,0.00,0.00,0.00,0.00,2026-09-29,2026-10-05,1
20260929,39087,Lawrence County,OH,100.00,0.00,0.00,0.00,0.00,0.00,2026-09-29,2026-10-05,1
20260929,39089,Licking County,OH,100.00,0.00,0.00,0.00,0.00,0.00,2026-09-29,2026-10-05,1
20260929,39091,Logan County,OH,100.00,0.00,0.00,0.00,0.00,0.00,2026-09-29,2026-10-05,1
20260929,39093,Lorain County,OH,100.00,0.00,0.00,0.00,0.00,0.00,2026-09-29,2026-10-05,1
20260929,39095,Lucas County,OH,100.00,0.00,0.00,0.00,0.00,0.00,2026-09-29,2026-10-05,1
20260929,39097,Madison County,OH,100.00,0.00,0.00,0.00,0.00,0.00,2026-09-29,2026-10-05,1
20260929,39099,Mahoning County,OH,100.00,0.00,0.00,0.00,0.00,0.00,2026-09-29,2026-10-05,1
20260929,39101,Marion County,OH,100.00,0.00,0.00,0.00,0.00,0.00,2026-09-29,2026-10-05,1
20260929,39103,Medina County,OH,100.00,0.00,0.00,0.00,0.00,0.00,2026-09-29,2026-10-05,1
20260929,39105,Meigs County,OH,100.00,0.00,0.00,0.00,0.00,0.00,2026-09-29,2026-10-05,1
20260929,39107,Mercer County,OH,100.00,0.00,0.00,0.00,0.00,0.00,2026-09-29,2026-10-05,1
20260929,39109,Miami County,OH,100.00,0.00,0.00,0.00,0.00,0.00,2026-09-29,2026-10-05,1
20260929,39111,Monroe County,OH,100.00,0.00,0.00,0.00,0.00,0.00,2026-09-29,2026-10-05,1
20260929,39113,Montgomery County,OH,100.00,0.00,0.00,0.00,0.00,0.00,2026-09-29,2026-10-05,1
20260929,39115,Morgan County,OH,100.00,0.00,0.00,0.00,0.00,0.00,2026-09-29,2026-10-05,1
20260929,39117,Morrow County,OH,100.00,0.00,0.00,0.00,0.00,0.00,2026-09-29,2026-10-05,1
20260929,39119,Muskingum County,OH,100.00,0.00,0.00,0.00,0.00,0.00,2026-09-29,2026-10-05,1
20260929,39121,Noble County,OH,100.00,0.00,0.00,0.00,0.00,0.00,2026-09-29,2026-10-05,1
20260929,39123,Ottawa County,OH,100.00,0.00,0.00,0.00,0.00,0.00,2026-09-29,2026-10-05,1
20260929,39125,Paulding County,OH,100.00,0.00,0.00,0.00,0.00,0.00,2026-09-29,2026-10-05,1
20260929,39127,Perry County,OH,100.00,0.00,0.00,0.00,0.00,0.00,2026-09-29,2026-10-05,1
20260929,39129,Pickaway County,OH,100.00,0.00,0.00,0.00,0.00,0.00,2026-09-29,2026-10-05,1
20260929,39131,Pike County,OH,100.00,0.00,0.00,0.00,0.00,0.00,2026-09-29,2026-10-05,1
20260929,39133,Portage County,OH,100.00,0.00,0.00,0.00,0.00,0.00,2026-09-29,2026-10-05,1
20260929,39135,Preble County,OH,100.00,0.00,0.00,0.00,0.00,0.00,2026-09-29,2026-10-05,1
20260929,39137,Putnam County,OH,100.00,0.00,0.00,0.00,0.00,0.00,2026-09-29,2026-10-05,1
20260929,39139,Richland County,OH,100.00,0.00,0.00,0.00,0.00,0.00,2026-09-29,2026-10-05,1
20260929,39141,Ross County,OH,100.00,0.00,0.00,0.00,0.00,0.00,2026-09-29,2026-10-05,1
20260929,39143,Sandusky County,OH,100.00,0.00,0.00,0.00,0.00,0.00,2026-09-29,2026-10-05,1
20260929,39145,Scioto County,OH,100.00,0.00,0.00,0.00,0.00,0.00,2026-09-29,2026-10-05,1
20260929,39147,Seneca County,OH,100.00,0.00,0.00,0.00,0.00,0.00,2026-09-29,2026-10-05,1
20260929,39149,Shelby County,OH,100.00,0.00,0.00,0.00,0.00,0.00,2026-09-29,2026-10-05,1
20260929,39151,Stark County,OH,100.00,0.00,0.00,0.00,0.00,0.00,2026-09-29,2026-10-05,1
20260929,39153,Summit County,OH,100.00,0.00,0.00,0.00,0.00,0.00,2026-09-29,2026-10-05,1
20260929,39155,Trumbull County,OH,100.00,0.00,0.00,0.00,0.00,0.00,2026-09-29,2026-10-05,1
20260929,39157,Tuscarawas County,OH,100.00,0.00,0.00,0.00,0.00,0.00,2026-09-29,2026-10-05,1
20260929,39159,Union County,OH,100.00,0.00,0.00,0.00,0.00,0.00,2026-09-29,2026-10-05,1
20260929,39161,Van Wert County,OH,100.00,0.00,0.00,0.00,0.00,0.00,2026-09-29,2026-10-05,1
20260929,39163,Vinton County,OH,100.00,0.00,0.00,0.00,0.00,0.00,2026-09-29,2026-10-05,1
20260929,39165,Warren County,OH,100.00,0.00,0.00,0.00,0.00,0.00,2026-09-29,2026-10-05,1
20260929,39167,Washington County,OH,100.00,0.00,0.00,0.00,0.00,0.00,2026-09-29,2026-10-05,1
20260929,39169,Wayne County,OH,100.00,0.00,0.00,0.00,0.00,0.00,2026-09-29,2026-10-05,1
20260929,39171,Williams County,OH,100.00,0.00,0.00,0.00,0.00,0.00,2026-09-29,2026-10-05,1
20260929,39173,Wood County,OH,100.00,0.00,0.00,0.00,0.00,0.00,2026-09-29,2026-10-05,1
20260929,39175,Wyandot County,OH,100.00,0.00,0.00,0.00,0.00,0.00,2026-09-29,2026-10-05,1
20260929,40001,Adair County,OK,0.00,100.00,100.00,100.00,8.92,0.00,2026-09-29,2026-10-05,1
20260929,40003,Alfalfa County,OK,0.00,100.00,100.00,100.00,50.10,4.64,2026-09-29,2026-10-05,1
20260929,40005,Atoka County,OK,0.00,100.00,100.00,100.00,91.76,45.00,2026-09-29,2026-10-05,1
20260929,40007,Beaver County,OK,0.00,100.00,100.00,83.18,10.52,0.00,2026-09-29,2026-10-05,1
20260929,40009,Beckham County,OK,0.00,100.00,100.00,100.00,98.33,53.69,2026-09-29,2026-10-05,1
20260929,40011,Blaine County,OK,0.00,100.00,100.00,100.00,100.00,100.00,2026-09-29,2026-10-05,1
20260929,40013,Bryan County,OK,0.00,100.00,100.00,100.00,100.00,77.80,2026-09-29,2026-10-05,1
20260929,40015,Caddo County,OK,0.00,100.00,100.00,100.00,100.00,44.65,2026-09-29,2026-10-05,1
20260929,40017,Canadian County,OK,0.00,100.00,100.00,100.00,100.00,100.00,2026-09-29,2026-10-05,1
20260929,40019,Carter County,OK,0.00,100.00,100.00,100.00,80.84,0.00,2026-09-29,2026-10-05,1
20260929,40021,Cherokee County,OK,0.00,100.00,100.00,100.00,0.00,0.00,2026-09-29,2026-10-05,1
20260929,40023,Choctaw County,OK,0.00,100.00,100.00,100.00,100.00,99.66,2026-09-29,2026-10-05,1
20260929,40025,Cimarron County,OK,0.00,100.00,100.00,96.45,2.69,0.00,2026-09-29,2026-10-05,1
20260929,40027,Cleveland County,OK,0.00,100.00,100.00,100.00,100.00,15.45,2026-09-29,2026-10-05,1
20260929,40029,Coal County,OK,0.00,100.00,100.00,100.00,100.00,0.00,2026-09-29,2026-10-05,1
20260929,40031,Comanche County,OK,0.00,100.00,100.00,100.00,100.00,5.52,2026-09-29,2026-10-05,1
20260929,40033,Cotton County,OK,0.00,100.00,100.00,100.00,100.00,10.97,2026-09-29,2026-10-05,1
20260929,40035,Craig County,OK,0.00,100.00,100.00,100.00,2.63,0.00,2026-09-29,2026-10-05,1
20260929,40037,Creek County,OK,0.00,100.00,100.00,93.64,2.90,0.00,2026-09-29,2026-10-05,1
20260929,40039,Custer County,OK,0.00,100.00,100.00,100.00,100.00,100.00,2026-09-29,2026-10-05,1
20260929,40041,Delaware County,OK,0.00,100.00,100.00,100.00,94.41,0.00,2026-09-29,2026-10-05,1
20260929,40043,Dewey County,OK,0.00,100.00,100.00,100.00,100.00,100.00,2026-09-29,2026-10-05,1
20260929,40045,Ellis County,OK,0.00,100.00,100.00,100.00,46.04,22.92,2026-09-29,2026-10-05,1
20260929,40047,Garfield County,OK,0.00,100.00,100.00,100.00,53.72,14.95,2026-09-29,2026-10-05,1
20260929,40049,Garvin County,OK,0.00,100.00,100.00,100.00,44.38,0.00,2026-09-29,2026-10-05,1
20260929,40051,Grady County,OK,0.00,100.00,100.00,100.00,100.00,92.94,2026-09-29,2026-10-05,1
20260929,40053,Grant County,OK,0.00,100.00,100.00,96.19,1.66,0.00,2026-09-29,2026-10-05,1
20260929,40055,Greer County,OK,0.00,100.00,100.00,100.00,100.00,81.49,2026-09-29,2026-10-05,1
20260929,40057,Harmon County,OK,0.00,100.00,100.00,100.00,93.41,20.74,2026-09-29,2026-10-05,1
20260929,40059,Harper County,OK,0.00,100.00,100.00,100.00,1.69,0.00,2026-09-29,2026-10-05,1
20260929,40061,Haskell County,OK,0.00,100.00,100.00,100.00,99.27,0.00,2026-09-29,2026-10-05,1
20260929,40063,Hughes County,OK,0.00,100.00,100.00,100.00,40.59,0.00,2026-09-29,2026-10-05,1
20260929,40065,Jackson County,OK,0.00,100.00,100.00,100.00,100.00,99.82,2026-09-29,2026-10-05,1
20260929,40067,Jefferson County,OK,0.00,100.00,100.00,100.00,100.00,21.26,2026-09-29,2026-10-05,1
20260929,40069,Johnston County,OK,0.00,100.00,100.00,100.00,99.75,5.88,2026-09-29,2026-10-05,1
20260929,40071,Kay County,OK,0.00,100.00,100.00,9.66,0.00,0.00,2026-09-29,2026-10-05,1
20260929,40073,Kingfisher County,OK,0.00,100.00,100.00,100.00,100.00,89.10,2026-09-29,2026-10-05,1
20260929,40075,Kiowa County,OK,0.00,100.00,100.00,100.00,100.00,86.80,2026-09-29,2026-10-05,1
20260929,40077,Latimer County,OK,0.00,100.00,100.00,100.00,36.68,0.00,2026-09-29,2026-10-05,1
20260929,40079,Le Flore County,OK,0.00,100.00,100.00,100.00,57.35,0.00,2026-09-29,2026-10-05,1
20260929,40081,Lincoln County,OK,0.00,100.00,100.00,100.00,86.13,0.00,2026-09-29,2026-10-05,1
20260929,40083,Logan County,OK,0.00,100.00,100.00,100.00,100.00,8.31,2026-09-29,2026-10-05,1
20260929,40085,Love County,OK,0.00,100.00,100.00,100.00,49.63,0.00,2026-09-29,2026-10-05,1
20260929,40093,Major County,OK,0.00,100.00,100.00,100.00,100.00,63.63,2026-09-29,2026-10-05,1
20260929,40095,Marshall County,OK,0.00,100.00,100.00,100.00,98.43,0.00,2026-09-29,2026-10-05,1
20260929,40097,Mayes County,OK,0.00,100.00,100.00,100.00,8.31,0.00,2026-09-29,2026-10-05,1
20260929,40087,McClain County,OK,0.00,100.00,100.00,100.00,87.75,26.79,2026-09-29,2026-10-05,1
20260929,40089,McCurtain County,OK,0.00,100.00,100.00,100.00,23.16,3.68,2026-09-29,2026-10-05,1
20260929,40091,McIntosh County,OK,0.00,100.00,100.00,100.00,8.48,0.00,2026-09-29,2026-10-05,1
20260929,40099,Murray County,OK,0.00,100.00,100.00,100.00,10.97,0.00,2026-09-29,2026-10-05,1
20260929,40101,Muskogee County,OK,0.00,100.00,100.00,100.00,31.91,0.00,2026-09-29,2026-10-05,1
20260929,40103,Noble County,OK,0.00,100.00,100.00,90.67,10.42,0.00,2026-09-29,2026-10-05,1
20260929,40105,Nowata County,OK,0.00,100.00,100.00,100.00,0.00,0.00,2026-09-29,2026-10-05,1
20260929,40107,Okfuskee County,OK,0.00,100.00,100.00,100.00,21.12,0.00,2026-09-29,2026-10-05,1
20260929,40109,Oklahoma County,OK,0.00,100.00,100.00,100.00,100.00,37.80,2026-09-29,2026-10-05,1
20260929,40111,Okmulgee County,OK,0.00,100.00,100.00,100.00,0.00,0.00,2026-09-29,2026-10-05,1
20260929,40113,Osage County,OK,0.00,100.00,100.00,3.88,0.00,0.00,2026-09-29,2026-10-05,1
20260929,40115,Ottawa County,OK,0.00,100.00,100.00,100.00,57.53,0.00,2026-09-29,2026-10-05,1
20260929,40117,Pawnee County,OK,0.00,100.00,100.00,43.37,0.00,0.00,2026-09-29,2026-10-05,1
20260929,40119,Payne County,OK,0.00,100.00,100.00,100.00,34.37,0.00,2026-09-29,2026-10-05,1
20260929,40121,Pittsburg County,OK,0.00,100.00,100.00,100.00,5.10,0.00,2026-09-29,2026-10-05,1
20260929,40123,Pontotoc County,OK,0.00,100.00,100.00,100.00,45.52,0.00,2026-09-29,2026-10-05,1
20260929,40125,Pottawatomie County,OK,0.00,100.00,100.00,100.00,75.14,0.00,2026-09-29,2026-10-05,1
20260929,40127,Pushmataha County,OK,0.00,100.00,100.00,100.00,35.55,9.39,2026-09-29,2026-10-05,1
20260929,40129,Roger Mills County,OK,0.00,100.00,100.00,100.00,100.00,74.69,2026-09-29,2026-10-05,1
20260929,40131,Rogers County,OK,0.00,100.00,100.00,94.78,0.00,0.00,2026-09-29,2026-10-05,1
20260929,40133,Seminole County,OK,0.00,100.00,100.00,100.00,81.62,0.00,2026-09-29,2026-10-05,1
20260929,40135,Sequoyah County,OK,0.00,100.00,100.00,100.00,99.00,0.00,2026-09-29,2026-10-05,1
20260929,40137,Stephens County,OK,0.00,100.00,100.00,100.00,100.00,75.87,2026-09-29,2026-10-05,1
20260929,40139,Texas County,OK,0.00,100.00,93.89,61.57,45.41,6.55,2026-09-29,2026-10-05,1
20260929,40141,Tillman County,OK,0.00,100.00,100.00,100.00,100.00,93.70,2026-09-29,2026-10-05,1
20260929,40143,Tulsa County,OK,0.00,100.00,100.00,41.87,0.00,0.00,2026-09-29,2026-10-05,1
20260929,40145,Wagoner County,OK,0.00,100.00,100.00,100.00,0.00,0.00,2026-09-29,2026-10-05,1
20260929,40147,Washington County,OK,0.00,100.00,100.00,52.93,0.00,0.00,2026-09-29,2026-10-05,1
20260929,40149,Washita County,OK,0.00,100.00,100.00,100.00,100.00,93.16,2026-09-29,2026-10-05,1
20260929,40151,Woods County,OK,0.00,100.00,100.00,100.00,43.45,0.00,2026-09-29,2026-10-05,1
20260929,40153,Woodward County,OK,0.00,100.00,100.00,100.00,60.69,28.27,2026-09-29,2026-10-05,1
20260929,41001,Baker County,OR,0.00,100.00,100.00,100.00,30.88,0.00,2026-09-29,2026-10-05,1
20260929,41003,Benton County,OR,0.00,100.00,98.59,58.09,0.00,0.00,2026-09-29,2026-10-05,1
20260929,41005,Clackamas County,OR,0.00,100.00,94.57,12.93,0.00,0.00,2026-09-29,2026-10-05,1
20260929,41007,Clatsop County,OR,91.74,8.26,0.00,0.00,0.00,0.00,2026-09-29,2026-10-05,1
20260929,41009,Columbia County,OR,0.75,99.25,0.00,0.00,0.00,0.00,2026-09-29,2026-10-05,1
20260929,41011,Coos County,OR,0.00,100.00,58.96,0.84,0.00,0.00,2026-09-29,2026-10-05,1
20260929,41013,Crook County,OR,0.00,100.00,100.00,90.54,73.02,0.00,2026-09-29,2026-10-05,1
20260929,41015,Curry County,OR,0.00,100.00,42.67,0.00,0.00,0.00,2026-09-29,2026-10-05,1
20260929,41017,Deschutes County,OR,0.00,100.00,100.00,90.40,58.53,0.00,2026-09-29,2026-10-05,1
20260929,41019,Douglas County,OR,0.00,100.00,94.81,86.11,0.00,0.00,2026-09-29,2026-10-05,1
20260929,41021,Gilliam County,OR,0.00,100.00,40.73,14.58,0.00,0.00,2026-09-29,2026-10-05,1
20260929,41023,Grant County,OR,0.00,100.00,100.00,100.00,97.70,0.00,2026-09-29,2026-10-05,1
20260929,41025,Harney County,OR,0.00,100.00,100.00,42.89,3.97,0.00,2026-09-29,2026-10-05,1
20260929,41027,Hood River County,OR,0.00,100.00,54.92,0.00,0.00,0.00,2026-09-29,2026-10-05,1
20260929,41029,Jackson County,OR,0.00,100.00,100.00,81.92,0.00,0.00,2026-09-29,2026-10-05,1
20260929,41031,Jefferson County,OR,0.00,100.00,100.00,100.00,89.85,0.00,2026-09-29,2026-10-05,1
20260929,41033,Josephine County,OR,0.00,100.00,100.00,17.72,0.00,0.00,2026-09-29,2026-10-05,1
20260929,41035,Klamath County,OR,0.00,100.00,100.00,36.24,0.71,0.00,2026-09-29,2026-10-05,1
20260929,41037,Lake County,OR,0.00,100.00,100.00,2.85,0.00,0.00,2026-09-29,2026-10-05,1
20260929,41039,Lane County,OR,0.00,100.00,88.70,85.60,44.42,0.00,2026-09-29,2026-10-05,1
20260929,41041,Lincoln County,OR,0.00,100.00,12.29,0.00,0.00,0.00,2026-09-29,2026-10-05,1
20260929,41043,Linn County,OR,0.00,100.00,100.00,99.06,19.51,0.00,2026-09-29,2026-10-05,1
20260929,41045,Malheur County,OR,0.00,100.00,93.63,80.61,12.70,0.00,2026-09-29,2026-10-05,1
20260929,41047,Marion County,OR,0.00,100.00,99.41,36.67,0.00,0.00,2026-09-29,2026-10-05,1
20260929,41049,Morrow County,OR,0.00,100.00,73.36,45.12,12.02,0.00,2026-09-29,2026-10-05,1
20260929,41051,Multnomah County,OR,0.00,100.00,36.31,0.00,0.00,0.00,2026-09-29,2026-10-05,1
20260929,41053,Polk County,OR,0.00,100.00,77.97,4.47,0.00,0.00,2026-09-29,2026-10-05,1
20260929,41055,Sherman County,OR,0.00,100.00,13.45,0.00,0.00,0.00,2026-09-29,2026-10-05,1
20260929,41057,Tillamook County,OR,62.21,37.79,0.00,0.00,0.00,0.00,2026-09-29,2026-10-05,1
20260929,41059,Umatilla County,OR,0.00,100.00,97.68,89.05,52.25,0.00,2026-09-29,2026-10-05,1
20260929,41061,Union County,OR,0.00,100.00,100.00,100.00,55.50,0.00,2026-09-29,2026-10-05,1
20260929,41063,Wallowa County,OR,0.00,100.00,100.00,96.04,0.00,0.00,2026-09-29,2026-10-05,1
20260929,41065,Wasco County,OR,0.00,100.00,71.71,41.01,3.00,0.00,2026-09-29,2026-10-05,1
20260929,41067,Washington County,OR,0.00,100.00,0.00,0.00,0.00,0.00,2026-09-29,2026-10-05,1
20260929,41069,Wheeler County,OR,0.00,100.00,100.00,100.00,75.16,0.00,2026-09-29,2026-10-05,1
20260929,41071,Yamhill County,OR,0.00,100.00,15.16,0.00,0.00,0.00,2026-09-29,2026-10-05,1
20260929,42001,Adams County,PA,59.57,40.43,23.57,0.00,0.00,0.00,2026-09-29,2026-10-05,1
20260929,42003,Allegheny County,PA,100.00,0.00,0.00,0.00,0.00,0.00,2026-09-29,2026-10-05,1
20260929,42005,Armstrong County,PA,100.00,0.00,0.00,0.00,0.00,0.00,2026-09-29,2026-10-05,1
20260929,42007,Beaver County,PA,100.00,0.00,0.00,0.00,0.00,0.00,2026-09-29,2026-10-05,1
20260929,42009,Bedford County,PA,100.00,0.00,0.00,0.00,0.00,0.00,2026-09-29,2026-10-05,1
20260929,42011,Berks County,PA,38.69,61.31,0.00,0.00,0.00,0.00,2026-09-29,2026-10-05,1
20260929,42013,Blair County,PA,100.00,0.00,0.00,0.00,0.00,0.00,2026-09-29,2026-10-05,1
20260929,42015,Bradford County,PA,100.00,0.00,0.00,0.00,0.00,0.00,2026-09-29,2026-10-05,1
20260929,42017,Bucks County,PA,100.00,0.00,0.00,0.00,0.00,0.00,2026-09-29,2026-10-05,1
20260929,42019,Butler County,PA,100.00,0.00,0.00,0.00,0.00,0.00,2026-09-29,2026-10-05,1
20260929,42021,Cambria County,PA,100.00,0.00,0.00,0.00,0.00,0.00,2026-09-29,2026-10-05,1
20260929,42023,Cameron County,PA,100.00,0.00,0.00,0.00,0.00,0.00,2026-09-29,2026-10-05,1
20260929,42025,Carbon County,PA,100.00,0.00,0.00,0.00,0.00,0.00,2026-09-29,2026-10-05,1
20260929,42027,Centre County,PA,100.00,0.00,0.00,0.00,0.00,0.00,2026-09-29,2026-10-05,1
20260929,42029,Chester County,PA,99.01,0.99,0.00,0.00,0.00,0.00,2026-09-29,2026-10-05,1
20260929,42031,Clarion County,PA,100.00,0.00,0.00,0.00,0.00,0.00,2026-09-29,2026-10-05,1
20260929,42033,Clearfield County,PA,100.00,0.00,0.00,0.00,0.00,0.00,2026-09-29,2026-10-05,1
20260929,42035,Clinton County,PA,100.00,0.00,0.00,0.00,0.00,0.00,2026-09-29,2026-10-05,1
20260929,42037,Columbia County,PA,100.00,0.00,0.00,0.00,0.00,0.00,2026-09-29,2026-10-05,1
20260929,42039,Crawford County,PA,100.00,0.00,0.00,0.00,0.00,0.00,2026-09-29,2026-10-05,1
20260929,42041,Cumberland County,PA,100.00,0.00,0.00,0.00,0.00,0.00,2026-09-29,2026-10-05,1
20260929,42043,Dauphin County,PA,100.00,0.00,0.00,0.00,0.00,0.00,2026-09-29,2026-10-05,1
20260929,42045,Delaware County,PA,100.00,0.00,0.00,0.00,0.00,0.00,2026-09-29,2026-10-05,1
20260929,42047,Elk County,PA,100.00,0.00,0.00,0.00,0.00,0.00,2026-09-29,2026-10-05,1
20260929,42049,Erie County,PA,49.63,50.37,0.00,0.00,0.00,0.00,2026-09-29,2026-10-05,1
20260929,42051,Fayette County,PA,100.00,0.00,0.00,0.00,0.00,0.00,2026-09-29,2026-10-05,1
20260929,42053,Forest County,PA,100.00,0.00,0.00,0.00,0.00,0.00,2026-09-29,2026-10-05,1
20260929,42055,Franklin County,PA,49.52,50.48,37.51,0.00,0.00,0.00,2026-09-29,2026-10-05,1
20260929,42057,Fulton County,PA,92.95,7.05,0.00,0.00,0.00,0.00,2026-09-29,2026-10-05,1
20260929,42059,Greene County,PA,100.00,0.00,0.00,0.00,0.00,0.00,2026-09-29,2026-10-05,1
20260929,42061,Huntingdon County,PA,100.00,0.00,0.00,0.00,0.00,0.00,2026-09-29,2026-10-05,1
20260929,42063,Indiana County,PA,100.00,0.00,0.00,0.00,0.00,0.00,2026-09-29,2026-10-05,1
20260929,42065,Jefferson County,PA,100.00,0.00,0.00,0.00,0.00,0.00,2026-09-29,2026-10-05,1
20260929,42067,Juniata County,PA,100.00,0.00,0.00,0.00,0.00,0.00,2026-09-29,2026-10-05,1
20260929,42069,Lackawanna County,PA,100.00,0.00,0.00,0.00,0.00,0.00,2026-09-29,2026-10-05,1
20260929,42071,Lancaster County,PA,99.99,0.01,0.00,0.00,0.00,0.00,2026-09-29,2026-10-05,1
20260929,42073,Lawrence County,PA,100.00,0.00,0.00,0.00,0.00,0.00,2026-09-29,2026-10-05,1
20260929,42075,Lebanon County,PA,99.87,0.13,0.00,0.00,0.00,0.00,2026-09-29,2026-10-05,1
20260929,42077,Lehigh County,PA,100.00,0.00,0.00,0.00,0.00,0.00,2026-09-29,2026-10-05,1
20260929,42079,Luzerne County,PA,100.00,0.00,0.00,0.00,0.00,0.00,2026-09-29,2026-10-05,1
20260929,42081,Lycoming County,PA,100.00,0.00,0.00,0.00,0.00,0.00,2026-09-29,2026-10-05,1
20260929,42083,McKean County,PA,100.00,0.00,0.00,0.00,0.00,0.00,2026-09-29,2026-10-05,1
20260929,42085,Mercer County,PA,100.00,0.00,0.00,0.00,0.00,0.00,2026-09-29,2026-10-05,1
20260929,42087,Mifflin County,PA,100.00,0.00,0.00,0.00,0.00,0.00,2026-09-29,2026-10-05,1
20260929,42089,Monroe County,PA,100.00,0.00,0.00,0.00,0.00,0.00,2026-09-29,2026-10-05,1
20260929,42091,Montgomery County,PA,90.65,9.35,0.00,0.00,0.00,0.00,2026-09-29,2026-10-05,1
20260929,42093,Montour County,PA,100.00,0.00,0.00,0.00,0.00,0.00,2026-09-29,2026-10-05,1
20260929,42095,Northampton County,PA,100.00,0.00,0.00,0.00,0.00,0.00,2026-09-29,2026-10-05,1
20260929,42097,Northumberland County,PA,100.00,0.00,0.00,0.00,0.00,0.00,2026-09-29,2026-10-05,1
20260929,42099,Perry County,PA,100.00,0.00,0.00,0.00,0.00,0.00,2026-09-29,2026-10-05,1
20260929,42101,Philadelphia County,PA,100.00,0.00,0.00,0.00,0.00,0.00,2026-09-29,2026-10-05,1
20260929,42103,Pike County,PA,100.00,0.00,0.00,0.00,0.00,0.00,2026-09-29,2026-10-05,1
20260929,42105,Potter County,PA,100.00,0.00,0.00,0.00,0.00,0.00,2026-09-29,2026-10-05,1
20260929,42107,Schuylkill County,PA,100.00,0.00,0.00,0.00,0.00,0.00,2026-09-29,2026-10-05,1
20260929,42109,Snyder County,PA,100.00,0.00,0.00,0.00,0.00,0.00,2026-09-29,2026-10-05,1
20260929,42111,Somerset County,PA,100.00,0.00,0.00,0.00,0.00,0.00,2026-09-29,2026-10-05,1
20260929,42113,Sullivan County,PA,100.00,0.00,0.00,0.00,0.00,0.00,2026-09-29,2026-10-05,1
20260929,42115,Susquehanna County,PA,100.00,0.00,0.00,0.00,0.00,0.00,2026-09-29,2026-10-05,1
20260929,42117,Tioga County,PA,100.00,0.00,0.00,0.00,0.00,0.00,2026-09-29,2026-10-05,1
20260929,42119,Union County,PA,100.00,0.00,0.00,0.00,0.00,0.00,2026-09-29,2026-10-05,1
20260929,42121,Venango County,PA,100.00,0.00,0.00,0.00,0.00,0.00,2026-09-29,2026-10-05,1
20260929,42123,Warren County,PA,100.00,0.00,0.00,0.00,0.00,0.00,2026-09-29,2026-10-05,1
20260929,42125,Washington County,PA,100.00,0.00,0.00,0.00,0.00,0.00,2026-09-29,2026-10-05,1
20260929,42127,Wayne County,PA,100.00,0.00,0.00,0.00,0.00,0.00,2026-09-29,2026-10-05,1
20260929,42129,Westmoreland County,PA,100.00,0.00,0.00,0.00,0.00,0.00,2026-09-29,2026-10-05,1
20260929,42131,Wyoming County,PA,100.00,0.00,0.00,0.00,0.00,0.00,2026-09-29,2026-10-05,1
20260929,42133,York County,PA,95.52,4.48,0.14,0.00,0.00,0.00,2026-09-29,2026-10-05,1
20260929,44001,Bristol County,RI,100.00,0.00,0.00,0.00,0.00,0.00,2026-09-29,2026-10-05,1
20260929,44003,Kent County,RI,100.00,0.00,0.00,0.00,0.00,0.00,2026-09-29,2026-10-05,1
20260929,44005,Newport County,RI,100.00,0.00,0.00,0.00,0.00,0.00,2026-09-29,2026-10-05,1
20260929,44007,Providence County,RI,100.00,0.00,0.00,0.00,0.00,0.00,2026-09-29,2026-10-05,1
20260929,44009,Washington County,RI,100.00,0.00,0.00,0.00,0.00,0.00,2026-09-29,2026-10-05,1
20260929,45001,Abbeville County,SC,0.00,100.00,29.27,0.00,0.00,0.00,2026-09-29,2026-10-05,1
20260929,45003,Aiken County,SC,0.00,100.00,18.03,0.00,0.00,0.00,2026-09-29,2026-10-05,1
20260929,45005,Allendale County,SC,0.00,100.00,91.67,0.00,0.00,0.00,2026-09-29,2026-10-05,1
20260929,45007,Anderson County,SC,0.00,100.00,96.67,17.77,0.00,0.00,2026-09-29,2026-10-05,1
20260929,45009,Bamberg County,SC,0.00,100.00,100.00,24.80,0.00,0.00,2026-09-29,2026-10-05,1
20260929,45011,Barnwell County,SC,0.00,100.00,59.45,0.00,0.00,0.00,2026-09-29,2026-10-05,1
20260929,45013,Beaufort County,SC,0.00,100.00,43.48,26.09,0.00,0.00,2026-09-29,2026-10-05,1
20260929,45015,Berkeley County,SC,0.00,100.00,100.00,78.19,0.00,0.00,2026-09-29,2026-10-05,1
20260929,45017,Calhoun County,SC,0.00,100.00,100.00,37.02,0.00,0.00,2026-09-29,2026-10-05,1
20260929,45019,Charleston County,SC,0.00,100.00,100.00,14.07,0.00,0.00,2026-09-29,2026-10-05,1
20260929,45021,Cherokee County,SC,0.00,100.00,0.00,0.00,0.00,0.00,2026-09-29,2026-10-05,1
20260929,45023,Chester County,SC,0.00,100.00,76.72,0.00,0.00,0.00,2026-09-29,2026-10-05,1
20260929,45025,Chesterfield County,SC,0.00,100.00,47.93,0.00,0.00,0.00,2026-09-29,2026-10-05,1
20260929,45027,Clarendon County,SC,0.00,100.00,100.00,100.00,0.00,0.00,2026-09-29,2026-10-05,1
20260929,45029,Colleton County,SC,0.00,100.00,100.00,94.15,32.27,0.00,2026-09-29,2026-10-05,1
20260929,45031,Darlington County,SC,0.00,100.00,86.16,42.47,0.00,0.00,2026-09-29,2026-10-05,1
20260929,45033,Dillon County,SC,0.00,100.00,100.00,100.00,0.00,0.00,2026-09-29,2026-10-05,1
20260929,45035,Dorchester County,SC,0.00,100.00,100.00,63.46,0.00,0.00,2026-09-29,2026-10-05,1
20260929,45037,Edgefield County,SC,0.00,100.00,0.00,0.00,0.00,0.00,2026-09-29,2026-10-05,1
20260929,45039,Fairfield County,SC,0.00,100.00,96.42,0.00,0.00,0.00,2026-09-29,2026-10-05,1
20260929,45041,Florence County,SC,0.00,100.00,100.00,100.00,6.91,0.00,2026-09-29,2026-10-05,1
20260929,45043,Georgetown County,SC,0.00,100.00,100.00,89.69,17.04,0.00,2026-09-29,2026-10-05,1
20260929,45045,Greenville County,SC,0.00,100.00,86.96,0.00,0.00,0.00,2026-09-29,2026-10-05,1
20260929,45047,Greenwood County,SC,0.00,100.00,1.00,0.00,0.00,0.00,2026-09-29,2026-10-05,1
20260929,45049,Hampton County,SC,0.00,100.00,100.00,25.91,14.36,0.00,2026-09-29,2026-10-05,1
20260929,45051,Horry County,SC,0.00,100.00,100.00,100.00,72.18,0.00,2026-09-29,2026-10-05,1
20260929,45053,Jasper County,SC,0.00,100.00,87.94,32.41,2.27,0.00,2026-09-29,2026-10-05,1
20260929,45055,Kershaw County,SC,0.00,100.00,63.54,0.00,0.00,0.00,2026-09-29,2026-10-05,1
20260929,45057,Lancaster County,SC,0.00,100.00,100.00,0.00,0.00,0.00,2026-09-29,2026-10-05,1
20260929,45059,Laurens County,SC,0.00,100.00,6.90,0.00,0.00,0.00,2026-09-29,2026-10-05,1
20260929,45061,Lee County,SC,0.00,100.00,85.23,23.84,0.00,0.00,2026-09-29,2026-10-05,1
20260929,45063,Lexington County,SC,0.00,100.00,93.46,0.00,0.00,0.00,2026-09-29,2026-10-05,1
20260929,45067,Marion County,SC,0.00,100.00,100.00,100.00,31.95,0.00,2026-09-29,2026-10-05,1
20260929,45069,Marlboro County,SC,0.00,100.00,77.41,38.08,0.00,0.00,2026-09-29,2026-10-05,1
20260929,45065,McCormick County,SC,0.00,100.00,57.81,0.00,0.00,0.00,2026-09-29,2026-10-05,1
20260929,45071,Newberry County,SC,0.00,100.00,12.42,0.00,0.00,0.00,2026-09-29,2026-10-05,1
20260929,45073,Oconee County,SC,0.00,100.00,15.15,0.80,0.00,0.00,2026-09-29,2026-10-05,1
20260929,45075,Orangeburg County,SC,0.00,100.00,100.00,64.30,0.00,0.00,2026-09-29,2026-10-05,1
20260929,45077,Pickens County,SC,0.00,100.00,98.24,0.00,0.00,0.00,2026-09-29,2026-10-05,1
20260929,45079,Richland County,SC,0.00,100.00,99.82,0.00,0.00,0.00,2026-09-29,2026-10-05,1
20260929,45081,Saluda County,SC,0.00,100.00,0.02,0.00,0.00,0.00,2026-09-29,2026-10-05,1
20260929,45083,Spartanburg County,SC,3.88,96.12,36.29,0.00,0.00,0.00,2026-09-29,2026-10-05,1
20260929,45085,Sumter County,SC,0.00,100.00,99.98,54.24,0.00,0.00,2026-09-29,2026-10-05,1
20260929,45087,Union County,SC,0.00,100.00,0.00,0.00,0.00,0.00,2026-09-29,2026-10-05,1
20260929,45089,Williamsburg County,SC,0.00,100.00,100.00,100.00,16.01,0.00,2026-09-29,2026-10-05,1
20260929,45091,York County,SC,0.00,100.00,31.87,0.00,0.00,0.00,2026-09-29,2026-10-05,1
20260929,46003,Aurora County,SD,37.00,63.00,0.01,0.00,0.00,0.00,2026-09-29,2026-10-05,1
20260929,46005,Beadle County,SD,97.04,2.96,0.00,0.00,0.00,0.00,2026-09-29,2026-10-05,1
20260929,46007,Bennett County,SD,0.00,100.00,52.65,0.00,0.00,0.00,2026-09-29,2026-10-05,1
20260929,46009,Bon Homme County,SD,0.00,100.00,33.49,0.00,0.00,0.00,2026-09-29,2026-10-05,1
20260929,46011,Brookings County,SD,0.00,100.00,87.00,0.00,0.00,0.00,2026-09-29,2026-10-05,1
20260929,46013,Brown County,SD,73.74,26.26,2.30,0.00,0.00,0.00,2026-09-29,2026-10-05,1
20260929,46015,Brule County,SD,73.09,26.91,0.02,0.00,0.00,0.00,2026-09-29,2026-10-05,1
20260929,46017,Buffalo County,SD,100.00,0.00,0.00,0.00,0.00,0.00,2026-09-29,2026-10-05,1
20260929,46019,Butte County,SD,0.00,100.00,100.00,29.01,0.00,0.00,2026-09-29,2026-10-05,1
20260929,46021,Campbell County,SD,0.00,100.00,33.33,0.00,0.00,0.00,2026-09-29,2026-10-05,1
20260929,46023,Charles Mix County,SD,0.00,100.00,52.16,0.00,0.00,0.00,2026-09-29,2026-10-05,1
20260929,46025,Clark County,SD,25.07,74.93,12.19,0.00,0.00,0.00,2026-09-29,2026-10-05,1
20260929,46027,Clay County,SD,0.00,100.00,52.56,0.00,0.00,0.00,2026-09-29,2026-10-05,1
20260929,46029,Codington County,SD,0.00,100.00,94.21,0.00,0.00,0.00,2026-09-29,2026-10-05,1
20260929,46031,Corson County,SD,0.00,100.00,100.00,2.74,0.00,0.00,2026-09-29,2026-10-05,1
20260929,46033,Custer County,SD,0.00,100.00,100.00,0.00,0.00,0.00,2026-09-29,2026-10-05,1
20260929,46035,Davison County,SD,0.00,100.00,35.67,0.00,0.00,0.00,2026-09-29,2026-10-05,1
20260929,46037,Day County,SD,24.46,75.54,27.40,0.00,0.00,0.00,2026-09-29,2026-10-05,1
20260929,46039,Deuel County,SD,0.00,100.00,33.50,0.00,0.00,0.00,2026-09-29,2026-10-05,1
20260929,46041,Dewey County,SD,0.00,100.00,100.00,95.77,0.00,0.00,2026-09-29,2026-10-05,1
20260929,46043,Douglas County,SD,0.00,100.00,87.68,0.00,0.00,0.00,2026-09-29,2026-10-05,1
20260929,46045,Edmunds County,SD,0.73,99.27,21.28,5.13,0.00,0.00,2026-09-29,2026-10-05,1
20260929,46047,Fall River County,SD,0.00,100.00,100.00,0.00,0.00,0.00,2026-09-29,2026-10-05,1
20260929,46049,Faulk County,SD,0.00,100.00,75.23,20.91,0.00,0.00,2026-09-29,2026-10-05,1
20260929,46051,Grant County,SD,0.00,100.00,52.49,0.00,0.00,0.00,2026-09-29,2026-10-05,1
20260929,46053,Gregory County,SD,0.00,100.00,86.50,0.00,0.00,0.00,2026-09-29,2026-10-05,1
20260929,46055,Haakon County,SD,0.00,100.00,98.28,0.00,0.00,0.00,2026-09-29,2026-10-05,1
20260929,46057,Hamlin County,SD,12.60,87.40,11.26,0.00,0.00,0.00,2026-09-29,2026-10-05,1
20260929,46059,Hand County,SD,35.81,64.19,10.85,0.00,0.00,0.00,2026-09-29,2026-10-05,1
20260929,46061,Hanson County,SD,0.00,100.00,99.64,0.00,0.00,0.00,2026-09-29,2026-10-05,1
20260929,46063,Harding County,SD,0.00,100.00,100.00,38.37,9.42,0.00,2026-09-29,2026-10-05,1
20260929,46065,Hughes County,SD,68.45,31.55,0.00,0.00,0.00,0.00,2026-09-29,2026-10-05,1
20260929,46067,Hutchinson County,SD,0.00,100.00,94.74,0.00,0.00,0.00,2026-09-29,2026-10-05,1
20260929,46069,Hyde County,SD,34.66,65.34,46.21,1.42,0.00,0.00,2026-09-29,2026-10-05,1
20260929,46071,Jackson County,SD,0.00,100.00,59.84,0.00,0.00,0.00,2026-09-29,2026-10-05,1
20260929,46073,Jerauld County,SD,100.00,0.00,0.00,0.00,0.00,0.00,2026-09-29,2026-10-05,1
20260929,46075,Jones County,SD,88.73,11.27,0.00,0.00,0.00,0.00,2026-09-29,2026-10-05,1
20260929,46077,Kingsbury County,SD,38.02,61.98,11.62,0.00,0.00,0.00,2026-09-29,2026-10-05,1
20260929,46079,Lake County,SD,0.00,100.00,100.00,0.00,0.00,0.00,2026-09-29,2026-10-05,1
20260929,46081,Lawrence County,SD,0.00,100.00,100.00,32.92,0.00,0.00,2026-09-29,2026-10-05,1
20260929,46083,Lincoln County,SD,50.79,49.21,19.46,0.00,0.00,0.00,2026-09-29,2026-10-05,1
20260929,46085,Lyman County,SD,81.79,18.21,0.26,0.00,0.00,0.00,2026-09-29,2026-10-05,1
20260929,46091,Marshall County,SD,0.00,100.00,71.81,1.83,0.00,0.00,2026-09-29,2026-10-05,1
20260929,46087,McCook County,SD,0.00,100.00,100.00,0.00,0.00,0.00,2026-09-29,2026-10-05,1
20260929,46089,McPherson County,SD,15.33,84.67,32.39,0.00,0.00,0.00,2026-09-29,2026-10-05,1
20260929,46093,Meade County,SD,0.00,100.00,100.00,41.14,0.00,0.00,2026-09-29,2026-10-05,1
20260929,46095,Mellette County,SD,13.70,86.30,0.00,0.00,0.00,0.00,2026-09-29,2026-10-05,1
20260929,46097,Miner County,SD,0.00,100.00,57.77,0.00,0.00,0.00,2026-09-29,2026-10-05,1
20260929,46099,Minnehaha County,SD,0.00,100.00,99.96,0.00,0.00,0.00,2026-09-29,2026-10-05,1
20260929,46101,Moody County,SD,0.00,100.00,100.00,0.00,0.00,0.00,2026-09-29,2026-10-05,1
20260929,46102,Oglala Lakota County,SD,0.00,100.00,100.00,0.00,0.00,0.00,2026-09-29,2026-10-05,1
20260929,46103,Pennington County,SD,0.00,100.00,100.00,3.90,0.00,0.00,2026-09-29,2026-10-05,1
20260929,46105,Perkins County,SD,0.00,100.00,82.02,0.00,0.00,0.00,2026-09-29,2026-10-05,1
20260929,46107,Potter County,SD,0.00,100.00,100.00,100.00,0.00,0.00,2026-09-29,2026-10-05,1
20260929,46109,Roberts County,SD,0.00,100.00,100.00,14.09,0.00,0.00,2026-09-29,2026-10-05,1
20260929,46111,Sanborn County,SD,35.96,64.04,1.34,0.00,0.00,0.00,2026-09-29,2026-10-05,1
20260929,46115,Spink County,SD,11.01,88.99,0.00,0.00,0.00,0.00,2026-09-29,2026-10-05,1
20260929,46117,Stanley County,SD,34.25,65.75,41.20,6.51,0.00,0.00,2026-09-29,2026-10-05,1
20260929,46119,Sully County,SD,0.00,100.00,90.67,44.98,0.00,0.00,2026-09-29,2026-10-05,1
20260929,46121,Todd County,SD,63.40,36.60,0.00,0.00,0.00,0.00,2026-09-29,2026-10-05,1
20260929,46123,Tripp County,SD,8.18,91.82,56.39,0.00,0.00,0.00,2026-09-29,2026-10-05,1
20260929,46125,Turner County,SD,0.00,100.00,85.83,0.00,0.00,0.00,2026-09-29,2026-10-05,1
20260929,46127,Union County,SD,56.43,43.57,5.04,0.00,0.00,0.00,2026-09-29,2026-10-05,1
20260929,46129,Walworth County,SD,0.00,100.00,70.35,25.16,0.00,0.00,2026-09-29,2026-10-05,1
20260929,46135,Yankton County,SD,0.00,100.00,100.00,0.00,0.00,0.00,2026-09-29,2026-10-05,1
20260929,46137,Ziebach County,SD,0.00,100.00,100.00,6.75,0.00,0.00,2026-09-29,2026-10-05,1
20260929,47001,Anderson County,TN,2.50,97.50,14.14,0.00,0.00,0.00,2026-09-29,2026-10-05,1
20260929,47003,Bedford County,TN,0.00,100.00,100.00,99.64,36.44,0.00,2026-09-29,2026-10-05,1
20260929,47005,Benton County,TN,0.00,100.00,3.86,0.00,0.00,0.00,2026-09-29,2026-10-05,1
20260929,47007,Bledsoe County,TN,0.00,100.00,35.25,0.00,0.00,0.00,2026-09-29,2026-10-05,1
20260929,47009,Blount County,TN,93.76,6.24,0.00,0.00,0.00,0.00,2026-09-29,2026-10-05,1
20260929,47011,Bradley County,TN,0.00,100.00,11.26,0.00,0.00,0.00,2026-09-29,2026-10-05,1
20260929,47013,Campbell County,TN,58.48,41.52,0.01,0.00,0.00,0.00,2026-09-29,2026-10-05,1
20260929,47015,Cannon County,TN,0.00,100.00,100.00,30.45,0.00,0.00,2026-09-29,2026-10-05,1
20260929,47017,Carroll County,TN,0.00,100.00,22.67,0.00,0.00,0.00,2026-09-29,2026-10-05,1
20260929,47019,Carter County,TN,1.77,98.23,0.00,0.00,0.00,0.00,2026-09-29,2026-10-05,1
20260929,47021,Cheatham County,TN,0.00,100.00,100.00,100.00,0.00,0.00,2026-09-29,2026-10-05,1
20260929,47023,Chester County,TN,0.00,100.00,100.00,99.15,54.24,0.00,2026-09-29,2026-10-05,1
20260929,47025,Claiborne County,TN,100.00,0.00,0.00,0.00,0.00,0.00,2026-09-29,2026-10-05,1
20260929,47027,Clay County,TN,0.00,100.00,94.88,0.00,0.00,0.00,2026-09-29,2026-10-05,1
20260929,47029,Cocke County,TN,87.69,12.31,0.18,0.00,0.00,0.00,2026-09-29,2026-10-05,1
20260929,47031,Coffee County,TN,0.00,100.00,100.00,100.00,0.00,0.00,2026-09-29,2026-10-05,1
20260929,47033,Crockett County,TN,0.00,100.00,100.00,2.74,0.00,0.00,2026-09-29,2026-10-05,1
20260929,47035,Cumberland County,TN,0.00,100.00,1.06,0.00,0.00,0.00,2026-09-29,2026-10-05,1
20260929,47037,Davidson County,TN,0.00,100.00,100.00,98.16,0.00,0.00,2026-09-29,2026-10-05,1
20260929,47039,Decatur County,TN,0.00,100.00,100.00,50.08,32.53,0.00,2026-09-29,2026-10-05,1
20260929,47041,DeKalb County,TN,0.00,100.00,100.00,0.00,0.00,0.00,2026-09-29,2026-10-05,1
20260929,47043,Dickson County,TN,0.00,100.00,100.00,95.59,0.00,0.00,2026-09-29,2026-10-05,1
20260929,47045,Dyer County,TN,0.00,100.00,83.59,10.40,0.00,0.00,2026-09-29,2026-10-05,1
20260929,47047,Fayette County,TN,0.00,100.00,100.00,100.00,0.00,0.00,2026-09-29,2026-10-05,1
20260929,47049,Fentress County,TN,0.00,100.00,5.05,0.00,0.00,0.00,2026-09-29,2026-10-05,1
20260929,47051,Franklin County,TN,0.00,100.00,100.00,100.00,0.00,0.00,2026-09-29,2026-10-05,1
20260929,47053,Gibson County,TN,0.00,100.00,42.42,0.00,0.00,0.00,2026-09-29,2026-10-05,1
20260929,47055,Giles County,TN,0.00,100.00,100.00,100.00,0.00,0.00,2026-09-29,2026-10-05,1
20260929,47057,Grainger County,TN,65.13,34.87,0.00,0.00,0.00,0.00,2026-09-29,2026-10-05,1
20260929,47059,Greene County,TN,98.22,1.78,0.00,0.00,0.00,0.00,2026-09-29,2026-10-05,1
20260929,47061,Grundy County,TN,0.00,100.00,100.00,99.78,0.00,0.00,2026-09-29,2026-10-05,1
20260929,47063,Hamblen County,TN,50.84,49.16,0.00,0.00,0.00,0.00,2026-09-29,2026-10-05,1
20260929,47065,Hamilton County,TN,0.00,100.00,54.75,0.00,0.00,0.00,2026-09-29,2026-10-05,1
20260929,47067,Hancock County,TN,100.00,0.00,0.00,0.00,0.00,0.00,2026-09-29,2026-10-05,1
20260929,47069,Hardeman County,TN,0.00,100.00,100.00,100.00,0.00,0.00,2026-09-29,2026-10-05,1
20260929,47071,Hardin County,TN,0.00,100.00,100.00,100.00,52.58,0.00,2026-09-29,2026-10-05,1
20260929,47073,Hawkins County,TN,100.00,0.00,0.00,0.00,0.00,0.00,2026-09-29,2026-10-05,1
20260929,47075,Haywood County,TN,0.00,100.00,100.00,95.70,6.71,0.00,2026-09-29,2026-10-05,1
20260929,47077,Henderson County,TN,0.00,100.00,100.00,25.07,11.21,0.00,2026-09-29,2026-10-05,1
20260929,47079,Henry County,TN,0.22,99.78,0.00,0.00,0.00,0.00,2026-09-29,2026-10-05,1
20260929,47081,Hickman County,TN,0.00,100.00,100.00,11.04,0.00,0.00,2026-09-29,2026-10-05,1
20260929,47083,Houston County,TN,0.00,100.00,64.60,0.00,0.00,0.00,2026-09-29,2026-10-05,1
20260929,47085,Humphreys County,TN,0.00,100.00,36.68,0.04,0.00,0.00,2026-09-29,2026-10-05,1
20260929,47087,Jackson County,TN,0.00,100.00,100.00,0.00,0.00,0.00,2026-09-29,2026-10-05,1
20260929,47089,Jefferson County,TN,40.35,59.65,0.00,0.00,0.00,0.00,2026-09-29,2026-10-05,1
20260929,47091,Johnson County,TN,0.86,99.14,0.00,0.00,0.00,0.00,2026-09-29,2026-10-05,1
20260929,47093,Knox County,TN,36.04,63.96,0.00,0.00,0.00,0.00,2026-09-29,2026-10-05,1
20260929,47095,Lake County,TN,0.00,100.00,27.68,0.00,0.00,0.00,2026-09-29,2026-10-05,1
20260929,47097,Lauderdale County,TN,0.00,100.00,100.00,95.90,80.81,0.00,2026-09-29,2026-10-05,1
20260929,47099,Lawrence County,TN,0.00,100.00,100.00,99.69,0.00,0.00,2026-09-29,2026-10-05,1
20260929,47101,Lewis County,TN,0.00,100.00,100.00,81.69,0.00,0.00,2026-09-29,2026-10-05,1
20260929,47103,Lincoln County,TN,0.00,100.00,100.00,100.00,0.00,0.00,2026-09-29,2026-10-05,1
20260929,47105,Loudon County,TN,58.79,41.21,0.00,0.00,0.00,0.00,2026-09-29,2026-10-05,1
20260929,47111,Macon County,TN,0.00,100.00,100.00,0.00,0.00,0.00,2026-09-29,2026-10-05,1
20260929,47113,Madison County,TN,0.00,100.00,100.00,41.16,0.00,0.00,2026-09-29,2026-10-05,1
20260929,47115,Marion County,TN,0.00,100.00,100.00,62.07,0.00,0.00,2026-09-29,2026-10-05,1
20260929,47117,Marshall County,TN,0.00,100.00,100.00,95.77,0.00,0.00,2026-09-29,2026-10-05,1
20260929,47119,Maury County,TN,0.00,100.00,100.00,56.67,0.00,0.00,2026-09-29,2026-10-05,1
20260929,47107,McMinn County,TN,0.00,100.00,0.00,0.00,0.00,0.00,2026-09-29,2026-10-05,1
20260929,47109,McNairy County,TN,0.00,100.00,100.00,100.00,34.12,0.00,2026-09-29,2026-10-05,1
20260929,47121,Meigs County,TN,0.00,100.00,0.00,0.00,0.00,0.00,2026-09-29,2026-10-05,1
20260929,47123,Monroe County,TN,44.07,55.93,0.00,0.00,0.00,0.00,2026-09-29,2026-10-05,1
20260929,47125,Montgomery County,TN,0.00,100.00,100.00,11.35,0.00,0.00,2026-09-29,2026-10-05,1
20260929,47127,Moore County,TN,0.00,100.00,100.00,100.00,2.05,0.00,2026-09-29,2026-10-05,1
20260929,47129,Morgan County,TN,0.00,100.00,20.78,0.00,0.00,0.00,2026-09-29,2026-10-05,1
20260929,47131,Obion County,TN,12.20,87.80,0.25,0.00,0.00,0.00,2026-09-29,2026-10-05,1
20260929,47133,Overton County,TN,0.00,100.00,97.02,0.00,0.00,0.00,2026-09-29,2026-10-05,1
20260929,47135,Perry County,TN,0.00,100.00,100.00,33.81,5.04,0.00,2026-09-29,2026-10-05,1
20260929,47137,Pickett County,TN,0.00,100.00,0.15,0.00,0.00,0.00,2026-09-29,2026-10-05,1
20260929,47139,Polk County,TN,0.00,100.00,23.56,0.00,0.00,0.00,2026-09-29,2026-10-05,1
20260929,47141,Putnam County,TN,0.00,100.00,96.69,0.00,0.00,0.00,2026-09-29,2026-10-05,1
20260929,47143,Rhea County,TN,0.00,100.00,0.00,0.00,0.00,0.00,2026-09-29,2026-10-05,1
20260929,47145,Roane County,TN,11.64,88.36,9.11,0.00,0.00,0.00,2026-09-29,2026-10-05,1
20260929,47147,Robertson County,TN,0.00,100.00,100.00,26.55,0.00,0.00,2026-09-29,2026-10-05,1
20260929,47149,Rutherford County,TN,0.00,100.00,100.00,12.95,0.00,0.00,2026-09-29,2026-10-05,1
20260929,47151,Scott County,TN,5.07,94.93,18.56,0.00,0.00,0.00,2026-09-29,2026-10-05,1
20260929,47153,Sequatchie County,TN,0.00,100.00,100.00,9.49,0.00,0.00,2026-09-29,2026-10-05,1
20260929,47155,Sevier County,TN,70.34,29.66,8.00,0.00,0.00,0.00,2026-09-29,2026-10-05,1
20260929,47157,Shelby County,TN,0.00,100.00,100.00,100.00,3.56,0.00,2026-09-29,2026-10-05,1
20260929,47159,Smith County,TN,0.00,100.00,100.00,0.00,0.00,0.00,2026-09-29,2026-10-05,1
20260929,47161,Stewart County,TN,0.00,100.00,31.67,0.00,0.00,0.00,2026-09-29,2026-10-05,1
20260929,47163,Sullivan County,TN,87.84,12.16,0.00,0.00,0.00,0.00,2026-09-29,2026-10-05,1
20260929,47165,Sumner County,TN,0.00,100.00,100.00,18.47,0.00,0.00,2026-09-29,2026-10-05,1
20260929,47167,Tipton County,TN,0.00,100.00,100.00,100.00,87.63,0.00,2026-09-29,2026-10-05,1
20260929,47169,Trousdale County,TN,0.00,100.00,100.00,0.00,0.00,0.00,2026-09-29,2026-10-05,1
20260929,47171,Unicoi County,TN,0.07,99.93,0.00,0.00,0.00,0.00,2026-09-29,2026-10-05,1
20260929,47173,Union County,TN,70.59,29.41,0.00,0.00,0.00,0.00,2026-09-29,2026-10-05,1
20260929,47175,Van Buren County,TN,0.00,100.00,79.94,7.77,0.00,0.00,2026-09-29,2026-10-05,1
20260929,47177,Warren County,TN,0.00,100.00,100.00,95.03,0.00,0.00,2026-09-29,2026-10-05,1
20260929,47179,Washington County,TN,52.74,47.26,0.00,0.00,0.00,0.00,2026-09-29,2026-10-05,1
20260929,47181,Wayne County,TN,0.00,100.00,100.00,99.99,23.61,0.00,2026-09-29,2026-10-05,1
20260929,47183,Weakley County,TN,42.35,57.65,0.00,0.00,0.00,0.00,2026-09-29,2026-10-05,1
20260929,47185,White County,TN,0.00,100.00,81.19,0.00,0.00,0.00,2026-09-29,2026-10-05,1
20260929,47187,Williamson County,TN,0.00,100.00,100.00,53.65,0.00,0.00,2026-09-29,2026-10-05,1
20260929,47189,Wilson County,TN,0.00,100.00,100.00,12.96,0.00,0.00,2026-09-29,2026-10-05,1
20260929,48001,Anderson County,TX,0.00,100.00,100.00,0.96,0.00,0.00,2026-09-29,2026-10-05,1
20260929,48003,Andrews County,TX,0.00,100.00,100.00,17.32,0.00,0.00,2026-09-29,2026-10-05,1
20260929,48005,Angelina County,TX,0.00,100.00,84.29,0.00,0.00,0.00,2026-09-29,2026-10-05,1
20260929,48007,Aransas County,TX,0.00,100.00,100.00,100.00,0.00,0.00,2026-09-29,2026-10-05,1
20260929,48009,Archer County,TX,0.00,100.00,100.00,100.00,99.92,0.00,2026-09-29,2026-10-05,1
20260929,48011,Armstrong County,TX,0.00,100.00,100.00,100.00,97.49,41.36,2026-09-29,2026-10-05,1
20260929,48013,Atascosa County,TX,0.00,100.00,100.00,100.00,0.00,0.00,2026-09-29,2026-10-05,1
20260929,48015,Austin County,TX,0.00,100.00,100.00,93.50,0.00,0.00,2026-09-29,2026-10-05,1
20260929,48017,Bailey County,TX,0.00,100.00,100.00,77.16,0.00,0.00,2026-09-29,2026-10-05,1
20260929,48019,Bandera County,TX,0.00,100.00,58.92,0.00,0.00,0.00,2026-09-29,2026-10-05,1
20260929,48021,Bastrop County,TX,0.00,100.00,100.00,100.00,23.20,0.00,2026-09-29,2026-10-05,1
20260929,48023,Baylor County,TX,0.00,100.00,100.00,100.00,89.86,0.00,2026-09-29,2026-10-05,1
20260929,48025,Bee County,TX,0.00,100.00,100.00,100.00,86.43,0.00,2026-09-29,2026-10-05,1
20260929,48027,Bell County,TX,0.00,100.00,100.00,100.00,50.50,0.00,2026-09-29,2026-10-05,1
20260929,48029,Bexar County,TX,0.00,100.00,100.00,45.37,0.00,0.00,2026-09-29,2026-10-05,1
20260929,48031,Blanco County,TX,0.00,100.00,62.48,2.00,0.00,0.00,2026-09-29,2026-10-05,1
20260929,48033,Borden County,TX,0.00,100.00,100.00,100.00,0.00,0.00,2026-09-29,2026-10-05,1
20260929,48035,Bosque County,TX,0.00,100.00,100.00,100.00,0.00,0.00,2026-09-29,2026-10-05,1
20260929,48037,Bowie County,TX,0.00,100.00,100.00,96.24,50.69,0.00,2026-09-29,2026-10-05,1
20260929,48039,Brazoria County,TX,0.00,100.00,95.62,0.00,0.00,0.00,2026-09-29,2026-10-05,1
20260929,48041,Brazos County,TX,0.00,100.00,100.00,95.72,0.00,0.00,2026-09-29,2026-10-05,1
20260929,48043,Brewster County,TX,0.00,100.00,100.00,14.84,0.00,0.00,2026-09-29,2026-10-05,1
20260929,48045,Briscoe County,TX,0.00,100.00,100.00,100.00,96.00,31.00,2026-09-29,2026-10-05,1
20260929,48047,Brooks County,TX,0.00,100.00,100.00,100.00,78.76,0.00,2026-09-29,2026-10-05,1
20260929,48049,Brown County,TX,0.00,100.00,100.00,98.00,0.00,0.00,2026-09-29,2026-10-05,1
20260929,48051,Burleson County,TX,0.00,100.00,100.00,100.00,9.76,0.00,2026-09-29,2026-10-05,1
20260929,48053,Burnet County,TX,0.00,100.00,100.00,5.82,0.00,0.00,2026-09-29,2026-10-05,1
20260929,48055,Caldwell County,TX,0.00,100.00,100.00,100.00,0.00,0.00,2026-09-29,2026-10-05,1
20260929,48057,Calhoun County,TX,0.00,100.00,100.00,34.76,0.00,0.00,2026-09-29,2026-10-05,1
20260929,48059,Callahan County,TX,0.00,100.00,100.00,14.45,4.71,0.00,2026-09-29,2026-10-05,1
20260929,48061,Cameron County,TX,0.00,100.00,100.00,100.00,100.00,59.17,2026-09-29,2026-10-05,1
20260929,48063,Camp County,TX,0.00,100.00,100.00,100.00,100.00,0.00,2026-09-29,2026-10-05,1
20260929,48065,Carson County,TX,0.00,100.00,100.00,100.00,99.91,3.04,2026-09-29,2026-10-05,1
20260929,48067,Cass County,TX,0.00,100.00,100.00,100.00,34.53,0.00,2026-09-29,2026-10-05,1
20260929,48069,Castro County,TX,0.00,100.00,100.00,100.00,0.55,0.00,2026-09-29,2026-10-05,1
20260929,48071,Chambers County,TX,0.00,100.00,69.44,0.00,0.00,0.00,2026-09-29,2026-10-05,1
20260929,48073,Cherokee County,TX,0.00,100.00,98.16,25.33,11.11,0.00,2026-09-29,2026-10-05,1
20260929,48075,Childress County,TX,0.00,100.00,100.00,100.00,36.78,0.00,2026-09-29,2026-10-05,1
20260929,48077,Clay County,TX,0.00,100.00,100.00,100.00,100.00,2.72,2026-09-29,2026-10-05,1
20260929,48079,Cochran County,TX,0.00,100.00,100.00,14.12,0.00,0.00,2026-09-29,2026-10-05,1
20260929,48081,Coke County,TX,0.00,100.00,100.00,100.00,0.00,0.00,2026-09-29,2026-10-05,1
20260929,48083,Coleman County,TX,0.00,100.00,100.00,96.84,0.00,0.00,2026-09-29,2026-10-05,1
20260929,48085,Collin County,TX,0.00,100.00,100.00,100.00,90.54,14.72,2026-09-29,2026-10-05,1
20260929,48087,Collingsworth County,TX,0.00,100.00,100.00,100.00,3.41,0.00,2026-09-29,2026-10-05,1
20260929,48089,Colorado County,TX,0.00,100.00,100.00,92.96,2.23,0.00,2026-09-29,2026-10-05,1
20260929,48091,Comal County,TX,0.00,100.00,100.00,18.53,0.00,0.00,2026-09-29,2026-10-05,1
20260929,48093,Comanche County,TX,0.00,100.00,100.00,100.00,8.43,0.00,2026-09-29,2026-10-05,1
20260929,48095,Concho County,TX,0.00,100.00,100.00,100.00,0.00,0.00,2026-09-29,2026-10-05,1
20260929,48097,Cooke County,TX,0.00,100.00,100.00,100.00,29.80,0.00,2026-09-29,2026-10-05,1
20260929,48099,Coryell County,TX,0.00,100.00,100.00,100.00,37.44,0.00,2026-09-29,2026-10-05,1
20260929,48101,Cottle County,TX,0.00,100.00,100.00,100.00,35.06,0.82,2026-09-29,2026-10-05,1
20260929,48103,Crane County,TX,0.00,100.00,88.82,70.35,55.55,0.00,2026-09-29,2026-10-05,1
20260929,48105,Crockett County,TX,0.00,100.00,99.56,26.53,0.00,0.00,2026-09-29,2026-10-05,1
20260929,48107,Crosby County,TX,0.00,100.00,100.00,100.00,40.44,0.00,2026-09-29,2026-10-05,1
20260929,48109,Culberson County,TX,0.00,100.00,100.00,1.55,0.00,0.00,2026-09-29,2026-10-05,1
20260929,48111,Dallam County,TX,0.00,100.00,100.00,100.00,11.60,0.00,2026-09-29,2026-10-05,1
20260929,48113,Dallas County,TX,0.00,100.00,100.00,100.00,100.00,68.14,2026-09-29,2026-10-05,1
20260929,48115,Dawson County,TX,0.00,100.00,100.00,97.60,0.00,0.00,2026-09-29,2026-10-05,1
20260929,48117,Deaf Smith County,TX,0.00,100.00,100.00,99.02,29.30,0.00,2026-09-29,2026-10-05,1
20260929,48119,Delta County,TX,0.00,100.00,100.00,100.00,100.00,0.00,2026-09-29,2026-10-05,1
20260929,48121,Denton County,TX,0.00,100.00,100.00,100.00,100.00,21.18,2026-09-29,2026-10-05,1
20260929,48123,DeWitt County,TX,0.00,100.00,100.00,100.00,56.72,0.00,2026-09-29,2026-10-05,1
20260929,48125,Dickens County,TX,0.00,100.00,100.00,100.00,100.00,32.59,2026-09-29,2026-10-05,1
20260929,48127,Dimmit County,TX,0.00,100.00,100.00,100.00,0.00,0.00,2026-09-29,2026-10-05,1
20260929,48129,Donley County,TX,0.00,100.00,100.00,100.00,57.17,19.02,2026-09-29,2026-10-05,1
20260929,48131,Duval County,TX,0.00,100.00,100.00,100.00,100.00,11.77,2026-09-29,2026-10-05,1
20260929,48133,Eastland County,TX,0.00,100.00,100.00,49.68,27.63,0.00,2026-09-29,2026-10-05,1
20260929,48135,Ector County,TX,0.00,100.00,100.00,100.00,34.72,0.00,2026-09-29,2026-10-05,1
20260929,48137,Edwards County,TX,47.56,52.44,8.17,0.00,0.00,0.00,2026-09-29,2026-10-05,1
20260929,48141,El Paso County,TX,22.60,77.40,18.92,0.00,0.00,0.00,2026-09-29,2026-10-05,1
20260929,48139,Ellis County,TX,0.00,100.00,100.00,100.00,78.51,13.37,2026-09-29,2026-10-05,1
20260929,48143,Erath County,TX,0.00,100.00,100.00,100.00,57.77,0.00,2026-09-29,2026-10-05,1
20260929,48145,Falls County,TX,0.00,100.00,100.00,100.00,24.05,0.00,2026-09-29,2026-10-05,1
20260929,48147,Fannin County,TX,0.00,100.00,100.00,100.00,100.00,4.55,2026-09-29,2026-10-05,1
20260929,48149,Fayette County,TX,0.00,100.00,100.00,100.00,19.71,0.00,2026-09-29,2026-10-05,1
20260929,48151,Fisher County,TX,0.00,100.00,100.00,100.00,0.00,0.00,2026-09-29,2026-10-05,1
20260929,48153,Floyd County,TX,0.00,100.00,100.00,100.00,68.50,0.00,2026-09-29,2026-10-05,1
20260929,48155,Foard County,TX,0.00,100.00,100.00,100.00,97.07,67.20,2026-09-29,2026-10-05,1
20260929,48157,Fort Bend County,TX,0.00,100.00,100.00,0.00,0.00,0.00,2026-09-29,2026-10-05,1
20260929,48159,Franklin County,TX,0.00,100.00,100.00,100.00,100.00,0.00,2026-09-29,2026-10-05,1
20260929,48161,Freestone County,TX,0.00,100.00,100.00,18.78,0.00,0.00,2026-09-29,2026-10-05,1
20260929,48163,Frio County,TX,0.00,100.00,100.00,100.00,0.00,0.00,2026-09-29,2026-10-05,1
20260929,48165,Gaines County,TX,0.00,100.00,100.00,2.72,0.00,0.00,2026-09-29,2026-10-05,1
20260929,48167,Galveston County,TX,0.00,100.00,27.01,0.00,0.00,0.00,2026-09-29,2026-10-05,1
20260929,48169,Garza County,TX,0.00,100.00,100.00,100.00,51.16,0.00,2026-09-29,2026-10-05,1
20260929,48171,Gillespie County,TX,0.00,100.00,16.16,0.00,0.00,0.00,2026-09-29,2026-10-05,1
20260929,48173,Glasscock County,TX,0.00,100.00,100.00,100.00,0.00,0.00,2026-09-29,2026-10-05,1
20260929,48175,Goliad County,TX,0.00,100.00,100.00,100.00,100.00,0.00,2026-09-29,2026-10-05,1
20260929,48177,Gonzales County,TX,0.00,100.00,100.00,100.00,21.64,0.00,2026-09-29,2026-10-05,1
20260929,48179,Gray County,TX,0.00,100.00,100.00,100.00,97.21,55.22,2026-09-29,2026-10-05,1
20260929,48181,Grayson County,TX,0.00,100.00,100.00,100.00,72.49,1.36,2026-09-29,2026-10-05,1
20260929,48183,Gregg County,TX,0.00,100.00,100.00,100.00,36.20,0.00,2026-09-29,2026-10-05,1
20260929,48185,Grimes County,TX,0.00,100.00,100.00,12.97,0.00,0.00,2026-09-29,2026-10-05,1
20260929,48187,Guadalupe County,TX,0.00,100.00,100.00,71.80,0.00,0.00,2026-09-29,2026-10-05,1
20260929,48189,Hale County,TX,0.00,100.00,100.00,100.00,0.00,0.00,2026-09-29,2026-10-05,1
20260929,48191,Hall County,TX,0.00,100.00,100.00,100.00,17.95,0.00,2026-09-29,2026-10-05,1
20260929,48193,Hamilton County,TX,0.00,100.00,100.00,100.00,0.00,0.00,2026-09-29,2026-10-05,1
20260929,48195,Hansford County,TX,0.00,100.00,100.00,100.00,69.76,45.20,2026-09-29,2026-10-05,1
20260929,48197,Hardeman County,TX,0.00,100.00,100.00,100.00,92.88,70.76,2026-09-29,2026-10-05,1
20260929,48199,Hardin County,TX,73.14,26.86,0.08,0.00,0.00,0.00,2026-09-29,2026-10-05,1
20260929,48201,Harris County,TX,0.00,100.00,100.00,0.00,0.00,0.00,2026-09-29,2026-10-05,1
20260929,48203,Harrison County,TX,0.00,100.00,100.00,100.00,98.12,0.00,2026-09-29,2026-10-05,1
20260929,48205,Hartley County,TX,0.00,100.00,100.00,100.00,12.43,0.00,2026-09-29,2026-10-05,1
20260929,48207,Haskell County,TX,0.00,100.00,100.00,100.00,38.84,0.00,2026-09-29,2026-10-05,1
20260929,48209,Hays County,TX,0.00,100.00,100.00,96.53,0.00,0.00,2026-09-29,2026-10-05,1
20260929,48211,Hemphill County,TX,0.00,100.00,100.00,100.00,73.81,0.00,2026-09-29,2026-10-05,1
20260929,48213,Henderson County,TX,0.00,100.00,100.00,53.23,0.80,0.00,2026-09-29,2026-10-05,1
20260929,48215,Hidalgo County,TX,0.00,100.00,100.00,100.00,53.84,0.00,2026-09-29,2026-10-05,1
20260929,48217,Hill County,TX,0.00,100.00,100.00,100.00,0.21,0.00,2026-09-29,2026-10-05,1
20260929,48219,Hockley County,TX,0.00,100.00,100.00,93.91,0.00,0.00,2026-09-29,2026-10-05,1
20260929,48221,Hood County,TX,0.00,100.00,100.00,100.00,97.48,58.54,2026-09-29,2026-10-05,1
20260929,48223,Hopkins County,TX,0.00,100.00,100.00,100.00,93.66,0.00,2026-09-29,2026-10-05,1
20260929,48225,Houston County,TX,0.00,100.00,79.35,0.00,0.00,0.00,2026-09-29,2026-10-05,1
20260929,48227,Howard County,TX,0.00,100.00,100.00,100.00,0.00,0.00,2026-09-29,2026-10-05,1
20260929,48229,Hudspeth County,TX,0.00,100.00,91.45,3.34,0.00,0.00,2026-09-29,2026-10-05,1
20260929,48231,Hunt County,TX,0.00,100.00,100.00,100.00,53.06,0.00,2026-09-29,2026-10-05,1
20260929,48233,Hutchinson County,TX,0.00,100.00,100.00,100.00,73.04,3.97,2026-09-29,2026-10-05,1
20260929,48235,Irion County,TX,0.00,100.00,100.00,100.00,0.00,0.00,2026-09-29,2026-10-05,1
20260929,48237,Jack County,TX,0.00,100.00,100.00,100.00,81.19,0.00,2026-09-29,2026-10-05,1
20260929,48239,Jackson County,TX,0.00,100.00,99.77,41.84,8.66,0.00,2026-09-29,2026-10-05,1
20260929,48241,Jasper County,TX,0.00,100.00,29.93,0.00,0.00,0.00,2026-09-29,2026-10-05,1
20260929,48243,Jeff Davis County,TX,0.00,100.00,69.31,1.71,0.00,0.00,2026-09-29,2026-10-05,1
20260929,48245,Jefferson County,TX,1.38,98.62,7.22,0.00,0.00,0.00,2026-09-29,2026-10-05,1
20260929,48247,Jim Hogg County,TX,0.00,100.00,100.00,100.00,29.84,0.00,2026-09-29,2026-10-05,1
20260929,48249,Jim Wells County,TX,0.00,100.00,100.00,100.00,100.00,1.85,2026-09-29,2026-10-05,1
20260929,48251,Johnson County,TX,0.00,100.00,100.00,100.00,62.22,4.47,2026-09-29,2026-10-05,1
20260929,48253,Jones County,TX,0.00,100.00,100.00,100.00,51.83,0.00,2026-09-29,2026-10-05,1
20260929,48255,Karnes County,TX,0.00,100.00,100.00,100.00,66.23,0.00,2026-09-29,2026-10-05,1
20260929,48257,Kaufman County,TX,0.00,100.00,100.00,100.00,76.73,10.79,2026-09-29,2026-10-05,1
20260929,48259,Kendall County,TX,0.00,100.00,100.00,0.00,0.00,0.00,2026-09-29,2026-10-05,1
20260929,48261,Kenedy County,TX,0.00,100.00,100.00,100.00,100.00,75.60,2026-09-29,2026-10-05,1
20260929,48263,Kent County,TX,0.00,100.00,100.00,100.00,62.59,0.00,2026-09-29,2026-10-05,1
20260929,48265,Kerr County,TX,0.08,99.92,27.23,0.00,0.00,0.00,2026-09-29,2026-10-05,1
20260929,48267,Kimble County,TX,0.00,100.00,3.28,0.00,0.00,0.00,2026-09-29,2026-10-05,1
20260929,48269,King County,TX,0.00,100.00,100.00,100.00,99.93,8.43,2026-09-29,2026-10-05,1
20260929,48271,Kinney County,TX,2.40,97.60,51.86,0.00,0.00,0.00,2026-09-29,2026-10-05,1
20260929,48273,Kleberg County,TX,0.00,100.00,100.00,100.00,99.60,0.36,2026-09-29,2026-10-05,1
20260929,48275,Knox County,TX,0.00,100.00,100.00,100.00,80.36,0.00,2026-09-29,2026-10-05,1
20260929,48283,La Salle County,TX,0.00,100.00,100.00,100.00,5.19,0.00,2026-09-29,2026-10-05,1
20260929,48277,Lamar County,TX,0.00,100.00,100.00,100.00,100.00,53.58,2026-09-29,2026-10-05,1
20260929,48279,Lamb County,TX,0.00,100.00,100.00,100.00,0.00,0.00,2026-09-29,2026-10-05,1
20260929,48281,Lampasas County,TX,0.00,100.00,100.00,72.64,0.00,0.00,2026-09-29,2026-10-05,1
20260929,48285,Lavaca County,TX,0.00,100.00,100.00,100.00,86.49,0.00,2026-09-29,2026-10-05,1
20260929,48287,Lee County,TX,0.00,100.00,100.00,100.00,56.03,0.00,2026-09-29,2026-10-05,1
20260929,48289,Leon County,TX,0.00,100.00,100.00,0.33,0.00,0.00,2026-09-29,2026-10-05,1
20260929,48291,Liberty County,TX,25.74,74.26,52.11,0.00,0.00,0.00,2026-09-29,2026-10-05,1
20260929,48293,Limestone County,TX,0.00,100.00,100.00,89.42,1.31,0.00,2026-09-29,2026-10-05,1
20260929,48295,Lipscomb County,TX,0.00,100.00,100.00,98.63,0.04,0.00,2026-09-29,2026-10-05,1
20260929,48297,Live Oak County,TX,0.00,100.00,100.00,100.00,72.74,0.00,2026-09-29,2026-10-05,1
20260929,48299,Llano County,TX,0.00,100.00,28.94,0.00,0.00,0.00,2026-09-29,2026-10-05,1
20260929,48301,Loving County,TX,0.00,100.00,100.00,27.30,1.35,0.00,2026-09-29,2026-10-05,1
20260929,48303,Lubbock County,TX,0.00,100.00,100.00,100.00,0.00,0.00,2026-09-29,2026-10-05,1
20260929,48305,Lynn County,TX,0.00,100.00,100.00,100.00,0.00,0.00,2026-09-29,2026-10-05,1
20260929,48313,Madison County,TX,0.00,100.00,100.00,41.41,0.00,0.00,2026-09-29,2026-10-05,1
20260929,48315,Marion County,TX,0.00,100.00,100.00,100.00,79.41,0.00,2026-09-29,2026-10-05,1
20260929,48317,Martin County,TX,0.00,100.00,100.00,96.01,0.00,0.00,2026-09-29,2026-10-05,1
20260929,48319,Mason County,TX,0.00,100.00,6.76,0.00,0.00,0.00,2026-09-29,2026-10-05,1
20260929,48321,Matagorda County,TX,0.00,100.00,100.00,0.00,0.00,0.00,2026-09-29,2026-10-05,1
20260929,48323,Maverick County,TX,0.00,100.00,100.00,80.58,0.00,0.00,2026-09-29,2026-10-05,1
20260929,48307,McCulloch County,TX,0.00,100.00,100.00,68.18,0.00,0.00,2026-09-29,2026-10-05,1
20260929,48309,McLennan County,TX,0.00,100.00,100.00,100.00,27.48,0.00,2026-09-29,2026-10-05,1
20260929,48311,McMullen County,TX,0.00,100.00,100.00,100.00,84.52,0.00,2026-09-29,2026-10-05,1
20260929,48325,Medina County,TX,0.00,100.00,99.91,25.33,0.00,0.00,2026-09-29,2026-10-05,1
20260929,48327,Menard County,TX,0.00,100.00,78.93,16.05,0.00,0.00,2026-09-29,2026-10-05,1
20260929,48329,Midland County,TX,0.00,100.00,100.00,100.00,0.00,0.00,2026-09-29,2026-10-05,1
20260929,48331,Milam County,TX,0.00,100.00,100.00,100.00,86.68,0.00,2026-09-29,2026-10-05,1
20260929,48333,Mills County,TX,0.00,100.00,100.00,100.00,0.00,0.00,2026-09-29,2026-10-05,1
20260929,48335,Mitchell County,TX,0.00,100.00,100.00,100.00,0.00,0.00,2026-09-29,2026-10-05,1
20260929,48337,Montague County,TX,0.00,100.00,100.00,100.00,100.00,0.00,2026-09-29,2026-10-05,1
20260929,48339,Montgomery County,TX,0.00,100.00,78.01,0.00,0.00,0.00,2026-09-29,2026-10-05,1
20260929,48341,Moore County,TX,0.00,100.00,100.00,100.00,23.75,0.00,2026-09-29,2026-10-05,1
20260929,48343,Morris County,TX,0.00,100.00,100.00,100.00,100.00,0.00,2026-09-29,2026-10-05,1
20260929,48345,Motley County,TX,0.00,100.00,100.00,100.00,69.52,11.13,2026-09-29,2026-10-05,1
20260929,48347,Nacogdoches County,TX,0.00,100.00,100.00,33.00,1.25,0.00,2026-09-29,2026-10-05,1
20260929,48349,Navarro County,TX,0.00,100.00,100.00,100.00,39.93,0.00,2026-09-29,2026-10-05,1
20260929,48351,Newton County,TX,0.00,100.00,85.34,18.30,0.00,0.00,2026-09-29,2026-10-05,1
20260929,48353,Nolan County,TX,0.00,100.00,100.00,100.00,0.00,0.00,2026-09-29,2026-10-05,1
20260929,48355,Nueces County,TX,0.00,100.00,100.00,100.00,91.72,12.38,2026-09-29,2026-10-05,1
20260929,48357,Ochiltree County,TX,0.00,100.00,100.00,100.00,83.07,42.34,2026-09-29,2026-10-05,1
20260929,48359,Oldham County,TX,0.00,100.00,100.00,100.00,30.93,0.00,2026-09-29,2026-10-05,1
20260929,48361,Orange County,TX,0.00,100.00,39.16,0.00,0.00,0.00,2026-09-29,2026-10-05,1
20260929,48363,Palo Pinto County,TX,0.00,100.00,100.00,100.00,0.00,0.00,2026-09-29,2026-10-05,1
20260929,48365,Panola County,TX,0.00,100.00,100.00,100.00,89.92,0.00,2026-09-29,2026-10-05,1
20260929,48367,Parker County,TX,0.00,100.00,100.00,100.00,77.99,0.00,2026-09-29,2026-10-05,1
20260929,48369,Parmer County,TX,0.00,100.00,100.00,78.94,0.00,0.00,2026-09-29,2026-10-05,1
20260929,48371,Pecos County,TX,0.00,100.00,51.41,2.71,0.00,0.00,2026-09-29,2026-10-05,1
20260929,48373,Polk County,TX,47.94,52.06,0.02,0.00,0.00,0.00,2026-09-29,2026-10-05,1
20260929,48375,Potter County,TX,0.00,100.00,100.00,100.00,17.00,0.00,2026-09-29,2026-10-05,1
20260929,48377,Presidio County,TX,0.00,100.00,94.00,51.75,0.00,0.00,2026-09-29,2026-10-05,1
20260929,48379,Rains County,TX,0.00,100.00,100.00,100.00,5.53,0.00,2026-09-29,2026-10-05,1
20260929,48381,Randall County,TX,0.00,100.00,100.00,100.00,56.14,0.00,2026-09-29,2026-10-05,1
20260929,48383,Reagan County,TX,0.00,100.00,100.00,100.00,13.84,0.00,2026-09-29,2026-10-05,1
20260929,48385,Real County,TX,37.24,62.76,0.00,0.00,0.00,0.00,2026-09-29,2026-10-05,1
20260929,48387,Red River County,TX,0.00,100.00,100.00,100.00,98.65,4.30,2026-09-29,2026-10-05,1
20260929,48389,Reeves County,TX,0.00,100.00,100.00,11.33,0.00,0.00,2026-09-29,2026-10-05,1
20260929,48391,Refugio County,TX,0.00,100.00,100.00,100.00,44.65,0.00,2026-09-29,2026-10-05,1
20260929,48393,Roberts County,TX,0.00,100.00,100.00,100.00,89.62,16.78,2026-09-29,2026-10-05,1
20260929,48395,Robertson County,TX,0.00,100.00,100.00,96.79,7.72,0.00,2026-09-29,2026-10-05,1
20260929,48397,Rockwall County,TX,0.00,100.00,100.00,100.00,43.39,0.00,2026-09-29,2026-10-05,1
20260929,48399,Runnels County,TX,0.00,100.00,100.00,100.00,0.00,0.00,2026-09-29,2026-10-05,1
20260929,48401,Rusk County,TX,0.00,100.00,100.00,100.00,78.27,0.00,2026-09-29,2026-10-05,1
20260929,48403,Sabine County,TX,0.00,100.00,100.00,86.90,0.00,0.00,2026-09-29,2026-10-05,1
20260929,48405,San Augustine County,TX,0.00,100.00,100.00,26.47,0.00,0.00,2026-09-29,2026-10-05,1
20260929,48407,San Jacinto County,TX,6.11,93.89,45.55,0.00,0.00,0.00,2026-09-29,2026-10-05,1
20260929,48409,San Patricio County,TX,0.00,100.00,100.00,100.00,77.43,0.00,2026-09-29,2026-10-05,1
20260929,48411,San Saba County,TX,0.00,100.00,100.00,77.06,0.00,0.00,2026-09-29,2026-10-05,1
20260929,48413,Schleicher County,TX,0.00,100.00,100.00,24.98,0.00,0.00,2026-09-29,2026-10-05,1
20260929,48415,Scurry County,TX,0.00,100.00,100.00,100.00,0.00,0.00,2026-09-29,2026-10-05,1
20260929,48417,Shackelford County,TX,0.00,100.00,100.00,94.49,60.27,0.00,2026-09-29,2026-10-05,1
20260929,48419,Shelby County,TX,0.00,100.00,100.00,100.00,1.87,0.00,2026-09-29,2026-10-05,1
20260929,48421,Sherman County,TX,0.00,100.00,100.00,99.62,0.00,0.00,2026-09-29,2026-10-05,1
20260929,48423,Smith County,TX,0.00,100.00,100.00,84.15,0.56,0.00,2026-09-29,2026-10-05,1
20260929,48425,Somervell County,TX,0.00,100.00,100.00,100.00,78.32,15.26,2026-09-29,2026-10-05,1
20260929,48427,Starr County,TX,0.00,100.00,100.00,100.00,0.00,0.00,2026-09-29,2026-10-05,1
20260929,48429,Stephens County,TX,0.00,100.00,100.00,99.55,20.69,0.00,2026-09-29,2026-10-05,1
20260929,48431,Sterling County,TX,0.00,100.00,100.00,100.00,0.00,0.00,2026-09-29,2026-10-05,1
20260929,48433,Stonewall County,TX,0.00,100.00,100.00,100.00,38.70,0.00,2026-09-29,2026-10-05,1
20260929,48435,Sutton County,TX,0.00,100.00,84.61,0.20,0.00,0.00,2026-09-29,2026-10-05,1
20260929,48437,Swisher County,TX,0.00,100.00,100.00,100.00,50.97,0.00,2026-09-29,2026-10-05,1
20260929,48439,Tarrant County,TX,0.00,100.00,100.00,100.00,100.00,5.31,2026-09-29,2026-10-05,1
20260929,48441,Taylor County,TX,0.00,100.00,100.00,100.00,10.03,0.00,2026-09-29,2026-10-05,1
20260929,48443,Terrell County,TX,0.00,100.00,99.61,62.17,0.00,0.00,2026-09-29,2026-10-05,1
20260929,48445,Terry County,TX,0.00,100.00,100.00,58.85,0.00,0.00,2026-09-29,2026-10-05,1
20260929,48447,Throckmorton County,TX,0.00,100.00,100.00,100.00,0.00,0.00,2026-09-29,2026-10-05,1
20260929,48449,Titus County,TX,0.00,100.00,100.00,100.00,100.00,0.00,2026-09-29,2026-10-05,1
20260929,48451,Tom Green County,TX,0.00,100.00,100.00,100.00,0.00,0.00,2026-09-29,2026-10-05,1
20260929,48453,Travis County,TX,0.00,100.00,100.00,95.44,37.51,0.00,2026-09-29,2026-10-05,1
20260929,48455,Trinity County,TX,0.00,100.00,28.00,0.00,0.00,0.00,2026-09-29,2026-10-05,1
20260929,48457,Tyler County,TX,32.26,67.74,0.00,0.00,0.00,0.00,2026-09-29,2026-10-05,1
20260929,48459,Upshur County,TX,0.00,100.00,100.00,100.00,79.29,0.00,2026-09-29,2026-10-05,1
20260929,48461,Upton County,TX,0.00,100.00,98.77,91.02,34.64,0.00,2026-09-29,2026-10-05,1
20260929,48463,Uvalde County,TX,0.00,100.00,61.62,0.23,0.00,0.00,2026-09-29,2026-10-05,1
20260929,48465,Val Verde County,TX,0.00,100.00,97.32,80.98,0.00,0.00,2026-09-29,2026-10-05,1
20260929,48467,Van Zandt County,TX,0.00,100.00,100.00,96.96,0.00,0.00,2026-09-29,2026-10-05,1
20260929,48469,Victoria County,TX,0.00,100.00,100.00,92.03,71.58,0.00,2026-09-29,2026-10-05,1
20260929,48471,Walker County,TX,0.00,100.00,100.00,5.17,0.00,0.00,2026-09-29,2026-10-05,1
20260929,48473,Waller County,TX,0.00,100.00,100.00,14.63,0.00,0.00,2026-09-29,2026-10-05,1
20260929,48475,Ward County,TX,0.00,100.00,100.00,98.17,41.03,0.00,2026-09-29,2026-10-05,1
20260929,48477,Washington County,TX,0.00,100.00,100.00,97.20,0.00,0.00,2026-09-29,2026-10-05,1
20260929,48479,Webb County,TX,0.00,100.00,100.00,100.00,9.74,0.00,2026-09-29,2026-10-05,1
20260929,48481,Wharton County,TX,0.00,100.00,100.00,13.31,0.00,0.00,2026-09-29,2026-10-05,1
20260929,48483,Wheeler County,TX,0.00,100.00,100.00,100.00,72.45,0.00,2026-09-29,2026-10-05,1
20260929,48485,Wichita County,TX,0.00,100.00,100.00,100.00,100.00,61.37,2026-09-29,2026-10-05,1
20260929,48487,Wilbarger County,TX,0.00,100.00,100.00,100.00,100.00,82.59,2026-09-29,2026-10-05,1
20260929,48489,Willacy County,TX,0.00,100.00,100.00,100.00,100.00,70.01,2026-09-29,2026-10-05,1
20260929,48491,Williamson County,TX,0.00,100.00,100.00,93.79,51.56,0.00,2026-09-29,2026-10-05,1
20260929,48493,Wilson County,TX,0.00,100.00,100.00,100.00,0.00,0.00,2026-09-29,2026-10-05,1
20260929,48495,Winkler County,TX,0.00,100.00,100.00,100.00,47.29,0.00,2026-09-29,2026-10-05,1
20260929,48497,Wise County,TX,0.00,100.00,100.00,100.00,100.00,0.00,2026-09-29,2026-10-05,1
20260929,48499,Wood County,TX,0.00,100.00,100.00,100.00,64.22,0.00,2026-09-29,2026-10-05,1
20260929,48501,Yoakum County,TX,0.00,100.00,100.00,0.00,0.00,0.00,2026-09-29,2026-10-05,1
20260929,48503,Young County,TX,0.00,100.00,100.00,100.00,10.77,0.00,2026-09-29,2026-10-05,1
20260929,48505,Zapata County,TX,0.00,100.00,100.00,100.00,0.00,0.00,2026-09-29,2026-10-05,1
20260929,48507,Zavala County,TX,0.00,100.00,100.00,83.49,0.00,0.00,2026-09-29,2026-10-05,1
20260929,49001,Beaver County,UT,0.00,100.00,100.00,100.00,0.04,0.00,2026-09-29,2026-10-05,1
20260929,49003,Box Elder County,UT,0.00,100.00,100.00,100.00,19.94,0.00,2026-09-29,2026-10-05,1
20260929,49005,Cache County,UT,0.00,100.00,100.00,35.97,0.33,0.00,2026-09-29,2026-10-05,1
20260929,49007,Carbon County,UT,0.00,100.00,100.00,100.00,0.00,0.00,2026-09-29,2026-10-05,1
20260929,49009,Daggett County,UT,0.00,100.00,100.00,0.00,0.00,0.00,2026-09-29,2026-10-05,1
20260929,49011,Davis County,UT,0.00,100.00,100.00,100.00,0.12,0.00,2026-09-29,2026-10-05,1
20260929,49013,Duchesne County,UT,0.00,100.00,100.00,55.25,0.00,0.00,2026-09-29,2026-10-05,1
20260929,49015,Emery County,UT,0.00,100.00,100.00,100.00,57.66,0.00,2026-09-29,2026-10-05,1
20260929,49017,Garfield County,UT,0.00,100.00,100.00,67.18,0.00,0.00,2026-09-29,2026-10-05,1
20260929,49019,Grand County,UT,0.00,100.00,100.00,100.00,42.68,0.00,2026-09-29,2026-10-05,1
20260929,49021,Iron County,UT,0.00,100.00,100.00,98.66,0.00,0.00,2026-09-29,2026-10-05,1
20260929,49023,Juab County,UT,0.00,100.00,100.00,100.00,72.41,0.00,2026-09-29,2026-10-05,1
20260929,49025,Kane County,UT,0.00,100.00,100.00,62.03,0.00,0.00,2026-09-29,2026-10-05,1
20260929,49027,Millard County,UT,0.00,100.00,100.00,100.00,57.34,0.00,2026-09-29,2026-10-05,1
20260929,49029,Morgan County,UT,0.00,100.00,100.00,23.55,0.00,0.00,2026-09-29,2026-10-05,1
20260929,49031,Piute County,UT,0.00,100.00,100.00,99.49,67.22,0.00,2026-09-29,2026-10-05,1
20260929,49033,Rich County,UT,0.00,100.00,100.00,0.00,0.00,0.00,2026-09-29,2026-10-05,1
20260929,49035,Salt Lake County,UT,0.00,100.00,100.00,100.00,0.40,0.00,2026-09-29,2026-10-05,1
20260929,49037,San Juan County,UT,0.00,100.00,100.00,100.00,0.00,0.00,2026-09-29,2026-10-05,1
20260929,49039,Sanpete County,UT,0.00,100.00,100.00,100.00,80.42,0.00,2026-09-29,2026-10-05,1
20260929,49041,Sevier County,UT,0.00,100.00,100.00,100.00,99.91,0.00,2026-09-29,2026-10-05,1
20260929,49043,Summit County,UT,0.00,100.00,100.00,11.56,0.00,0.00,2026-09-29,2026-10-05,1
20260929,49045,Tooele County,UT,0.00,100.00,100.00,100.00,52.11,0.00,2026-09-29,2026-10-05,1
20260929,49047,Uintah County,UT,0.00,100.00,100.00,46.59,0.19,0.00,2026-09-29,2026-10-05,1
20260929,49049,Utah County,UT,0.00,100.00,100.00,100.00,45.29,0.00,2026-09-29,2026-10-05,1
20260929,49051,Wasatch County,UT,0.00,100.00,100.00,99.28,0.00,0.00,2026-09-29,2026-10-05,1
20260929,49053,Washington County,UT,0.00,100.00,100.00,100.00,0.00,0.00,2026-09-29,2026-10-05,1
20260929,49055,Wayne County,UT,0.00,100.00,100.00,100.00,50.69,0.00,2026-09-29,2026-10-05,1
20260929,49057,Weber County,UT,0.00,100.00,100.00,66.33,0.01,0.00,2026-09-29,2026-10-05,1
20260929,50001,Addison County,VT,12.55,87.45,0.00,0.00,0.00,0.00,2026-09-29,2026-10-05,1
20260929,50003,Bennington County,VT,100.00,0.00,0.00,0.00,0.00,0.00,2026-09-29,2026-10-05,1
20260929,50005,Caledonia County,VT,0.00,100.00,98.67,0.00,0.00,0.00,2026-09-29,2026-10-05,1
20260929,50007,Chittenden County,VT,30.33,69.67,0.00,0.00,0.00,0.00,2026-09-29,2026-10-05,1
20260929,50009,Essex County,VT,0.00,100.00,49.63,0.00,0.00,0.00,2026-09-29,2026-10-05,1
20260929,50011,Franklin County,VT,0.00,100.00,0.00,0.00,0.00,0.00,2026-09-29,2026-10-05,1
20260929,50013,Grand Isle County,VT,0.00,100.00,0.00,0.00,0.00,0.00,2026-09-29,2026-10-05,1
20260929,50015,Lamoille County,VT,0.00,100.00,0.70,0.00,0.00,0.00,2026-09-29,2026-10-05,1
20260929,50017,Orange County,VT,0.00,100.00,82.11,0.00,0.00,0.00,2026-09-29,2026-10-05,1
20260929,50019,Orleans County,VT,0.00,100.00,74.76,0.00,0.00,0.00,2026-09-29,2026-10-05,1
20260929,50021,Rutland County,VT,93.85,6.15,0.00,0.00,0.00,0.00,2026-09-29,2026-10-05,1
20260929,50023,Washington County,VT,0.00,100.00,33.91,0.00,0.00,0.00,2026-09-29,2026-10-05,1
20260929,50025,Windham County,VT,99.39,0.61,0.00,0.00,0.00,0.00,2026-09-29,2026-10-05,1
20260929,50027,Windsor County,VT,39.01,60.99,0.00,0.00,0.00,0.00,2026-09-29,2026-10-05,1
20260929,51001,Accomack County,VA,0.00,100.00,13.76,0.00,0.00,0.00,2026-09-29,2026-10-05,1
20260929,51003,Albemarle County,VA,22.56,77.44,4.54,0.00,0.00,0.00,2026-09-29,2026-10-05,1
20260929,51510,Alexandria City,VA,0.00,100.00,0.00,0.00,0.00,0.00,2026-09-29,2026-10-05,1
20260929,51005,Alleghany County,VA,75.04,24.96,0.22,0.00,0.00,0.00,2026-09-29,2026-10-05,1
20260929,51007,Amelia County,VA,100.00,0.00,0.00,0.00,0.00,0.00,2026-09-29,2026-10-05,1
20260929,51009,Amherst County,VA,0.00,100.00,100.00,61.81,0.00,0.00,2026-09-29,2026-10-05,1
20260929,51011,Appomattox County,VA,0.00,100.00,100.00,50.31,0.00,0.00,2026-09-29,2026-10-05,1
20260929,51013,Arlington County,VA,0.00,100.00,0.00,0.00,0.00,0.00,2026-09-29,2026-10-05,1
20260929,51015,Augusta County,VA,0.00,100.00,80.64,0.00,0.00,0.00,2026-09-29,2026-10-05,1
20260929,51017,Bath County,VA,79.10,20.90,0.00,0.00,0.00,0.00,2026-09-29,2026-10-05,1
20260929,51019,Bedford County,VA,0.00,100.00,100.00,82.02,0.00,0.00,2026-09-29,2026-10-05,1
20260929,51021,Bland County,VA,77.76,22.24,0.00,0.00,0.00,0.00,2026-09-29,2026-10-05,1
20260929,51023,Botetourt County,VA,0.00,100.00,76.65,31.36,0.00,0.00,2026-09-29,2026-10-05,1
20260929,51520,Bristol City,VA,100.00,0.00,0.00,0.00,0.00,0.00,2026-09-29,2026-10-05,1
20260929,51025,Brunswick County,VA,0.03,99.97,70.30,57.63,1.69,0.00,2026-09-29,2026-10-05,1
20260929,51027,Buchanan County,VA,100.00,0.00,0.00,0.00,0.00,0.00,2026-09-29,2026-10-05,1
20260929,51029,Buckingham County,VA,22.63,77.37,20.32,0.00,0.00,0.00,2026-09-29,2026-10-05,1
20260929,51530,Buena Vista City,VA,0.00,100.00,100.00,0.00,0.00,0.00,2026-09-29,2026-10-05,1
20260929,51031,Campbell County,VA,0.00,100.00,100.00,100.00,33.73,0.00,2026-09-29,2026-10-05,1
20260929,51033,Caroline County,VA,98.96,1.04,0.00,0.00,0.00,0.00,2026-09-29,2026-10-05,1
20260929,51035,Carroll County,VA,0.51,99.49,35.50,0.00,0.00,0.00,2026-09-29,2026-10-05,1
20260929,51036,Charles City County,VA,87.52,12.48,0.00,0.00,0.00,0.00,2026-09-29,2026-10-05,1
20260929,51037,Charlotte County,VA,0.00,100.00,92.29,67.77,15.05,0.00,2026-09-29,2026-10-05,1
20260929,51540,Charlottesville City,VA,0.00,100.00,0.00,0.00,0.00,0.00,2026-09-29,2026-10-05,1
20260929,51550,Chesapeake City,VA,0.00,100.00,1.98,0.00,0.00,0.00,2026-09-29,2026-10-05,1
20260929,51041,Chesterfield County,VA,100.00,0.00,0.00,0.00,0.00,0.00,2026-09-29,2026-10-05,1
20260929,51043,Clarke County,VA,0.00,100.00,0.00,0.00,0.00,0.00,2026-09-29,2026-10-05,1
20260929,51570,Colonial Heights City,VA,100.00,0.00,0.00,0.00,0.00,0.00,2026-09-29,2026-10-05,1
20260929,51580,Covington City,VA,100.00,0.00,0.00,0.00,0.00,0.00,2026-09-29,2026-10-05,1
20260929,51045,Craig County,VA,0.00,100.00,11.56,0.00,0.00,0.00,2026-09-29,2026-10-05,1
20260929,51047,Culpeper County,VA,100.00,0.00,0.00,0.00,0.00,0.00,2026-09-29,2026-10-05,1
20260929,51049,Cumberland County,VA,100.00,0.00,0.00,0.00,0.00,0.00,2026-09-29,2026-10-05,1
20260929,51590,Danville City,VA,0.00,100.00,100.00,100.00,100.00,0.00,2026-09-29,2026-10-05,1
20260929,51051,Dickenson County,VA,100.00,0.00,0.00,0.00,0.00,0.00,2026-09-29,2026-10-05,1
20260929,51053,Dinwiddie County,VA,69.47,30.53,0.00,0.00,0.00,0.00,2026-09-29,2026-10-05,1
20260929,51595,Emporia City,VA,0.00,100.00,100.00,100.00,0.00,0.00,2026-09-29,2026-10-05,1
20260929,51057,Essex County,VA,23.98,76.02,0.00,0.00,0.00,0.00,2026-09-29,2026-10-05,1
20260929,51600,Fairfax City,VA,100.00,0.00,0.00,0.00,0.00,0.00,2026-09-29,2026-10-05,1
20260929,51059,Fairfax County,VA,50.41,49.59,0.00,0.00,0.00,0.00,2026-09-29,2026-10-05,1
20260929,51610,Falls Church City,VA,0.00,100.00,0.00,0.00,0.00,0.00,2026-09-29,2026-10-05,1
20260929,51061,Fauquier County,VA,60.75,39.25,0.00,0.00,0.00,0.00,2026-09-29,2026-10-05,1
20260929,51063,Floyd County,VA,0.00,100.00,11.44,0.00,0.00,0.00,2026-09-29,2026-10-05,1
20260929,51065,Fluvanna County,VA,65.73,34.27,0.00,0.00,0.00,0.00,2026-09-29,2026-10-05,1
20260929,51620,Franklin City,VA,0.00,100.00,100.00,0.00,0.00,0.00,2026-09-29,2026-10-05,1
20260929,51067,Franklin County,VA,0.00,100.00,82.39,0.78,0.00,0.00,2026-09-29,2026-10-05,1
20260929,51069,Frederick County,VA,1.11,98.89,0.00,0.00,0.00,0.00,2026-09-29,2026-10-05,1
20260929,51630,Fredericksburg City,VA,100.00,0.00,0.00,0.00,0.00,0.00,2026-09-29,2026-10-05,1
20260929,51640,Galax City,VA,0.00,100.00,0.00,0.00,0.00,0.00,2026-09-29,2026-10-05,1
20260929,51071,Giles County,VA,28.54,71.46,0.00,0.00,0.00,0.00,2026-09-29,2026-10-05,1
20260929,51073,Gloucester County,VA,11.47,88.53,0.71,0.00,0.00,0.00,2026-09-29,2026-10-05,1
20260929,51075,Goochland County,VA,100.00,0.00,0.00,0.00,0.00,0.00,2026-09-29,2026-10-05,1
20260929,51077,Grayson County,VA,14.04,85.96,1.30,0.00,0.00,0.00,2026-09-29,2026-10-05,1
20260929,51079,Greene County,VA,83.70,16.30,0.00,0.00,0.00,0.00,2026-09-29,2026-10-05,1
20260929,51081,Greensville County,VA,0.00,100.00,81.15,67.82,3.79,0.00,2026-09-29,2026-10-05,1
20260929,51083,Halifax County,VA,0.00,100.00,100.00,100.00,63.15,0.00,2026-09-29,2026-10-05,1
20260929,51650,Hampton City,VA,0.00,100.00,79.88,0.00,0.00,0.00,2026-09-29,2026-10-05,1
20260929,51085,Hanover County,VA,100.00,0.00,0.00,0.00,0.00,0.00,2026-09-29,2026-10-05,1
20260929,51660,Harrisonburg City,VA,0.00,100.00,100.00,0.00,0.00,0.00,2026-09-29,2026-10-05,1
20260929,51087,Henrico County,VA,100.00,0.00,0.00,0.00,0.00,0.00,2026-09-29,2026-10-05,1
20260929,51089,Henry County,VA,0.00,100.00,100.00,48.03,2.01,0.00,2026-09-29,2026-10-05,1
20260929,51091,Highland County,VA,83.63,16.37,0.00,0.00,0.00,0.00,2026-09-29,2026-10-05,1
20260929,51670,Hopewell City,VA,100.00,0.00,0.00,0.00,0.00,0.00,2026-09-29,2026-10-05,1
20260929,51093,Isle of Wight County,VA,0.00,100.00,33.76,0.00,0.00,0.00,2026-09-29,2026-10-05,1
20260929,51095,James City County,VA,29.72,70.28,0.00,0.00,0.00,0.00,2026-09-29,2026-10-05,1
20260929,51097,King and Queen County,VA,97.33,2.67,0.00,0.00,0.00,0.00,2026-09-29,2026-10-05,1
20260929,51099,King George County,VA,25.89,74.11,0.00,0.00,0.00,0.00,2026-09-29,2026-10-05,1
20260929,51101,King William County,VA,100.00,0.00,0.00,0.00,0.00,0.00,2026-09-29,2026-10-05,1
20260929,51103,Lancaster County,VA,13.14,86.86,0.00,0.00,0.00,0.00,2026-09-29,2026-10-05,1
20260929,51105,Lee County,VA,100.00,0.00,0.00,0.00,0.00,0.00,2026-09-29,2026-10-05,1
20260929,51678,Lexington City,VA,0.00,100.00,100.00,0.00,0.00,0.00,2026-09-29,2026-10-05,1
20260929,51107,Loudoun County,VA,0.00,100.00,36.59,0.00,0.00,0.00,2026-09-29,2026-10-05,1
20260929,51109,Louisa County,VA,100.00,0.00,0.00,0.00,0.00,0.00,2026-09-29,2026-10-05,1
20260929,51111,Lunenburg County,VA,11.06,88.94,47.66,9.74,0.00,0.00,2026-09-29,2026-10-05,1
20260929,51680,Lynchburg City,VA,0.00,100.00,100.00,100.00,0.00,0.00,2026-09-29,2026-10-05,1
20260929,51113,Madison County,VA,100.00,0.00,0.00,0.00,0.00,0.00,2026-09-29,2026-10-05,1
20260929,51683,Manassas City,VA,100.00,0.00,0.00,0.00,0.00,0.00,2026-09-29,2026-10-05,1
20260929,51685,Manassas Park City,VA,100.00,0.00,0.00,0.00,0.00,0.00,2026-09-29,2026-10-05,1
20260929,51690,Martinsville City,VA,0.00,100.00,100.00,14.34,0.00,0.00,2026-09-29,2026-10-05,1
20260929,51115,Mathews County,VA,0.00,100.00,78.40,0.00,0.00,0.00,2026-09-29,2026-10-05,1
20260929,51117,Mecklenburg County,VA,0.00,100.00,100.00,81.75,1.17,0.00,2026-09-29,2026-10-05,1
20260929,51119,Middlesex County,VA,63.40,36.60,0.29,0.00,0.00,0.00,2026-09-29,2026-10-05,1
20260929,51121,Montgomery County,VA,0.00,100.00,22.24,0.00,0.00,0.00,2026-09-29,2026-10-05,1
20260929,51125,Nelson County,VA,0.00,100.00,69.10,0.03,0.00,0.00,2026-09-29,2026-10-05,1
20260929,51127,New Kent County,VA,100.00,0.00,0.00,0.00,0.00,0.00,2026-09-29,2026-10-05,1
20260929,51700,Newport News City,VA,0.00,100.00,1.13,0.00,0.00,0.00,2026-09-29,2026-10-05,1
20260929,51710,Norfolk City,VA,0.00,100.00,99.20,0.00,0.00,0.00,2026-09-29,2026-10-05,1
20260929,51131,Northampton County,VA,0.00,100.00,100.00,0.00,0.00,0.00,2026-09-29,2026-10-05,1
20260929,51133,Northumberland County,VA,0.00,100.00,0.00,0.00,0.00,0.00,2026-09-29,2026-10-05,1
20260929,51720,Norton City,VA,100.00,0.00,0.00,0.00,0.00,0.00,2026-09-29,2026-10-05,1
20260929,51135,Nottoway County,VA,95.99,4.01,0.00,0.00,0.00,0.00,2026-09-29,2026-10-05,1
20260929,51137,Orange County,VA,100.00,0.00,0.00,0.00,0.00,0.00,2026-09-29,2026-10-05,1
20260929,51139,Page County,VA,18.72,81.28,7.22,0.00,0.00,0.00,2026-09-29,2026-10-05,1
20260929,51141,Patrick County,VA,0.00,100.00,99.88,7.87,0.00,0.00,2026-09-29,2026-10-05,1
20260929,51730,Petersburg City,VA,100.00,0.00,0.00,0.00,0.00,0.00,2026-09-29,2026-10-05,1
20260929,51143,Pittsylvania County,VA,0.00,100.00,100.00,98.55,68.48,0.00,2026-09-29,2026-10-05,1
20260929,51735,Poquoson City,VA,0.00,100.00,97.33,0.00,0.00,0.00,2026-09-29,2026-10-05,1
20260929,51740,Portsmouth City,VA,0.00,100.00,41.46,0.00,0.00,0.00,2026-09-29,2026-10-05,1
20260929,51145,Powhatan County,VA,100.00,0.00,0.00,0.00,0.00,0.00,2026-09-29,2026-10-05,1
20260929,51147,Prince Edward County,VA,79.32,20.68,13.12,0.02,0.00,0.00,2026-09-29,2026-10-05,1
20260929,51149,Prince George County,VA,48.28,51.72,0.00,0.00,0.00,0.00,2026-09-29,2026-10-05,1
20260929,51153,Prince William County,VA,71.17,28.83,0.00,0.00,0.00,0.00,2026-09-29,2026-10-05,1
20260929,51155,Pulaski County,VA,0.00,100.00,0.00,0.00,0.00,0.00,2026-09-29,2026-10-05,1
20260929,51750,Radford City,VA,0.00,100.00,0.00,0.00,0.00,0.00,2026-09-29,2026-10-05,1
20260929,51157,Rappahannock County,VA,94.90,5.10,0.00,0.00,0.00,0.00,2026-09-29,2026-10-05,1
20260929,51760,Richmond City,VA,100.00,0.00,0.00,0.00,0.00,0.00,2026-09-29,2026-10-05,1
20260929,51159,Richmond County,VA,0.00,100.00,0.00,0.00,0.00,0.00,2026-09-29,2026-10-05,1
20260929,51770,Roanoke City,VA,0.00,100.00,100.00,0.00,0.00,0.00,2026-09-29,2026-10-05,1
20260929,51161,Roanoke County,VA,0.00,100.00,100.00,0.00,0.00,0.00,2026-09-29,2026-10-05,1
20260929,51163,Rockbridge County,VA,0.00,100.00,93.86,7.93,0.00,0.00,2026-09-29,2026-10-05,1
20260929,51165,Rockingham County,VA,6.52,93.48,51.69,0.00,0.00,0.00,2026-09-29,2026-10-05,1
20260929,51167,Russell County,VA,100.00,0.00,0.00,0.00,0.00,0.00,2026-09-29,2026-10-05,1
20260929,51775,Salem City,VA,0.00,100.00,100.00,0.00,0.00,0.00,2026-09-29,2026-10-05,1
20260929,51169,Scott County,VA,100.00,0.00,0.00,0.00,0.00,0.00,2026-09-29,2026-10-05,1
20260929,51171,Shenandoah County,VA,0.00,100.00,0.00,0.00,0.00,0.00,2026-09-29,2026-10-05,1
20260929,51173,Smyth County,VA,98.67,1.33,0.00,0.00,0.00,0.00,2026-09-29,2026-10-05,1
20260929,51175,Southampton County,VA,0.00,100.00,100.00,76.61,0.00,0.00,2026-09-29,2026-10-05,1
20260929,51177,Spotsylvania County,VA,100.00,0.00,0.00,0.00,0.00,0.00,2026-09-29,2026-10-05,1
20260929,51179,Stafford County,VA,97.34,2.66,0.00,0.00,0.00,0.00,2026-09-29,2026-10-05,1
20260929,51790,Staunton City,VA,0.00,100.00,100.00,0.00,0.00,0.00,2026-09-29,2026-10-05,1
20260929,51800,Suffolk City,VA,0.00,100.00,11.55,0.00,0.00,0.00,2026-09-29,2026-10-05,1
20260929,51181,Surry County,VA,0.00,100.00,39.36,0.00,0.00,0.00,2026-09-29,2026-10-05,1
20260929,51183,Sussex County,VA,0.00,100.00,36.50,3.44,0.00,0.00,2026-09-29,2026-10-05,1
20260929,51185,Tazewell County,VA,100.00,0.00,0.00,0.00,0.00,0.00,2026-09-29,2026-10-05,1
20260929,51810,Virginia Beach City,VA,0.00,100.00,82.54,0.00,0.00,0.00,2026-09-29,2026-10-05,1
20260929,51187,Warren County,VA,1.15,98.85,0.00,0.00,0.00,0.00,2026-09-29,2026-10-05,1
20260929,51191,Washington County,VA,97.26,2.74,0.00,0.00,0.00,0.00,2026-09-29,2026-10-05,1
20260929,51820,Waynesboro City,VA,0.00,100.00,100.00,0.00,0.00,0.00,2026-09-29,2026-10-05,1
20260929,51193,Westmoreland County,VA,0.00,100.00,0.00,0.00,0.00,0.00,2026-09-29,2026-10-05,1
20260929,51830,Williamsburg City,VA,0.00,100.00,0.00,0.00,0.00,0.00,2026-09-29,2026-10-05,1
20260929,51840,Winchester City,VA,0.00,100.00,0.00,0.00,0.00,0.00,2026-09-29,2026-10-05,1
20260929,51195,Wise County,VA,100.00,0.00,0.00,0.00,0.00,0.00,2026-09-29,2026-10-05,1
20260929,51197,Wythe County,VA,65.03,34.97,0.00,0.00,0.00,0.00,2026-09-29,2026-10-05,1
20260929,51199,York County,VA,0.00,100.00,2.67,0.00,0.00,0.00,2026-09-29,2026-10-05,1
20260929,53001,Adams County,WA,0.00,100.00,100.00,18.18,0.00,0.00,2026-09-29,2026-10-05,1
20260929,53003,Asotin County,WA,0.00,100.00,100.00,100.00,0.00,0.00,2026-09-29,2026-10-05,1
20260929,53005,Benton County,WA,0.00,100.00,52.42,0.03,0.00,0.00,2026-09-29,2026-10-05,1
20260929,53007,Chelan County,WA,0.00,100.00,100.00,15.03,0.00,0.00,2026-09-29,2026-10-05,1
20260929,53009,Clallam County,WA,0.00,100.00,97.59,0.00,0.00,0.00,2026-09-29,2026-10-05,1
20260929,53011,Clark County,WA,0.00,100.00,0.00,0.00,0.00,0.00,2026-09-29,2026-10-05,1
20260929,53013,Columbia County,WA,0.00,100.00,100.00,54.39,0.00,0.00,2026-09-29,2026-10-05,1
20260929,53015,Cowlitz County,WA,4.05,95.95,0.00,0.00,0.00,0.00,2026-09-29,2026-10-05,1
20260929,53017,Douglas County,WA,0.00,100.00,100.00,0.00,0.00,0.00,2026-09-29,2026-10-05,1
20260929,53019,Ferry County,WA,0.00,100.00,100.00,29.22,0.00,0.00,2026-09-29,2026-10-05,1
20260929,53021,Franklin County,WA,0.00,100.00,100.00,0.35,0.00,0.00,2026-09-29,2026-10-05,1
20260929,53023,Garfield County,WA,0.00,100.00,100.00,69.17,0.00,0.00,2026-09-29,2026-10-05,1
20260929,53025,Grant County,WA,0.00,100.00,100.00,0.00,0.00,0.00,2026-09-29,2026-10-05,1
20260929,53027,Grays Harbor County,WA,66.07,33.93,0.00,0.00,0.00,0.00,2026-09-29,2026-10-05,1
20260929,53029,Island County,WA,0.00,100.00,0.00,0.00,0.00,0.00,2026-09-29,2026-10-05,1
20260929,53031,Jefferson County,WA,0.00,100.00,52.95,0.00,0.00,0.00,2026-09-29,2026-10-05,1
20260929,53033,King County,WA,0.00,100.00,14.83,0.00,0.00,0.00,2026-09-29,2026-10-05,1
20260929,53035,Kitsap County,WA,0.00,100.00,78.79,0.00,0.00,0.00,2026-09-29,2026-10-05,1
20260929,53037,Kittitas County,WA,0.00,100.00,86.28,0.00,0.00,0.00,2026-09-29,2026-10-05,1
20260929,53039,Klickitat County,WA,0.00,100.00,0.00,0.00,0.00,0.00,2026-09-29,2026-10-05,1
20260929,53041,Lewis County,WA,33.64,66.36,0.00,0.00,0.00,0.00,2026-09-29,2026-10-05,1
20260929,53043,Lincoln County,WA,0.00,100.00,100.00,39.70,0.00,0.00,2026-09-29,2026-10-05,1
20260929,53045,Mason County,WA,11.28,88.72,21.55,0.00,0.00,0.00,2026-09-29,2026-10-05,1
20260929,53047,Okanogan County,WA,0.00,100.00,100.00,87.38,39.92,0.00,2026-09-29,2026-10-05,1
20260929,53049,Pacific County,WA,100.00,0.00,0.00,0.00,0.00,0.00,2026-09-29,2026-10-05,1
20260929,53051,Pend Oreille County,WA,0.00,100.00,100.00,90.67,0.00,0.00,2026-09-29,2026-10-05,1
20260929,53053,Pierce County,WA,0.00,100.00,0.00,0.00,0.00,0.00,2026-09-29,2026-10-05,1
20260929,53055,San Juan County,WA,0.00,100.00,0.00,0.00,0.00,0.00,2026-09-29,2026-10-05,1
20260929,53057,Skagit County,WA,0.00,100.00,89.68,47.73,0.00,0.00,2026-09-29,2026-10-05,1
20260929,53059,Skamania County,WA,0.00,100.00,0.00,0.00,0.00,0.00,2026-09-29,2026-10-05,1
20260929,53061,Snohomish County,WA,0.00,100.00,63.74,3.05,0.00,0.00,2026-09-29,2026-10-05,1
20260929,53063,Spokane County,WA,0.00,100.00,100.00,100.00,45.96,0.00,2026-09-29,2026-10-05,1
20260929,53065,Stevens County,WA,0.00,100.00,100.00,16.74,0.00,0.00,2026-09-29,2026-10-05,1
20260929,53067,Thurston County,WA,67.03,32.97,0.00,0.00,0.00,0.00,2026-09-29,2026-10-05,1
20260929,53069,Wahkiakum County,WA,92.42,7.58,0.00,0.00,0.00,0.00,2026-09-29,2026-10-05,1
20260929,53071,Walla Walla County,WA,0.00,100.00,100.00,64.81,0.00,0.00,2026-09-29,2026-10-05,1
20260929,53073,Whatcom County,WA,0.00,100.00,99.36,61.90,0.00,0.00,2026-09-29,2026-10-05,1
20260929,53075,Whitman County,WA,0.00,100.00,100.00,83.02,0.00,0.00,2026-09-29,2026-10-05,1
20260929,53077,Yakima County,WA,0.00,100.00,16.52,0.00,0.00,0.00,2026-09-29,2026-10-05,1
20260929,54001,Barbour County,WV,100.00,0.00,0.00,0.00,0.00,0.00,2026-09-29,2026-10-05,1
20260929,54003,Berkeley County,WV,0.00,100.00,4.60,0.00,0.00,0.00,2026-09-29,2026-10-05,1
20260929,54005,Boone County,WV,100.00,0.00,0.00,0.00,0.00,0.00,2026-09-29,2026-10-05,1
20260929,54007,Braxton County,WV,100.00,0.00,0.00,0.00,0.00,0.00,2026-09-29,2026-10-05,1
20260929,54009,Brooke County,WV,100.00,0.00,0.00,0.00,0.00,0.00,2026-09-29,2026-10-05,1
20260929,54011,Cabell County,WV,100.00,0.00,0.00,0.00,0.00,0.00,2026-09-29,2026-10-05,1
20260929,54013,Calhoun County,WV,100.00,0.00,0.00,0.00,0.00,0.00,2026-09-29,2026-10-05,1
20260929,54015,Clay County,WV,100.00,0.00,0.00,0.00,0.00,0.00,2026-09-29,2026-10-05,1
20260929,54017,Doddridge County,WV,100.00,0.00,0.00,0.00,0.00,0.00,2026-09-29,2026-10-05,1
20260929,54019,Fayette County,WV,100.00,0.00,0.00,0.00,0.00,0.00,2026-09-29,2026-10-05,1
20260929,54021,Gilmer County,WV,100.00,0.00,0.00,0.00,0.00,0.00,2026-09-29,2026-10-05,1
20260929,54023,Grant County,WV,100.00,0.00,0.00,0.00,0.00,0.00,2026-09-29,2026-10-05,1
20260929,54025,Greenbrier County,WV,100.00,0.00,0.00,0.00,0.00,0.00,2026-09-29,2026-10-05,1
20260929,54027,Hampshire County,WV,85.12,14.88,0.00,0.00,0.00,0.00,2026-09-29,2026-10-05,1
20260929,54029,Hancock County,WV,100.00,0.00,0.00,0.00,0.00,0.00,2026-09-29,2026-10-05,1
20260929,54031,Hardy County,WV,81.73,18.27,0.00,0.00,0.00,0.00,2026-09-29,2026-10-05,1
20260929,54033,Harrison County,WV,100.00,0.00,0.00,0.00,0.00,0.00,2026-09-29,2026-10-05,1
20260929,54035,Jackson County,WV,100.00,0.00,0.00,0.00,0.00,0.00,2026-09-29,2026-10-05,1
20260929,54037,Jefferson County,WV,0.00,100.00,74.15,0.00,0.00,0.00,2026-09-29,2026-10-05,1
20260929,54039,Kanawha County,WV,100.00,0.00,0.00,0.00,0.00,0.00,2026-09-29,2026-10-05,1
20260929,54041,Lewis County,WV,100.00,0.00,0.00,0.00,0.00,0.00,2026-09-29,2026-10-05,1
20260929,54043,Lincoln County,WV,100.00,0.00,0.00,0.00,0.00,0.00,2026-09-29,2026-10-05,1
20260929,54045,Logan County,WV,100.00,0.00,0.00,0.00,0.00,0.00,2026-09-29,2026-10-05,1
20260929,54049,Marion County,WV,100.00,0.00,0.00,0.00,0.00,0.00,2026-09-29,2026-10-05,1
20260929,54051,Marshall County,WV,100.00,0.00,0.00,0.00,0.00,0.00,2026-09-29,2026-10-05,1
20260929,54053,Mason County,WV,100.00,0.00,0.00,0.00,0.00,0.00,2026-09-29,2026-10-05,1
20260929,54047,McDowell County,WV,100.00,0.00,0.00,0.00,0.00,0.00,2026-09-29,2026-10-05,1
20260929,54055,Mercer County,WV,100.00,0.00,0.00,0.00,0.00,0.00,2026-09-29,2026-10-05,1
20260929,54057,Mineral County,WV,100.00,0.00,0.00,0.00,0.00,0.00,2026-09-29,2026-10-05,1
20260929,54059,Mingo County,WV,100.00,0.00,0.00,0.00,0.00,0.00,2026-09-29,2026-10-05,1
20260929,54061,Monongalia County,WV,100.00,0.00,0.00,0.00,0.00,0.00,2026-09-29,2026-10-05,1
20260929,54063,Monroe County,WV,85.99,14.01,0.00,0.00,0.00,0.00,2026-09-29,2026-10-05,1
20260929,54065,Morgan County,WV,52.12,47.88,0.00,0.00,0.00,0.00,2026-09-29,2026-10-05,1
20260929,54067,Nicholas County,WV,100.00,0.00,0.00,0.00,0.00,0.00,2026-09-29,2026-10-05,1
20260929,54069,Ohio County,WV,100.00,0.00,0.00,0.00,0.00,0.00,2026-09-29,2026-10-05,1
20260929,54071,Pendleton County,WV,90.05,9.95,0.00,0.00,0.00,0.00,2026-09-29,2026-10-05,1
20260929,54073,Pleasants County,WV,100.00,0.00,0.00,0.00,0.00,0.00,2026-09-29,2026-10-05,1
20260929,54075,Pocahontas County,WV,100.00,0.00,0.00,0.00,0.00,0.00,2026-09-29,2026-10-05,1
20260929,54077,Preston County,WV,100.00,0.00,0.00,0.00,0.00,0.00,2026-09-29,2026-10-05,1
20260929,54079,Putnam County,WV,100.00,0.00,0.00,0.00,0.00,0.00,2026-09-29,2026-10-05,1
20260929,54081,Raleigh County,WV,100.00,0.00,0.00,0.00,0.00,0.00,2026-09-29,2026-10-05,1
20260929,54083,Randolph County,WV,100.00,0.00,0.00,0.00,0.00,0.00,2026-09-29,2026-10-05,1
20260929,54085,Ritchie County,WV,100.00,0.00,0.00,0.00,0.00,0.00,2026-09-29,2026-10-05,1
20260929,54087,Roane County,WV,100.00,0.00,0.00,0.00,0.00,0.00,2026-09-29,2026-10-05,1
20260929,54089,Summers County,WV,100.00,0.00,0.00,0.00,0.00,0.00,2026-09-29,2026-10-05,1
20260929,54091,Taylor County,WV,100.00,0.00,0.00,0.00,0.00,0.00,2026-09-29,2026-10-05,1
20260929,54093,Tucker County,WV,100.00,0.00,0.00,0.00,0.00,0.00,2026-09-29,2026-10-05,1
20260929,54095,Tyler County,WV,100.00,0.00,0.00,0.00,0.00,0.00,2026-09-29,2026-10-05,1
20260929,54097,Upshur County,WV,100.00,0.00,0.00,0.00,0.00,0.00,2026-09-29,2026-10-05,1
20260929,54099,Wayne County,WV,100.00,0.00,0.00,0.00,0.00,0.00,2026-09-29,2026-10-05,1
20260929,54101,Webster County,WV,100.00,0.00,0.00,0.00,0.00,0.00,2026-09-29,2026-10-05,1
20260929,54103,Wetzel County,WV,100.00,0.00,0.00,0.00,0.00,0.00,2026-09-29,2026-10-05,1
20260929,54105,Wirt County,WV,100.00,0.00,0.00,0.00,0.00,0.00,2026-09-29,2026-10-05,1
20260929,54107,Wood County,WV,100.00,0.00,0.00,0.00,0.00,0.00,2026-09-29,2026-10-05,1
20260929,54109,Wyoming County,WV,100.00,0.00,0.00,0.00,0.00,0.00,2026-09-29,2026-10-05,1
20260929,55001,Adams County,WI,100.00,0.00,0.00,0.00,0.00,0.00,2026-09-29,2026-10-05,1
20260929,55003,Ashland County,WI,0.00,100.00,100.00,99.20,98.05,51.49,2026-09-29,2026-10-05,1
20260929,55005,Barron County,WI,0.00,100.00,100.00,100.00,0.00,0.00,2026-09-29,2026-10-05,1
20260929,55007,Bayfield County,WI,0.00,100.00,100.00,100.00,100.00,50.25,2026-09-29,2026-10-05,1
20260929,55009,Brown County,WI,75.38,24.62,21.17,0.00,0.00,0.00,2026-09-29,2026-10-05,1
20260929,55011,Buffalo County,WI,53.69,46.31,37.26,9.68,0.00,0.00,2026-09-29,2026-10-05,1
20260929,55013,Burnett County,WI,0.00,100.00,100.00,100.00,61.73,0.00,2026-09-29,2026-10-05,1
20260929,55015,Calumet County,WI,100.00,0.00,0.00,0.00,0.00,0.00,2026-09-29,2026-10-05,1
20260929,55017,Chippewa County,WI,0.00,100.00,100.00,100.00,0.00,0.00,2026-09-29,2026-10-05,1
20260929,55019,Clark County,WI,0.00,100.00,100.00,15.38,0.00,0.00,2026-09-29,2026-10-05,1
20260929,55021,Columbia County,WI,100.00,0.00,0.00,0.00,0.00,0.00,2026-09-29,2026-10-05,1
20260929,55023,Crawford County,WI,100.00,0.00,0.00,0.00,0.00,0.00,2026-09-29,2026-10-05,1
20260929,55025,Dane County,WI,100.00,0.00,0.00,0.00,0.00,0.00,2026-09-29,2026-10-05,1
20260929,55027,Dodge County,WI,100.00,0.00,0.00,0.00,0.00,0.00,2026-09-29,2026-10-05,1
20260929,55029,Door County,WI,0.00,100.00,63.75,24.26,0.00,0.00,2026-09-29,2026-10-05,1
20260929,55031,Douglas County,WI,0.00,100.00,100.00,100.00,100.00,13.16,2026-09-29,2026-10-05,1
20260929,55033,Dunn County,WI,0.00,100.00,100.00,100.00,0.00,0.00,2026-09-29,2026-10-05,1
20260929,55035,Eau Claire County,WI,0.00,100.00,100.00,52.23,0.00,0.00,2026-09-29,2026-10-05,1
20260929,55037,Florence County,WI,0.00,100.00,100.00,100.00,100.00,0.00,2026-09-29,2026-10-05,1
20260929,55039,Fond du Lac County,WI,100.00,0.00,0.00,0.00,0.00,0.00,2026-09-29,2026-10-05,1
20260929,55041,Forest County,WI,0.00,100.00,100.00,81.71,50.22,0.00,2026-09-29,2026-10-05,1
20260929,55043,Grant County,WI,100.00,0.00,0.00,0.00,0.00,0.00,2026-09-29,2026-10-05,1
20260929,55045,Green County,WI,100.00,0.00,0.00,0.00,0.00,0.00,2026-09-29,2026-10-05,1
20260929,55047,Green Lake County,WI,100.00,0.00,0.00,0.00,0.00,0.00,2026-09-29,2026-10-05,1
20260929,55049,Iowa County,WI,100.00,0.00,0.00,0.00,0.00,0.00,2026-09-29,2026-10-05,1
20260929,55051,Iron County,WI,0.00,100.00,100.00,100.00,99.90,12.51,2026-09-29,2026-10-05,1
20260929,55053,Jackson County,WI,9.12,90.88,85.12,0.00,0.00,0.00,2026-09-29,2026-10-05,1
20260929,55055,Jefferson County,WI,100.00,0.00,0.00,0.00,0.00,0.00,2026-09-29,2026-10-05,1
20260929,55057,Juneau County,WI,99.88,0.12,0.00,0.00,0.00,0.00,2026-09-29,2026-10-05,1
20260929,55059,Kenosha County,WI,100.00,0.00,0.00,0.00,0.00,0.00,2026-09-29,2026-10-05,1
20260929,55061,Kewaunee County,WI,58.22,41.78,35.87,0.00,0.00,0.00,2026-09-29,2026-10-05,1
20260929,55063,La Crosse County,WI,100.00,0.00,0.00,0.00,0.00,0.00,2026-09-29,2026-10-05,1
20260929,55065,Lafayette County,WI,100.00,0.00,0.00,0.00,0.00,0.00,2026-09-29,2026-10-05,1
20260929,55067,Langlade County,WI,1.55,98.45,93.89,25.05,0.00,0.00,2026-09-29,2026-10-05,1
20260929,55069,Lincoln County,WI,0.00,100.00,100.00,97.01,0.00,0.00,2026-09-29,2026-10-05,1
20260929,55071,Manitowoc County,WI,100.00,0.00,0.00,0.00,0.00,0.00,2026-09-29,2026-10-05,1
20260929,55073,Marathon County,WI,13.51,86.49,83.35,0.64,0.00,0.00,2026-09-29,2026-10-05,1
20260929,55075,Marinette County,WI,0.00,100.00,100.00,82.24,17.54,0.00,2026-09-29,2026-10-05,1
20260929,55077,Marquette County,WI,100.00,0.00,0.00,0.00,0.00,0.00,2026-09-29,2026-10-05,1
20260929,55078,Menominee County,WI,92.08,7.92,1.95,0.00,0.00,0.00,2026-09-29,2026-10-05,1
20260929,55079,Milwaukee County,WI,100.00,0.00,0.00,0.00,0.00,0.00,2026-09-29,2026-10-05,1
20260929,55081,Monroe County,WI,92.99,7.01,1.82,0.00,0.00,0.00,2026-09-29,2026-10-05,1
20260929,55083,Oconto County,WI,1.79,98.21,95.57,0.00,0.00,0.00,2026-09-29,2026-10-05,1
20260929,55085,Oneida County,WI,0.00,100.00,100.00,100.00,83.58,0.00,2026-09-29,2026-10-05,1
20260929,55087,Outagamie County,WI,98.72,1.28,0.48,0.00,0.00,0.00,2026-09-29,2026-10-05,1
20260929,55089,Ozaukee County,WI,100.00,0.00,0.00,0.00,0.00,0.00,2026-09-29,2026-10-05,1
20260929,55091,Pepin County,WI,0.00,100.00,100.00,88.32,0.00,0.00,2026-09-29,2026-10-05,1
20260929,55093,Pierce County,WI,0.00,100.00,100.00,100.00,0.00,0.00,2026-09-29,2026-10-05,1
20260929,55095,Polk County,WI,0.00,100.00,100.00,100.00,0.00,0.00,2026-09-29,2026-10-05,1
20260929,55097,Portage County,WI,98.85,1.15,0.34,0.00,0.00,0.00,2026-09-29,2026-10-05,1
20260929,55099,Price County,WI,0.00,100.00,100.00,100.00,64.78,0.00,2026-09-29,2026-10-05,1
20260929,55101,Racine County,WI,100.00,0.00,0.00,0.00,0.00,0.00,2026-09-29,2026-10-05,1
20260929,55103,Richland County,WI,100.00,0.00,0.00,0.00,0.00,0.00,2026-09-29,2026-10-05,1
20260929,55105,Rock County,WI,100.00,0.00,0.00,0.00,0.00,0.00,2026-09-29,2026-10-05,1
20260929,55107,Rusk County,WI,0.00,100.00,100.00,100.00,16.91,0.00,2026-09-29,2026-10-05,1
20260929,55109,Saint Croix County,WI,0.00,100.00,100.00,100.00,0.00,0.00,2026-09-29,2026-10-05,1
20260929,55111,Sauk County,WI,100.00,0.00,0.00,0.00,0.00,0.00,2026-09-29,2026-10-05,1
20260929,55113,Sawyer County,WI,0.00,100.00,100.00,100.00,98.51,10.19,2026-09-29,2026-10-05,1
20260929,55115,Shawano County,WI,82.64,17.36,12.46,0.00,0.00,0.00,2026-09-29,2026-10-05,1
20260929,55117,Sheboygan County,WI,100.00,0.00,0.00,0.00,0.00,0.00,2026-09-29,2026-10-05,1
20260929,55119,Taylor County,WI,0.00,100.00,100.00,96.97,0.00,0.00,2026-09-29,2026-10-05,1
20260929,55121,Trempealeau County,WI,65.85,34.15,27.02,0.00,0.00,0.00,2026-09-29,2026-10-05,1
20260929,55123,Vernon County,WI,100.00,0.00,0.00,0.00,0.00,0.00,2026-09-29,2026-10-05,1
20260929,55125,Vilas County,WI,0.00,100.00,100.00,100.00,80.99,0.00,2026-09-29,2026-10-05,1
20260929,55127,Walworth County,WI,100.00,0.00,0.00,0.00,0.00,0.00,2026-09-29,2026-10-05,1
20260929,55129,Washburn County,WI,0.00,100.00,100.00,100.00,81.96,0.00,2026-09-29,2026-10-05,1
20260929,55131,Washington County,WI,100.00,0.00,0.00,0.00,0.00,0.00,2026-09-29,2026-10-05,1
20260929,55133,Waukesha County,WI,100.00,0.00,0.00,0.00,0.00,0.00,2026-09-29,2026-10-05,1
20260929,55135,Waupaca County,WI,100.00,0.00,0.00,0.00,0.00,0.00,2026-09-29,2026-10-05,1
20260929,55137,Waushara County,WI,100.00,0.00,0.00,0.00,0.00,0.00,2026-09-29,2026-10-05,1
20260929,55139,Winnebago County,WI,100.00,0.00,0.00,0.00,0.00,0.00,2026-09-29,2026-10-05,1
20260929,55141,Wood County,WI,55.99,44.01,35.09,0.00,0.00,0.00,2026-09-29,2026-10-05,1
20260929,56001,Albany County,WY,0.00,100.00,100.00,100.00,42.14,0.00,2026-09-29,2026-10-05,1
20260929,56003,Big Horn County,WY,0.00,100.00,100.00,76.76,33.16,0.00,2026-09-29,2026-10-05,1
20260929,56005,Campbell County,WY,0.00,100.00,100.00,89.46,62.36,0.00,2026-09-29,2026-10-05,1
20260929,56007,Carbon County,WY,0.00,100.00,100.00,71.03,7.12,0.00,2026-09-29,2026-10-05,1
20260929,56009,Converse County,WY,0.00,100.00,100.00,89.55,8.52,0.00,2026-09-29,2026-10-05,1
20260929,56011,Crook County,WY,0.00,100.00,100.00,99.92,41.11,0.00,2026-09-29,2026-10-05,1
20260929,56013,Fremont County,WY,0.00,100.00,90.22,53.26,8.42,0.00,2026-09-29,2026-10-05,1
20260929,56015,Goshen County,WY,0.00,100.00,100.00,100.00,26.50,0.00,2026-09-29,2026-10-05,1
20260929,56017,Hot Springs County,WY,0.00,100.00,100.00,100.00,89.14,0.00,2026-09-29,2026-10-05,1
20260929,56019,Johnson County,WY,0.00,100.00,100.00,92.44,74.65,0.00,2026-09-29,2026-10-05,1
20260929,56021,Laramie County,WY,0.00,100.00,100.00,93.41,47.23,0.00,2026-09-29,2026-10-05,1
20260929,56023,Lincoln County,WY,0.00,100.00,92.38,23.57,0.00,0.00,2026-09-29,2026-10-05,1
20260929,56025,Natrona County,WY,0.00,100.00,100.00,64.20,33.53,0.00,2026-09-29,2026-10-05,1
20260929,56027,Niobrara County,WY,0.00,100.00,100.00,42.20,0.00,0.00,2026-09-29,2026-10-05,1
20260929,56029,Park County,WY,0.00,100.00,57.35,41.88,9.86,0.00,2026-09-29,2026-10-05,1
20260929,56031,Platte County,WY,0.00,100.00,100.00,100.00,29.49,0.00,2026-09-29,2026-10-05,1
20260929,56033,Sheridan County,WY,0.00,100.00,100.00,40.75,0.00,0.00,2026-09-29,2026-10-05,1
20260929,56035,Sublette County,WY,0.00,100.00,41.90,13.12,0.00,0.00,2026-09-29,2026-10-05,1
20260929,56037,Sweetwater County,WY,0.00,100.00,100.00,33.66,0.00,0.00,2026-09-29,2026-10-05,1
20260929,56039,Teton County,WY,0.00,100.00,11.68,0.32,0.00,0.00,2026-09-29,2026-10-05,1
20260929,56041,Uinta County,WY,0.00,100.00,100.00,35.27,0.00,0.00,2026-09-29,2026-10-05,1
20260929,56043,Washakie County,WY,0.00,100.00,100.00,100.00,97.87,0.00,2026-09-29,2026-10-05,1
20260929,56045,Weston County,WY,0.00,100.00,100.00,23.26,5.73,0.00,2026-09-29,2026-10-05,1
20260929,11001,District of Columbia,DC,0.00,100.00,0.00,0.00,0.00,0.00,2026-09-29,2026-10-05,1
20260929,72001,Adjuntas Municipio,PR,44.87,55.13,26.22,0.34,0.00,0.00,2026-09-29,2026-10-05,1
20260929,72003,Aguada Municipio,PR,100.00,0.00,0.00,0.00,0.00,0.00,2026-09-29,2026-10-05,1
20260929,72005,Aguadilla Municipio,PR,100.00,0.00,0.00,0.00,0.00,0.00,2026-09-29,2026-10-05,1
20260929,72007,Aguas Buenas Municipio,PR,0.00,100.00,100.00,44.46,0.00,0.00,2026-09-29,2026-10-05,1
20260929,72009,Aibonito Municipio,PR,0.00,100.00,100.00,100.00,0.00,0.00,2026-09-29,2026-10-05,1
20260929,72011,Anasco Municipio,PR,100.00,0.00,0.00,0.00,0.00,0.00,2026-09-29,2026-10-05,1
20260929,72013,Arecibo Municipio,PR,100.00,0.00,0.00,0.00,0.00,0.00,2026-09-29,2026-10-05,1
20260929,72015,Arroyo Municipio,PR,0.00,100.00,0.00,0.00,0.00,0.00,2026-09-29,2026-10-05,1
20260929,72017,Barceloneta Municipio,PR,100.00,0.00,0.00,0.00,0.00,0.00,2026-09-29,2026-10-05,1
20260929,72019,Barranquitas Municipio,PR,0.00,100.00,100.00,93.61,0.00,0.00,2026-09-29,2026-10-05,1
20260929,72021,Bayamon Municipio,PR,0.00,100.00,100.00,41.79,0.00,0.00,2026-09-29,2026-10-05,1
20260929,72023,Cabo Rojo Municipio,PR,10.81,89.19,72.02,52.06,40.64,0.00,2026-09-29,2026-10-05,1
20260929,72025,Caguas Municipio,PR,0.00,100.00,81.46,0.00,0.00,0.00,2026-09-29,2026-10-05,1
20260929,72027,Camuy Municipio,PR,100.00,0.00,0.00,0.00,0.00,0.00,2026-09-29,2026-10-05,1
20260929,72029,Canovanas Municipio,PR,0.00,100.00,100.00,95.76,0.00,0.00,2026-09-29,2026-10-05,1
20260929,72031,Carolina Municipio,PR,0.00,100.00,100.00,18.35,0.00,0.00,2026-09-29,2026-10-05,1
20260929,72033,Catano Municipio,PR,0.00,100.00,100.00,6.48,0.00,0.00,2026-09-29,2026-10-05,1
20260929,72035,Cayey Municipio,PR,0.00,100.00,86.00,44.67,0.00,0.00,2026-09-29,2026-10-05,1
20260929,72037,Ceiba Municipio,PR,0.00,100.00,100.00,0.00,0.00,0.00,2026-09-29,2026-10-05,1
20260929,72039,Ciales Municipio,PR,82.62,17.38,9.32,0.00,0.00,0.00,2026-09-29,2026-10-05,1
20260929,72041,Cidra Municipio,PR,0.00,100.00,100.00,70.82,0.00,0.00,2026-09-29,2026-10-05,1
20260929,72043,Coamo Municipio,PR,0.00,100.00,100.00,98.01,1.15,0.00,2026-09-29,2026-10-05,1
20260929,72045,Comerio Municipio,PR,0.00,100.00,100.00,100.00,0.00,0.00,2026-09-29,2026-10-05,1
20260929,72047,Corozal Municipio,PR,17.16,82.84,35.92,4.08,0.00,0.00,2026-09-29,2026-10-05,1
20260929,72049,Culebra Municipio,PR,0.00,100.00,100.00,100.00,0.00,0.00,2026-09-29,2026-10-05,1
20260929,72051,Dorado Municipio,PR,0.00,100.00,77.04,17.27,0.00,0.00,2026-09-29,2026-10-05,1
20260929,72053,Fajardo Municipio,PR,0.00,100.00,79.40,0.62,0.00,0.00,2026-09-29,2026-10-05,1
20260929,72054,Florida Municipio,PR,100.00,0.00,0.00,0.00,0.00,0.00,2026-09-29,2026-10-05,1
20260929,72055,Guanica Municipio,PR,0.00,100.00,100.00,100.00,100.00,0.00,2026-09-29,2026-10-05,1
20260929,72057,Guayama Municipio,PR,0.00,100.00,59.85,0.13,0.00,0.00,2026-09-29,2026-10-05,1
20260929,72059,Guayanilla Municipio,PR,0.00,100.00,100.00,90.70,57.05,0.00,2026-09-29,2026-10-05,1
20260929,72061,Guaynabo Municipio,PR,0.00,100.00,100.00,0.00,0.00,0.00,2026-09-29,2026-10-05,1
20260929,72063,Gurabo Municipio,PR,0.00,100.00,100.00,0.00,0.00,0.00,2026-09-29,2026-10-05,1
20260929,72065,Hatillo Municipio,PR,100.00,0.00,0.00,0.00,0.00,0.00,2026-09-29,2026-10-05,1
20260929,72067,Hormigueros Municipio,PR,72.64,27.36,0.00,0.00,0.00,0.00,2026-09-29,2026-10-05,1
20260929,72069,Humacao Municipio,PR,0.00,100.00,100.00,0.00,0.00,0.00,2026-09-29,2026-10-05,1
20260929,72071,Isabela Municipio,PR,100.00,0.00,0.00,0.00,0.00,0.00,2026-09-29,2026-10-05,1
20260929,72073,Jayuya Municipio,PR,33.76,66.24,42.48,0.00,0.00,0.00,2026-09-29,2026-10-05,1
20260929,72075,Juana Diaz Municipio,PR,0.00,100.00,100.00,95.91,40.64,0.00,2026-09-29,2026-10-05,1
20260929,72077,Juncos Municipio,PR,0.00,100.00,100.00,1.55,0.00,0.00,2026-09-29,2026-10-05,1
20260929,72079,Lajas Municipio,PR,0.00,100.00,100.00,99.08,89.99,0.00,2026-09-29,2026-10-05,1
20260929,72081,Lares Municipio,PR,100.00,0.00,0.00,0.00,0.00,0.00,2026-09-29,2026-10-05,1
20260929,72083,Las Marias Municipio,PR,100.00,0.00,0.00,0.00,0.00,0.00,2026-09-29,2026-10-05,1
20260929,72085,Las Piedras Municipio,PR,0.00,100.00,100.00,0.00,0.00,0.00,2026-09-29,2026-10-05,1
20260929,72087,Loiza Municipio,PR,0.00,100.00,100.00,67.44,0.00,0.00,2026-09-29,2026-10-05,1
20260929,72089,Luquillo Municipio,PR,0.00,100.00,36.35,0.00,0.00,0.00,2026-09-29,2026-10-05,1
20260929,72091,Manati Municipio,PR,100.00,0.00,0.00,0.00,0.00,0.00,2026-09-29,2026-10-05,1
20260929,72093,Maricao Municipio,PR,96.66,3.34,0.00,0.00,0.00,0.00,2026-09-29,2026-10-05,1
20260929,72095,Maunabo Municipio,PR,0.00,100.00,0.00,0.00,0.00,0.00,2026-09-29,2026-10-05,1
20260929,72097,Mayaguez Municipio,PR,100.00,0.00,0.00,0.00,0.00,0.00,2026-09-29,2026-10-05,1
20260929,72099,Moca Municipio,PR,100.00,0.00,0.00,0.00,0.00,0.00,2026-09-29,2026-10-05,1
20260929,72101,Morovis Municipio,PR,90.16,9.84,0.00,0.00,0.00,0.00,2026-09-29,2026-10-05,1
20260929,72103,Naguabo Municipio,PR,0.00,100.00,100.00,0.00,0.00,0.00,2026-09-29,2026-10-05,1
20260929,72105,Naranjito Municipio,PR,0.00,100.00,100.00,96.25,0.00,0.00,2026-09-29,2026-10-05,1
20260929,72107,Orocovis Municipio,PR,0.78,99.22,78.84,0.10,0.00,0.00,2026-09-29,2026-10-05,1
20260929,72109,Patillas Municipio,PR,0.00,100.00,0.00,0.00,0.00,0.00,2026-09-29,2026-10-05,1
20260929,72111,Penuelas Municipio,PR,0.00,100.00,100.00,95.66,31.26,0.00,2026-09-29,2026-10-05,1
20260929,72113,Ponce Municipio,PR,0.00,100.00,100.00,85.79,39.23,0.00,2026-09-29,2026-10-05,1
20260929,72115,Quebradillas Municipio,PR,100.00,0.00,0.00,0.00,0.00,0.00,2026-09-29,2026-10-05,1
20260929,72117,Rincon Municipio,PR,100.00,0.00,0.00,0.00,0.00,0.00,2026-09-29,2026-10-05,1
20260929,72119,Rio Grande Municipio,PR,0.00,100.00,94.96,5.68,0.00,0.00,2026-09-29,2026-10-05,1
20260929,72121,Sabana Grande Municipio,PR,8.73,91.27,56.20,44.30,25.78,0.00,2026-09-29,2026-10-05,1
20260929,72123,Salinas Municipio,PR,0.00,100.00,100.00,94.17,30.69,0.00,2026-09-29,2026-10-05,1
20260929,72125,San German Municipio,PR,34.32,65.68,18.78,3.86,0.24,0.00,2026-09-29,2026-10-05,1
20260929,72127,San Juan Municipio,PR,0.00,100.00,100.00,0.00,0.00,0.00,2026-09-29,2026-10-05,1
20260929,72129,San Lorenzo Municipio,PR,0.00,100.00,58.81,0.00,0.00,0.00,2026-09-29,2026-10-05,1
20260929,72131,San Sebastian Municipio,PR,100.00,0.00,0.00,0.00,0.00,0.00,2026-09-29,2026-10-05,1
20260929,72133,Santa Isabel Municipio,PR,0.00,100.00,100.00,100.00,95.66,0.00,2026-09-29,2026-10-05,1
20260929,72135,Toa Alta Municipio,PR,0.00,100.00,88.40,68.78,0.00,0.00,2026-09-29,2026-10-05,1
20260929,72137,Toa Baja Municipio,PR,0.00,100.00,100.00,98.34,0.00,0.00,2026-09-29,2026-10-05,1
20260929,72139,Trujillo Alto Municipio,PR,0.00,100.00,100.00,0.00,0.00,0.00,2026-09-29,2026-10-05,1
20260929,72141,Utuado Municipio,PR,94.37,5.63,1.87,0.00,0.00,0.00,2026-09-29,2026-10-05,1
20260929,72143,Vega Alta Municipio,PR,51.46,48.54,0.00,0.00,0.00,0.00,2026-09-29,2026-10-05,1
20260929,72145,Vega Baja Municipio,PR,98.73,1.27,0.00,0.00,0.00,0.00,2026-09-29,2026-10-05,1
20260929,72147,Vieques Municipio,PR,0.00,100.00,100.00,100.00,15.52,0.00,2026-09-29,2026-10-05,1
20260929,72149,Villalba Municipio,PR,0.00,100.00,100.00,76.19,0.00,0.00,2026-09-29,2026-10-05,1
20260929,72151,Yabucoa Municipio,PR,0.00,100.00,33.07,0.00,0.00,0.00,2026-09-29,2026-10-05,1
20260929,72153,Yauco Municipio,PR,3.90,96.10,79.08,50.24,27.16,0.00,2026-09-29,2026-10-05,1
